# zh_cn reference table — GENERATED by mdk/tools/gen_zhcn_ref.py, git-tracked data source
# for the GT6ZhCn datagen provider (ADR 2026-09-06-p20-i18n-zhcn-pipeline §1.1).
#
# columns: kind<TAB>source<TAB>value<TAB>status
#   kind   material | itemgroup | mte | book | direct
#   source family rows: the dump key suffix verbatim (material Pascal internal / itemGroup
#          camel internal / mte numeric id) — the gt6 lang key is derived provider-side by
#          the single MaterialPrefixItem.snakeCase implementation, never here;
#          direct rows: the FINAL gt6 lang key (hand-entered in the script's table).
#   status auto   = dump copy with a translatable value;
#          review = pure-ASCII dump value, suspected untranslated — provider skips;
#          hand   = human translation (script HAND_TRANSLATIONS table + the
#                   task p27-lang-fix FAMILY_OVERRIDES family-row layer).
# filters: dropped ktfru/enchantment keys; duplicate keys: first occurrence wins.
#   mte rows are inert census data until the MTE ID-join subface lands (arch tasks.p20-arch-i18n).
#
direct	block.gt6.acacia_beam	金合欢木梁	hand
direct	block.gt6.acacia_beam_fireproof	金合欢木梁 (防火)	hand
direct	block.gt6.adamantium_anvil	艾德曼合金砧	hand
direct	block.gt6.arsenic_bronze_anvil	砷青铜砧	hand
direct	block.gt6.arsenic_copper_anvil	砷铜砧	hand
direct	block.gt6.awakened_draconium_anvil	觉醒龙砧	hand
direct	block.gt6.barrel_adamantium	艾德曼合金储罐	hand
direct	block.gt6.barrel_awakened_draconium	觉醒龙储罐	hand
direct	block.gt6.barrel_desh	戴斯储罐	hand
direct	block.gt6.barrel_draconium	龙储罐	hand
direct	block.gt6.barrel_efrine	绿晶储罐	hand
direct	block.gt6.barrel_gaia_spirit	盖亚储罐	hand
direct	block.gt6.barrel_infinity	无尽储罐	hand
direct	block.gt6.barrel_invar	殷钢储罐	hand
direct	block.gt6.barrel_logistics	物流储罐	hand
direct	block.gt6.barrel_manasteel	魔力钢储罐	hand
direct	block.gt6.barrel_metal	青铜储罐	hand
direct	block.gt6.barrel_netherite	下界合金储罐	hand
direct	block.gt6.barrel_plastic	塑料储罐	hand
direct	block.gt6.barrel_stainless_steel	不锈钢储罐	hand
direct	block.gt6.barrel_syrmorite	赛摩铜储罐	hand
direct	block.gt6.barrel_tantalum_hafnium_carbide	碳化钽铪储罐	hand
direct	block.gt6.barrel_thaumium	神秘锭储罐	hand
direct	block.gt6.barrel_titanium	钛储罐	hand
direct	block.gt6.barrel_tungsten	钨储罐	hand
direct	block.gt6.barrel_tungsten_alloy	钨合金储罐	hand
direct	block.gt6.barrel_tungstensteel	钨钢储罐	hand
direct	block.gt6.barrel_void_metal	虚空金属储罐	hand
direct	block.gt6.barrel_wood	木制储罐	hand
direct	block.gt6.battery_box_ev	电池箱 (EV)	hand
direct	block.gt6.battery_box_hv	电池箱 (HV)	hand
direct	block.gt6.battery_box_iv	电池箱 (IV)	hand
direct	block.gt6.battery_box_large_ev	大型电池箱 (EV)	hand
direct	block.gt6.battery_box_large_hv	大型电池箱 (HV)	hand
direct	block.gt6.battery_box_large_iv	大型电池箱 (IV)	hand
direct	block.gt6.battery_box_large_lv	大型电池箱 (LV)	hand
direct	block.gt6.battery_box_large_mv	大型电池箱 (MV)	hand
direct	block.gt6.battery_box_large_ulv	大型电池箱 (ULV)	hand
direct	block.gt6.battery_box_lv	电池箱 (LV)	hand
direct	block.gt6.battery_box_mv	电池箱 (MV)	hand
direct	block.gt6.battery_box_ulv	电池箱 (ULV)	hand
direct	block.gt6.bedrock_drill_head	基岩钻头	hand
direct	block.gt6.berry_bush	浆果丛	hand
direct	block.gt6.birch_beam	白桦木梁	hand
direct	block.gt6.birch_beam_fireproof	白桦木梁 (防火)	hand
direct	block.gt6.black_sand	黑沙	hand
direct	block.gt6.black_steel_anvil	黑钢砧	hand
direct	block.gt6.blackstone_anvil	黑石砧	hand
direct	block.gt6.blue_clay	蓝色粘土块	hand
direct	block.gt6.blue_mahoe_beam	高红槿梁	hand
direct	block.gt6.blue_mahoe_beam_fireproof	高红槿梁 (防火)	hand
direct	block.gt6.blue_mahoe_leaves	蓝梧桐树叶	hand
direct	block.gt6.blue_mahoe_log	蓝梧桐原木	hand
direct	block.gt6.blue_mahoe_planks	蓝梧桐木板	hand
direct	block.gt6.blue_mahoe_sapling	蓝梧桐树苗	hand
direct	block.gt6.blue_spruce_beam	北美云杉梁	hand
direct	block.gt6.blue_spruce_beam_fireproof	北美云杉梁 (防火)	hand
direct	block.gt6.blue_spruce_leaves	蓝云杉树叶	hand
direct	block.gt6.blue_spruce_log	蓝云杉原木	hand
direct	block.gt6.blue_spruce_planks	蓝云杉木板	hand
direct	block.gt6.blue_spruce_sapling	蓝云杉树苗	hand
direct	block.gt6.blue_steel_anvil	蓝钢砧	hand
direct	block.gt6.bookshelf_acacia	金合欢木书架	hand
direct	block.gt6.bookshelf_birch	白桦木书架	hand
direct	block.gt6.bookshelf_cherry	樱花木书架	hand
direct	block.gt6.bookshelf_crimson	绯红木书架	hand
direct	block.gt6.bookshelf_dark_oak	深色橡木书架	hand
direct	block.gt6.bookshelf_jungle	丛林木书架	hand
direct	block.gt6.bookshelf_mangrove	红树木书架	hand
direct	block.gt6.bookshelf_oak	橡木书架	hand
direct	block.gt6.bookshelf_spruce	云杉木书架	hand
direct	block.gt6.bookshelf_warped	诡异木书架	hand
direct	block.gt6.bottlecrate_acacia	金合欢木瓶箱	hand
direct	block.gt6.bottlecrate_birch	白桦木瓶箱	hand
direct	block.gt6.bottlecrate_cherry	樱花木瓶箱	hand
direct	block.gt6.bottlecrate_crimson	绯红木瓶箱	hand
direct	block.gt6.bottlecrate_dark_oak	深色橡木瓶箱	hand
direct	block.gt6.bottlecrate_jungle	丛林木瓶箱	hand
direct	block.gt6.bottlecrate_mangrove	红树木瓶箱	hand
direct	block.gt6.bottlecrate_oak	橡木瓶箱	hand
direct	block.gt6.bottlecrate_spruce	云杉木瓶箱	hand
direct	block.gt6.bottlecrate_warped	诡异木瓶箱	hand
direct	block.gt6.brick_burning_box	砖块燃烧室 (固体)	hand
direct	block.gt6.bronze_anvil	青铜砧	hand
direct	block.gt6.brown_clay	棕色粘土块	hand
direct	block.gt6.bucketometer	流体体积传感器(单位: 桶)	hand
direct	block.gt6.bumble_hive	熊蜂窝	hand
direct	block.gt6.bumbliary	黄蜂蜂箱	auto
direct	block.gt6.bumbliary_advanced	高级黄蜂蜂箱	auto
direct	block.gt6.cell_adamantium	艾德曼合金单元	hand
direct	block.gt6.cell_aluminium	铝单元	hand
direct	block.gt6.cell_amnesic_wax	遗忘蜜蜡单元	hand
direct	block.gt6.cell_awakened_draconium	觉醒龙单元	hand
direct	block.gt6.cell_bees_wax	蜂蜡单元	hand
direct	block.gt6.cell_desh	戴斯单元	hand
direct	block.gt6.cell_draconium	龙单元	hand
direct	block.gt6.cell_duranium_alloy	钍瑞铌合金单元	hand
direct	block.gt6.cell_efrine	绿晶单元	hand
direct	block.gt6.cell_elementium	源质钢单元	hand
direct	block.gt6.cell_gaia_spirit	盖亚之魂单元	hand
direct	block.gt6.cell_gold	金单元	hand
direct	block.gt6.cell_infinity	无尽单元	hand
direct	block.gt6.cell_invar	殷钢单元	hand
direct	block.gt6.cell_magic_wax	魔力蜂蜡单元	hand
direct	block.gt6.cell_manasteel	魔力钢单元	hand
direct	block.gt6.cell_netherite	下界合金单元	hand
direct	block.gt6.cell_palladium	钯单元	hand
direct	block.gt6.cell_paraffin_wax	石蜡单元	hand
direct	block.gt6.cell_plant_wax	植物蜡单元	hand
direct	block.gt6.cell_plastic	塑料单元	hand
direct	block.gt6.cell_refractory_wax	耐高温蜡单元	hand
direct	block.gt6.cell_soulful_wax	灵魂蜜蜡单元	hand
direct	block.gt6.cell_stainless_steel	不锈钢单元	hand
direct	block.gt6.cell_syrmorite	赛摩铜单元	hand
direct	block.gt6.cell_tantalum_hafnium_carbide	碳化钽铪单元	hand
direct	block.gt6.cell_terrasteel	泰拉钢单元	hand
direct	block.gt6.cell_thaumium	神秘锭单元	hand
direct	block.gt6.cell_tin	锡单元	hand
direct	block.gt6.cell_tin_alloy	锡合金单元	hand
direct	block.gt6.cell_titanium	钛单元	hand
direct	block.gt6.cell_trinitanium	特林钛合金单元	hand
direct	block.gt6.cell_trinium	特林金属单元	hand
direct	block.gt6.cell_tungsten	钨单元	hand
direct	block.gt6.cell_tungsten_alloy	钨合金单元	hand
direct	block.gt6.cell_tungsten_carbide	碳化钨单元	hand
direct	block.gt6.cell_tungstensteel	钨钢单元	hand
direct	block.gt6.cell_void	虚空金属单元	hand
direct	block.gt6.cell_wax	蜡单元	hand
direct	block.gt6.cell_workers_alloy	工人合金单元	hand
direct	block.gt6.centrifuge_part	大型离心机部件	hand
direct	block.gt6.ceramic_jug	陶杯	hand
direct	block.gt6.cfoam	建筑泡沫	hand
direct	block.gt6.cfoam_fresh	新鲜建筑泡沫	hand
direct	block.gt6.cfoam_fresh_slab	新鲜建筑泡沫台阶	hand
direct	block.gt6.cfoam_owned	强化建筑泡沫	hand
direct	block.gt6.cfoam_slab	建筑泡沫台阶	hand
direct	block.gt6.chronometer	精确时间传感器	hand
direct	block.gt6.cinnamon_beam	肉桂梁	hand
direct	block.gt6.cinnamon_beam_fireproof	肉桂梁 (防火)	hand
direct	block.gt6.cinnamon_leaves	肉桂树叶	hand
direct	block.gt6.cinnamon_log	肉桂原木	hand
direct	block.gt6.cinnamon_planks	肉桂木板	hand
direct	block.gt6.cinnamon_sapling	肉桂树苗	hand
direct	block.gt6.co2_laser	CO2激光器 (LV)	hand
direct	block.gt6.co2_laser_t2	CO2激光器 (MV)	hand
direct	block.gt6.co2_laser_t3	CO2激光器 (HV)	hand
direct	block.gt6.co2_laser_t4	CO2激光器 (EV)	hand
direct	block.gt6.co2_laser_t5	CO2激光器 (IV)	hand
direct	block.gt6.coconut_beam	椰子树木梁	hand
direct	block.gt6.coconut_beam_fireproof	椰子树木梁 (防火)	hand
direct	block.gt6.coconut_leaves	椰子树树叶	hand
direct	block.gt6.coconut_log	椰子树原木	hand
direct	block.gt6.coconut_planks	椰子树木板	hand
direct	block.gt6.coconut_sapling	椰子树树苗	hand
direct	block.gt6.crank	手摇曲柄	hand
direct	block.gt6.crate	板条箱木板	hand
direct	block.gt6.crucible_adamantium	大型艾德曼合金坩埚	hand
direct	block.gt6.crucible_invar	大型殷钢坩埚	hand
direct	block.gt6.crucible_stainless_steel	大型不锈钢坩埚	hand
direct	block.gt6.crucible_steel	大型钢坩埚	hand
direct	block.gt6.crucible_steel_wall	钢壁板	hand
direct	block.gt6.crucible_tantalum_hafnium_carbide	大型碳化钽铪坩埚	hand
direct	block.gt6.crucible_titanium	大型钛坩埚	hand
direct	block.gt6.crucible_tungsten	大型钨坩埚	hand
direct	block.gt6.crucible_tungstensteel	大型钨钢坩埚	hand
direct	block.gt6.crusher	破碎机	hand
direct	block.gt6.crusher_wheels	破碎机辊轮	hand
direct	block.gt6.cryo_distillation_tower	低温蒸馏塔	hand
direct	block.gt6.crystal_charger	晶体充能器 (T0)	hand
direct	block.gt6.crystal_charger_large	大型晶体充能器 (T0)	hand
direct	block.gt6.crystal_charger_large_t10	大型晶体充能器 (T9)	hand
direct	block.gt6.crystal_charger_large_t2	大型晶体充能器 (T1)	hand
direct	block.gt6.crystal_charger_large_t3	大型晶体充能器 (T2)	hand
direct	block.gt6.crystal_charger_large_t4	大型晶体充能器 (T3)	hand
direct	block.gt6.crystal_charger_large_t5	大型晶体充能器 (T4)	hand
direct	block.gt6.crystal_charger_large_t6	大型晶体充能器 (T5)	hand
direct	block.gt6.crystal_charger_large_t7	大型晶体充能器 (T6)	hand
direct	block.gt6.crystal_charger_large_t8	大型晶体充能器 (T7)	hand
direct	block.gt6.crystal_charger_large_t9	大型晶体充能器 (T8)	hand
direct	block.gt6.crystal_charger_t10	晶体充能器 (T9)	hand
direct	block.gt6.crystal_charger_t2	晶体充能器 (T1)	hand
direct	block.gt6.crystal_charger_t3	晶体充能器 (T2)	hand
direct	block.gt6.crystal_charger_t4	晶体充能器 (T3)	hand
direct	block.gt6.crystal_charger_t5	晶体充能器 (T4)	hand
direct	block.gt6.crystal_charger_t6	晶体充能器 (T5)	hand
direct	block.gt6.crystal_charger_t7	晶体充能器 (T6)	hand
direct	block.gt6.crystal_charger_t8	晶体充能器 (T7)	hand
direct	block.gt6.crystal_charger_t9	晶体充能器 (T8)	hand
direct	block.gt6.dark_oak_beam	深色橡木梁	hand
direct	block.gt6.dark_oak_beam_fireproof	深色橡木梁 (防火)	hand
direct	block.gt6.darkwood_beam	黑树梁	hand
direct	block.gt6.darkwood_beam_fireproof	黑树梁 (防火)	hand
direct	block.gt6.dead_log	枯原木	hand
direct	block.gt6.desh_anvil	戴斯砧	hand
direct	block.gt6.distill_part	蒸馏塔壁	hand
direct	block.gt6.distillation_tower	蒸馏塔	hand
direct	block.gt6.draconium_anvil	龙砧	hand
direct	block.gt6.drawer_bronze	青铜四格抽屉	hand
direct	block.gt6.drawer_steel	钢四格抽屉	hand
direct	block.gt6.efrine_anvil	绿晶砧	hand
direct	block.gt6.electric_dynamo	发电机 (LV)	hand
direct	block.gt6.electric_dynamo_t2	发电机 (MV)	hand
direct	block.gt6.electric_dynamo_t3	发电机 (HV)	hand
direct	block.gt6.electric_dynamo_t4	发电机 (EV)	hand
direct	block.gt6.electric_dynamo_t5	发电机 (IV)	hand
direct	block.gt6.electric_dynamo_ulv	发电机 (ULV)	hand
direct	block.gt6.electric_engine	电动引擎 (LV)	hand
direct	block.gt6.electric_engine_t2	电动引擎 (MV)	hand
direct	block.gt6.electric_engine_t3	电动引擎 (HV)	hand
direct	block.gt6.electric_engine_t4	电动引擎 (EV)	hand
direct	block.gt6.electric_engine_t5	电动引擎 (IV)	hand
direct	block.gt6.electric_heater	电力加热器 (LV)	hand
direct	block.gt6.electric_heater_t2	电力加热器 (MV)	hand
direct	block.gt6.electric_heater_t3	电力加热器 (HV)	hand
direct	block.gt6.electric_heater_t4	电力加热器 (EV)	hand
direct	block.gt6.electric_heater_t5	电力加热器 (IV)	hand
direct	block.gt6.electric_motor	电动机 (LV)	hand
direct	block.gt6.electric_motor_t2	电动机 (MV)	hand
direct	block.gt6.electric_motor_t3	电动机 (HV)	hand
direct	block.gt6.electric_motor_t4	电动机 (EV)	hand
direct	block.gt6.electric_motor_t5	电动机 (IV)	hand
direct	block.gt6.electric_transformer	变压器 (ULV-LV)	hand
direct	block.gt6.electric_transformer_t2	变压器 (LV-MV)	hand
direct	block.gt6.electric_transformer_t3	变压器 (MV-HV)	hand
direct	block.gt6.electric_transformer_t4	变压器 (HV-EV)	hand
direct	block.gt6.electric_transformer_t5	变压器 (EV-IV)	hand
direct	block.gt6.electric_transformer_t6	变压器 (IV-LuV)	hand
direct	block.gt6.electric_transformer_t7	变压器 (LuV-ZPM)	hand
direct	block.gt6.electric_transformer_t8	变压器 (ZPM-UV)	hand
direct	block.gt6.electric_transformer_t9	变压器 (UV-PUV1)	hand
direct	block.gt6.electrolyzer_part	电解器部件	hand
direct	block.gt6.electrometer	静电计传感器	hand
direct	block.gt6.energy_source	测试能源	hand
direct	block.gt6.example_chest	GT 示例箱子	hand
direct	block.gt6.fe_battery	FE 测试电池	hand
direct	block.gt6.fe_converter	FE 转换机	hand
direct	block.gt6.fe_source	FE 测试源	hand
direct	block.gt6.fiery_steel_anvil	炙热钢砧	hand
direct	block.gt6.flower_alpine_catchfly	瑞典蝇子草	hand
direct	block.gt6.flower_altered_andesite_buckwheat	粗壮绒毛蓼	hand
direct	block.gt6.flower_copper_plant	铁苋菜	hand
direct	block.gt6.flower_crosby_buckwheat	克罗斯比绒毛蓼	hand
direct	block.gt6.flower_desert_trumpet	袋状绒毛蓼	hand
direct	block.gt6.flower_four_wing_saltbush	四翅滨藜	hand
direct	block.gt6.flower_hexalily	黑克斯百合	hand
direct	block.gt6.flower_narcissus_sheldonia	谢尔登水仙花	hand
direct	block.gt6.flower_orechid	凝矿兰	hand
direct	block.gt6.flower_pandanus_candelabrum	露兜树	hand
direct	block.gt6.flower_princes_plume	荒漠圆锥花	hand
direct	block.gt6.flower_sagebrush	三齿蒿	hand
direct	block.gt6.flower_thlaspi_lereschianum	勒雷舍遏蓝菜	hand
direct	block.gt6.flower_thompsons_locoweed	软毛黄芪	hand
direct	block.gt6.flower_tufted_evening_primrose	丛生月见草	hand
direct	block.gt6.flower_tungstus	仙人钨掌	hand
direct	block.gt6.flower_vindicator_flower	卫道士花	hand
direct	block.gt6.flower_viola_calaminaria	卡拉明堇菜	hand
direct	block.gt6.fluid_spring	液体泉	hand
direct	block.gt6.fluidometer	流体体积传感器(单位: 升)	hand
direct	block.gt6.flux_dynamo	红石通量发电机 (铅)	hand
direct	block.gt6.flux_dynamo_t2	红石通量发电机 (殷钢)	hand
direct	block.gt6.flux_dynamo_t3	红石通量发电机 (琥珀金)	hand
direct	block.gt6.flux_dynamo_t4	红石通量发电机 (末影粗胚)	hand
direct	block.gt6.flux_dynamo_t5	红石通量发电机 (末影)	hand
direct	block.gt6.frozen_log	冰冻原木	hand
direct	block.gt6.fusion_reactor	聚变反应堆	hand
direct	block.gt6.gaia_spirit_anvil	盖亚之魂砧	hand
direct	block.gt6.gas_cylinder_stainless_steel	不锈钢制计压瓶	hand
direct	block.gt6.gas_cylinder_steel	钢制计压瓶	hand
direct	block.gt6.gas_cylinder_tantalum_hafnium_carbide	碳化钽铪制计压瓶	hand
direct	block.gt6.gas_cylinder_tungsten	钨制计压瓶	hand
direct	block.gt6.gas_turbine_graphene	石墨烯燃气涡轮主外壳	hand
direct	block.gt6.gas_turbine_magnalium	镁铝合金燃气涡轮主外壳	hand
direct	block.gt6.gas_turbine_trinitanium	特林钛合金燃气涡轮主外壳	hand
direct	block.gt6.gas_turbine_vibramantium	艾德曼振金燃气涡轮主外壳	hand
direct	block.gt6.gearbox	定制木制齿轮箱	hand
direct	block.gt6.geigercounter	盖革传感器	hand
direct	block.gt6.gibblometer	锅炉压力传感器(单位: Gibbl)	hand
direct	block.gt6.glowtus	荧光莲	hand
direct	block.gt6.granite_black_anvil	黑色花岗岩砧	hand
direct	block.gt6.granite_red_anvil	红色花岗岩砧	hand
direct	block.gt6.grass	草方块	hand
direct	block.gt6.grass_black	草方块	hand
direct	block.gt6.grass_brown	草方块	hand
direct	block.gt6.grass_light_gray	草方块	hand
direct	block.gt6.grass_lime	草方块	hand
direct	block.gt6.grass_yellow	草方块	hand
direct	block.gt6.greatwood_beam	宏伟之木梁	hand
direct	block.gt6.greatwood_beam_fireproof	宏伟之木梁 (防火)	hand
direct	block.gt6.greg_o_lantern	格雷灯笼	hand
direct	block.gt6.grindstone	打磨石	hand
direct	block.gt6.hazel_beam	榛树梁	hand
direct	block.gt6.hazel_beam_fireproof	榛树梁 (防火)	hand
direct	block.gt6.hazel_leaves	榛树树叶	hand
direct	block.gt6.hazel_log	榛树原木	hand
direct	block.gt6.hazel_planks	榛树木板	hand
direct	block.gt6.hazel_sapling	榛树树苗	hand
direct	block.gt6.heat_transmitter	传热装置	hand
direct	block.gt6.heavyweightometer	重量级质量传感器	hand
direct	block.gt6.infinity_anvil	无尽砧	hand
direct	block.gt6.iridium_anvil	铱砧	hand
direct	block.gt6.iron_wood_anvil	铁木砧	hand
direct	block.gt6.itemometer	库存数量传感器	hand
direct	block.gt6.jungle_beam	丛林木梁	hand
direct	block.gt6.jungle_beam_fireproof	丛林木梁 (防火)	hand
direct	block.gt6.kilobucketometer	Kilo-Bucket-O-Meter Sensor	hand
direct	block.gt6.kilogibblometer	锅炉压力传感器(单位: Kilo-Gibbl)	hand
direct	block.gt6.large_carborundum_coil	大型碳化硅线圈	hand
direct	block.gt6.large_copper_coil	大型铜线圈	hand
direct	block.gt6.large_dynamo_adamantium	艾德曼合金大型发电机主外壳	hand
direct	block.gt6.large_dynamo_stainless_steel	不锈钢大型发电机主外壳	hand
direct	block.gt6.large_dynamo_titanium	钛大型发电机主外壳	hand
direct	block.gt6.large_dynamo_tungstensteel	钨钢大型发电机主外壳	hand
direct	block.gt6.large_heat_exchanger	大型热交换器	hand
direct	block.gt6.large_iridium_coil	大型铱线圈	hand
direct	block.gt6.large_massfab	大型物质制造机	hand
direct	block.gt6.large_nichrome_coil	大型镍铬合金线圈	hand
direct	block.gt6.large_osmium_coil	大型锇线圈	hand
direct	block.gt6.laser_absorber	激光接收器 (LV)	hand
direct	block.gt6.laser_absorber_t2	激光接收器 (MV)	hand
direct	block.gt6.laser_absorber_t3	激光接收器 (HV)	hand
direct	block.gt6.laser_absorber_t4	激光接收器 (EV)	hand
direct	block.gt6.laser_absorber_t5	激光接收器 (IV)	hand
direct	block.gt6.laserometer	激光传感器	hand
direct	block.gt6.lathe	车床	hand
direct	block.gt6.lead_anvil	铅砧	hand
direct	block.gt6.lightning_rod	避雷针	hand
direct	block.gt6.lightweightometer	轻量级质量传感器	hand
direct	block.gt6.locker_bronze	青铜储物柜	hand
direct	block.gt6.locker_steel	钢储物柜	hand
direct	block.gt6.logistics_core	物流核心	hand
direct	block.gt6.logistics_wire	物流线缆	hand
direct	block.gt6.long_dist_pipe_0	远距瞬达物品管道	hand
direct	block.gt6.long_dist_pipe_1	远距零阻流体管道 (1943 K)	hand
direct	block.gt6.long_dist_pipe_10	远距零阻流体管道 (0 K)	hand
direct	block.gt6.long_dist_pipe_11	远距零阻流体管道 (0 K)	hand
direct	block.gt6.long_dist_pipe_12	远距零阻流体管道 (0 K)	hand
direct	block.gt6.long_dist_pipe_13	远距零阻流体管道 (0 K)	hand
direct	block.gt6.long_dist_pipe_14	远距零阻流体管道 (0 K)	hand
direct	block.gt6.long_dist_pipe_15	远距零阻流体管道 (0 K)	hand
direct	block.gt6.long_dist_pipe_2	远距零阻流体管道 (3695 K)	hand
direct	block.gt6.long_dist_pipe_3	远距零阻流体管道 (5425 K)	hand
direct	block.gt6.long_dist_pipe_4	远距零阻流体管道 (4500 K)	hand
direct	block.gt6.long_dist_pipe_5	远距零阻流体管道 (0 K)	hand
direct	block.gt6.long_dist_pipe_6	远距零阻流体管道 (0 K)	hand
direct	block.gt6.long_dist_pipe_7	远距零阻流体管道 (0 K)	hand
direct	block.gt6.long_dist_pipe_8	远距零阻流体管道 (0 K)	hand
direct	block.gt6.long_dist_pipe_9	远距零阻流体管道 (0 K)	hand
direct	block.gt6.long_dist_wire_0	远距输电用高压电缆 (EV)	hand
direct	block.gt6.long_dist_wire_1	远距输电用高压电缆 (EV)	hand
direct	block.gt6.long_dist_wire_10	远距输电用高压电缆 (ZPM)	hand
direct	block.gt6.long_dist_wire_11	远距输电用高压电缆 (ZPM)	hand
direct	block.gt6.long_dist_wire_12	远距输电用高压电缆 (UV)	hand
direct	block.gt6.long_dist_wire_13	远距输电用高压电缆 (UV)	hand
direct	block.gt6.long_dist_wire_14	远距输电用高压电缆 (UV)	hand
direct	block.gt6.long_dist_wire_15	远距输电用高压电缆 (UV)	hand
direct	block.gt6.long_dist_wire_2	远距输电用高压电缆 (IV)	hand
direct	block.gt6.long_dist_wire_3	远距输电用高压电缆 (LuV)	hand
direct	block.gt6.long_dist_wire_4	远距输电用高压电缆 (LuV)	hand
direct	block.gt6.long_dist_wire_5	远距输电用高压电缆 (LuV)	hand
direct	block.gt6.long_dist_wire_6	远距输电用高压电缆 (LuV)	hand
direct	block.gt6.long_dist_wire_7	远距输电用高压电缆 (LuV)	hand
direct	block.gt6.long_dist_wire_8	远距输电用高压电缆 (ZPM)	hand
direct	block.gt6.long_dist_wire_9	远距输电用高压电缆 (ZPM)	hand
direct	block.gt6.longdist_fluid_pipe	远距传输用流体管道	hand
direct	block.gt6.longdist_item_pipe	远距传输用物品管道	hand
direct	block.gt6.longdist_transformer_t5	远距离变压器终端 (EV)	hand
direct	block.gt6.longdist_transformer_t6	远距离变压器终端 (IV)	hand
direct	block.gt6.longdist_transformer_t7	远距离变压器终端 (LuV)	hand
direct	block.gt6.longdist_transformer_t8	远距离变压器终端 (ZPM)	hand
direct	block.gt6.longdist_transformer_t9	远距离变压器终端 (UV)	hand
direct	block.gt6.luminometer	环境光度传感器	hand
direct	block.gt6.machine_wall_tungsten	钨壁板	hand
direct	block.gt6.magic_absorber	魔法力场吸收器	hand
direct	block.gt6.manasteel_anvil	魔力钢砧	hand
direct	block.gt6.maple_beam	枫树梁	hand
direct	block.gt6.maple_beam_fireproof	枫树梁 (防火)	hand
direct	block.gt6.maple_leaves	枫树树叶	hand
direct	block.gt6.maple_log	枫树原木	hand
direct	block.gt6.maple_planks	枫树木板	hand
direct	block.gt6.maple_sapling	枫树树苗	hand
direct	block.gt6.mediumweightometer	中量级质量传感器	hand
direct	block.gt6.mini_portal_end	微型末影传送门	hand
direct	block.gt6.mini_portal_nether	微型下界传送门	hand
direct	block.gt6.mortar_amethyst	研钵	hand
direct	block.gt6.mortar_diamond	研钵	hand
direct	block.gt6.mortar_netherite	研钵	hand
direct	block.gt6.mortar_sapphire	研钵	hand
direct	block.gt6.mortar_steel	研钵	hand
direct	block.gt6.mossy_log	苔藓原木	hand
direct	block.gt6.multiblock_coke_oven	焦炉	hand
direct	block.gt6.multiblock_coke_oven_bricks	焦炉砖	hand
direct	block.gt6.multiblock_lightning_rod	避雷针电力输出口	hand
direct	block.gt6.netherite_anvil	下界合金砧	hand
direct	block.gt6.niobium_titanium_coil	大型铌钛合金线圈	hand
direct	block.gt6.oak_beam	橡木梁	hand
direct	block.gt6.oak_beam_fireproof	橡木梁 (防火)	hand
direct	block.gt6.octine_anvil	炽炎铁砧	hand
direct	block.gt6.placed_gem_plate	宝石板	hand
direct	block.gt6.placed_ingot	锭	hand
direct	block.gt6.placed_plate	板	hand
direct	block.gt6.placed_rock	石头	hand
direct	block.gt6.placed_scrap	废料	hand
direct	block.gt6.placed_stick	木棍	hand
direct	block.gt6.plank_wood	木木板	hand
direct	block.gt6.plank_wood_compressed	压缩木木板	hand
direct	block.gt6.plank_wood_dead	枯死的木木板	hand
direct	block.gt6.plank_wood_frozen	结冰的木木板	hand
direct	block.gt6.plank_wood_mossy	苔痕木木板	hand
direct	block.gt6.plank_wood_rotten	腐败的木木板	hand
direct	block.gt6.plank_wood_treated	防腐木木板	hand
direct	block.gt6.plant_pot	万能花盆	hand
direct	block.gt6.playercounter	玩家数量传感器	hand
direct	block.gt6.porcelain_cup	瓷杯	hand
direct	block.gt6.processor_unit_control	控制四核处理器	hand
direct	block.gt6.processor_unit_conversion	转换四核处理器	hand
direct	block.gt6.processor_unit_logic	逻辑四核处理器	hand
direct	block.gt6.processor_unit_storage	存储四核处理器	hand
direct	block.gt6.processor_unit_versatile	多功能四核处理器	hand
direct	block.gt6.progressmeter	进度传感器	hand
direct	block.gt6.quantum_energizer	量子充能器 (T1)	hand
direct	block.gt6.quantum_energizer_t2	量子充能器 (T2)	hand
direct	block.gt6.quantum_energizer_t3	量子充能器 (T3)	hand
direct	block.gt6.quantum_energizer_t4	量子充能器 (T4)	hand
direct	block.gt6.quantum_energizer_t5	量子充能器 (T5)	hand
direct	block.gt6.rail_adamantium	艾德曼合金轨道	hand
direct	block.gt6.rail_aluminium	铝轨道	hand
direct	block.gt6.rail_booster_adamantium	艾德曼合金加速轨道	hand
direct	block.gt6.rail_booster_aluminium	铝加速轨道	hand
direct	block.gt6.rail_booster_bronze	青铜加速轨道	hand
direct	block.gt6.rail_booster_magnalium	镁铝合金加速轨道	hand
direct	block.gt6.rail_booster_stainlesssteel	不锈钢加速轨道	hand
direct	block.gt6.rail_booster_steel	钢加速轨道	hand
direct	block.gt6.rail_booster_titanium	钛加速轨道	hand
direct	block.gt6.rail_booster_tungsten	钨加速轨道	hand
direct	block.gt6.rail_booster_tungstencarbide	碳化钨加速轨道	hand
direct	block.gt6.rail_booster_tungstensteel	钨钢加速轨道	hand
direct	block.gt6.rail_bronze	青铜轨道	hand
direct	block.gt6.rail_detector_adamantium	艾德曼合金探测轨道	hand
direct	block.gt6.rail_detector_aluminium	铝探测轨道	hand
direct	block.gt6.rail_detector_bronze	青铜探测轨道	hand
direct	block.gt6.rail_detector_magnalium	镁铝合金探测轨道	hand
direct	block.gt6.rail_detector_stainlesssteel	不锈钢探测轨道	hand
direct	block.gt6.rail_detector_steel	钢探测轨道	hand
direct	block.gt6.rail_detector_titanium	钛探测轨道	hand
direct	block.gt6.rail_detector_tungsten	钨探测轨道	hand
direct	block.gt6.rail_detector_tungstencarbide	碳化钨探测轨道	hand
direct	block.gt6.rail_detector_tungstensteel	钨钢探测轨道	hand
direct	block.gt6.rail_magnalium	镁铝合金轨道	hand
direct	block.gt6.rail_road	道路条纹	hand
direct	block.gt6.rail_stainlesssteel	不锈钢轨道	hand
direct	block.gt6.rail_steel	钢轨道	hand
direct	block.gt6.rail_titanium	钛轨道	hand
direct	block.gt6.rail_tungsten	钨轨道	hand
direct	block.gt6.rail_tungstencarbide	碳化钨轨道	hand
direct	block.gt6.rail_tungstensteel	钨钢轨道	hand
direct	block.gt6.rainbowood_beam	彩虹树梁	hand
direct	block.gt6.rainbowood_beam_fireproof	彩虹树梁 (防火)	hand
direct	block.gt6.rainbowood_leaves	彩虹木树叶	hand
direct	block.gt6.rainbowood_log	彩虹木原木	hand
direct	block.gt6.rainbowood_planks	彩虹木木板	hand
direct	block.gt6.rainbowood_sapling	彩虹木树苗	hand
direct	block.gt6.red_steel_anvil	红钢砧	hand
direct	block.gt6.rotten_log	腐朽原木	hand
direct	block.gt6.rubber_beam	橡胶梁	hand
direct	block.gt6.rubber_beam_fireproof	橡胶梁 (防火)	hand
direct	block.gt6.rubber_leaves	橡胶树树叶	hand
direct	block.gt6.rubber_log	橡胶树原木	hand
direct	block.gt6.rubber_planks	橡胶树木板	hand
direct	block.gt6.rubber_sapling	橡胶树树苗	hand
direct	block.gt6.rubber_wood_beam	橡胶木梁	hand
direct	block.gt6.rubber_wood_beam_fireproof	橡胶木梁 (防火)	hand
direct	block.gt6.safe_keylocked_bronze	钥匙锁定青铜保险箱	hand
direct	block.gt6.safe_keylocked_steel	钥匙锁定钢保险箱	hand
direct	block.gt6.safe_mechanical_bronze	机械青铜保险箱	hand
direct	block.gt6.safe_mechanical_steel	机械钢保险箱	hand
direct	block.gt6.sandwich	三明治	hand
direct	block.gt6.sap_bag	树液/乳胶收集袋	hand
direct	block.gt6.shredder	粉碎机	hand
direct	block.gt6.shredder_blades	研磨机刀片	hand
direct	block.gt6.silverwood_beam	银树梁	hand
direct	block.gt6.silverwood_beam_fireproof	银树梁 (防火)	hand
direct	block.gt6.skyroot_beam	天根木梁	hand
direct	block.gt6.skyroot_beam_fireproof	天根木梁 (防火)	hand
direct	block.gt6.sluice_part	洗矿厂部件	hand
direct	block.gt6.spruce_beam	云杉木梁	hand
direct	block.gt6.spruce_beam_fireproof	云杉木梁 (防火)	hand
direct	block.gt6.stackometer	库存堆栈传感器	hand
direct	block.gt6.steam_turbine_graphene	石墨烯蒸汽涡轮主外壳	hand
direct	block.gt6.steam_turbine_magnalium	镁铝合金蒸汽涡轮主外壳	hand
direct	block.gt6.steam_turbine_trinitanium	特林钛合金蒸汽涡轮主外壳	hand
direct	block.gt6.steam_turbine_vibramantium	艾德曼振金蒸汽涡轮主外壳	hand
direct	block.gt6.steel_anvil	钢砧	hand
direct	block.gt6.stone_anvil	石头砧	hand
direct	block.gt6.superheavyweightometer	超重量级质量传感器	hand
direct	block.gt6.surface_stick	木棍	hand
direct	block.gt6.syrmorite_anvil	赛摩铜砧	hand
direct	block.gt6.tachometer	转速传感器	hand
direct	block.gt6.terrasteel_anvil	泰拉钢砧	hand
direct	block.gt6.test_machine	测试机器	hand
direct	block.gt6.test_machine_idle	测试机器 (被动)	hand
direct	block.gt6.thaumium_anvil	神秘锭砧	hand
direct	block.gt6.thermometer	温度传感器	hand
direct	block.gt6.titanium_anvil	钛砧	hand
direct	block.gt6.titanium_gold_anvil	钛金砧	hand
direct	block.gt6.tpsmeter	TPS传感器	hand
direct	block.gt6.transformer_rotation	木制转向齿轮箱	hand
direct	block.gt6.tungsten_alloy_anvil	钨合金砧	hand
direct	block.gt6.tungsten_anvil	钨砧	hand
direct	block.gt6.tungsten_steel_anvil	钨钢砧	hand
direct	block.gt6.turf	草皮	hand
direct	block.gt6.vanadium_steel_anvil	钒钢砧	hand
direct	block.gt6.ventilation_unit	通风单元	hand
direct	block.gt6.void_metal_anvil	虚空金属砧	hand
direct	block.gt6.water_wheel	水车	hand
direct	block.gt6.white_clay	白色粘土块	hand
direct	block.gt6.willow_beam	柳树梁	hand
direct	block.gt6.willow_beam_fireproof	柳树梁 (防火)	hand
direct	block.gt6.willow_leaves	柳树树叶	hand
direct	block.gt6.willow_log	柳树原木	hand
direct	block.gt6.willow_planks	柳树木板	hand
direct	block.gt6.willow_sapling	柳树树苗	hand
direct	block.gt6.wire_laser	激光光纤导线	hand
direct	block.gt6.wood_beam	木梁	hand
direct	block.gt6.wood_beam_fireproof	木梁 (防火)	hand
direct	block.gt6.wood_wall	木壁板	hand
direct	block.gt6.yellow_clay	黄色粘土块	hand
direct	block.gt6.zpm_decharger_electric	零点模块放能器 (电能)	hand
direct	block.gt6.zpm_decharger_quantum	零点模块放能器 (量子能)	hand
direct	fluid.gt6.adamantium_molten	熔融艾德曼合金	hand
direct	fluid.gt6.aerotheum	和谐之空气	hand
direct	fluid.gt6.alcopops	波普甜酒	hand
direct	fluid.gt6.alumina_molten	熔融氧化铝	hand
direct	fluid.gt6.aluminiumfluoride_molten	熔融氟化铝	hand
direct	fluid.gt6.ambrosia	琼浆	hand
direct	fluid.gt6.ancientdebris_molten	熔融远古残骸	hand
direct	fluid.gt6.air	空气	hand
direct	fluid.gt6.applesmoothie	苹果冰沙	hand
direct	fluid.gt6.applevinegar	苹果醋	hand
direct	fluid.gt6.apricotsmoothie	杏子冰沙	hand
direct	fluid.gt6.aquaregia	王水	hand
direct	fluid.gt6.argon	氩	hand
direct	fluid.gt6.bananasmoothie	香蕉冰沙	hand
direct	fluid.gt6.bawls	瓜拿纳	hand
direct	fluid.gt6.bbqsauce	烧烤酱	hand
direct	fluid.gt6.beer	啤酒	hand
direct	fluid.gt6.beerale	艾尔啤酒	hand
direct	fluid.gt6.beercorn	玉米啤酒	hand
direct	fluid.gt6.beerlager	拉格啤酒	hand
direct	fluid.gt6.beerrye	黑麦啤酒	hand
direct	fluid.gt6.beerstout	世涛啤酒	hand
direct	fluid.gt6.beerwheat	小麦啤酒	hand
direct	fluid.gt6.beetjuice	甜菜汁	hand
direct	fluid.gt6.beryllium7_molten	熔融铍-7	hand
direct	fluid.gt6.beryllium8_molten	熔融铍-8	hand
direct	fluid.gt6.biomass	生物质	hand
direct	fluid.gt6.blackberryjuice	黑莓汁	hand
direct	fluid.gt6.blackberrysmoothie	黑莓冰沙	hand
direct	fluid.gt6.blaze	烈焰粘浆	hand
direct	fluid.gt6.blood	血液	hand
direct	fluid.gt6.blueberryjuice	蓝莓汁	hand
direct	fluid.gt6.blueberrysmoothie	蓝莓冰沙	hand
direct	fluid.gt6.bluevitriol	五水合硫酸铜	hand
direct	fluid.gt6.boron11_molten	熔融硼-11	hand
direct	fluid.gt6.brandyapple	苹果白兰地	hand
direct	fluid.gt6.brandyapricot	杏子白兰地	hand
direct	fluid.gt6.brandycherry	樱桃白兰地	hand
direct	fluid.gt6.brandycitrus	柑橘白兰地	hand
direct	fluid.gt6.brandyelderberry	接骨木白兰地	hand
direct	fluid.gt6.brandyfruit	白兰地	hand
direct	fluid.gt6.brandygrape	葡萄白兰地	hand
direct	fluid.gt6.brandypear	梨子白兰地	hand
direct	fluid.gt6.brandyplum	李子白兰地	hand
direct	fluid.gt6.brine	Brine	hand
direct	fluid.gt6.bromine	溴	hand
direct	fluid.gt6.butane	丁烷	hand
direct	fluid.gt6.cactusfruitjuice	仙人掌果汁	hand
direct	fluid.gt6.cactuswater	仙人掌汁	hand
direct	fluid.gt6.calcite_molten	熔融方解石	hand
direct	fluid.gt6.canevinegar	甘蔗醋	hand
direct	fluid.gt6.carbon13_molten	熔融碳-13	hand
direct	fluid.gt6.carbon_molten	熔融碳	hand
direct	fluid.gt6.carbondioxide	二氧化碳	hand
direct	fluid.gt6.carbonmonoxide	一氧化碳	hand
direct	fluid.gt6.cavejohnsonsgrenadejuice	凯芙·约翰森的炸弹柠檬汁	hand
direct	fluid.gt6.cfoam	建筑泡沫	hand
direct	fluid.gt6.cfoam_black	黑色建筑泡沫	hand
direct	fluid.gt6.cfoam_blue	蓝色建筑泡沫	hand
direct	fluid.gt6.cfoam_brown	褐色建筑泡沫	hand
direct	fluid.gt6.cfoam_cyan	青色建筑泡沫	hand
direct	fluid.gt6.cfoam_gray	灰色建筑泡沫	hand
direct	fluid.gt6.cfoam_green	绿色建筑泡沫	hand
direct	fluid.gt6.cfoam_light_blue	淡蓝色建筑泡沫	hand
direct	fluid.gt6.cfoam_light_gray	淡灰色建筑泡沫	hand
direct	fluid.gt6.cfoam_lime	黄绿色建筑泡沫	hand
direct	fluid.gt6.cfoam_magenta	品红建筑泡沫	hand
direct	fluid.gt6.cfoam_orange	橙色建筑泡沫	hand
direct	fluid.gt6.cfoam_owned_black	强化黑色建筑泡沫	hand
direct	fluid.gt6.cfoam_owned_blue	强化蓝色建筑泡沫	hand
direct	fluid.gt6.cfoam_owned_brown	强化褐色建筑泡沫	hand
direct	fluid.gt6.cfoam_owned_cyan	强化青色建筑泡沫	hand
direct	fluid.gt6.cfoam_owned_gray	强化灰色建筑泡沫	hand
direct	fluid.gt6.cfoam_owned_green	强化绿色建筑泡沫	hand
direct	fluid.gt6.cfoam_owned_light_blue	强化淡蓝色建筑泡沫	hand
direct	fluid.gt6.cfoam_owned_light_gray	强化淡灰色建筑泡沫	hand
direct	fluid.gt6.cfoam_owned_lime	强化黄绿色建筑泡沫	hand
direct	fluid.gt6.cfoam_owned_magenta	强化品红建筑泡沫	hand
direct	fluid.gt6.cfoam_owned_orange	强化橙色建筑泡沫	hand
direct	fluid.gt6.cfoam_owned_pink	强化粉色建筑泡沫	hand
direct	fluid.gt6.cfoam_owned_purple	强化紫色建筑泡沫	hand
direct	fluid.gt6.cfoam_owned_red	强化红色建筑泡沫	hand
direct	fluid.gt6.cfoam_owned_white	强化白色建筑泡沫	hand
direct	fluid.gt6.cfoam_owned_yellow	强化黄色建筑泡沫	hand
direct	fluid.gt6.cfoam_pink	粉色建筑泡沫	hand
direct	fluid.gt6.cfoam_purple	紫色建筑泡沫	hand
direct	fluid.gt6.cfoam_red	红色建筑泡沫	hand
direct	fluid.gt6.cfoam_white	白色建筑泡沫	hand
direct	fluid.gt6.cfoam_yellow	黄色建筑泡沫	hand
direct	fluid.gt6.chargedmatter	带电物质	hand
direct	fluid.gt6.cheese_molten	熔融奶酪	hand
direct	fluid.gt6.cherrysmoothie	樱桃冰沙	hand
direct	fluid.gt6.chillysauce	辣椒酱	hand
direct	fluid.gt6.chlorine	氯	hand
direct	fluid.gt6.chloroauricacid	氯金酸	hand
direct	fluid.gt6.chloroplatinicacid	氯铂酸	hand
direct	fluid.gt6.chocolate_molten	熔融巧克力	hand
direct	fluid.gt6.chocolatecream	巧克力冰淇淋	hand
direct	fluid.gt6.chocolatemilk	巧克力牛奶	hand
direct	fluid.gt6.ciderapple	苹果酒	hand
direct	fluid.gt6.ciderpeach	桃子苹果酒	hand
direct	fluid.gt6.ciderpear	梨子苹果酒	hand
direct	fluid.gt6.coconutcream	椰奶油	hand
direct	fluid.gt6.coconutmilk	椰奶	hand
direct	fluid.gt6.coconutsmoothie	椰奶冰沙	hand
direct	fluid.gt6.cold_water	冷水	hand
direct	fluid.gt6.concrete	湿混凝土	hand
direct	fluid.gt6.cranberrysmoothie	蔓越莓冰沙	hand
direct	fluid.gt6.cryolite_molten	熔融冰晶石	hand
direct	fluid.gt6.cryotheum	极寒之凛冰	hand
direct	fluid.gt6.cucumberjuice	黄瓜汁	hand
direct	fluid.gt6.currantjuice	醋栗汁	hand
direct	fluid.gt6.currantsmoothie	醋栗冰沙	hand
direct	fluid.gt6.cyanvitriol	硫酸镍	hand
direct	fluid.gt6.darkbeer	黑啤酒	hand
direct	fluid.gt6.datejuice	海枣汁	hand
direct	fluid.gt6.deuterium	氘	hand
direct	fluid.gt6.diablosauce	恶魔辣酱	hand
direct	fluid.gt6.diablosauce_strong	老干爹辣椒酱	hand
direct	fluid.gt6.diabolosauce	魔改型恶魔辣酱	hand
direct	fluid.gt6.diesel	柴油	hand
direct	fluid.gt6.distilled_water	蒸馏水	hand
direct	fluid.gt6.disulfuricacid	焦硫酸	hand
direct	fluid.gt6.dragon_breath	龙息	hand
direct	fluid.gt6.dragonblood	龙血	hand
direct	fluid.gt6.dressing	敷料	hand
direct	fluid.gt6.dye_chemical_black	黑色化学染料	hand
direct	fluid.gt6.dye_chemical_blue	蓝色化学染料	hand
direct	fluid.gt6.dye_chemical_brown	褐色化学染料	hand
direct	fluid.gt6.dye_chemical_cyan	青色化学染料	hand
direct	fluid.gt6.dye_chemical_gray	灰色化学染料	hand
direct	fluid.gt6.dye_chemical_green	绿色化学染料	hand
direct	fluid.gt6.dye_chemical_light_blue	淡蓝色化学染料	hand
direct	fluid.gt6.dye_chemical_light_gray	淡灰色化学染料	hand
direct	fluid.gt6.dye_chemical_lime	黄绿色化学染料	hand
direct	fluid.gt6.dye_chemical_magenta	品红化学染料	hand
direct	fluid.gt6.dye_chemical_orange	橙色化学染料	hand
direct	fluid.gt6.dye_chemical_pink	粉色化学染料	hand
direct	fluid.gt6.dye_chemical_purple	紫色化学染料	hand
direct	fluid.gt6.dye_chemical_red	红色化学染料	hand
direct	fluid.gt6.dye_chemical_white	白色化学染料	hand
direct	fluid.gt6.dye_chemical_yellow	黄色化学染料	hand
direct	fluid.gt6.dye_flower_black	黑色植物染料	hand
direct	fluid.gt6.dye_flower_blue	蓝色植物染料	hand
direct	fluid.gt6.dye_flower_brown	褐色植物染料	hand
direct	fluid.gt6.dye_flower_cyan	青色植物染料	hand
direct	fluid.gt6.dye_flower_gray	灰色植物染料	hand
direct	fluid.gt6.dye_flower_green	绿色植物染料	hand
direct	fluid.gt6.dye_flower_light_blue	淡蓝色植物染料	hand
direct	fluid.gt6.dye_flower_light_gray	淡灰色植物染料	hand
direct	fluid.gt6.dye_flower_lime	黄绿色植物染料	hand
direct	fluid.gt6.dye_flower_magenta	品红植物染料	hand
direct	fluid.gt6.dye_flower_orange	橙色植物染料	hand
direct	fluid.gt6.dye_flower_pink	粉色植物染料	hand
direct	fluid.gt6.dye_flower_purple	紫色植物染料	hand
direct	fluid.gt6.dye_flower_red	红色植物染料	hand
direct	fluid.gt6.dye_flower_white	白色植物染料	hand
direct	fluid.gt6.dye_flower_yellow	黄色植物染料	hand
direct	fluid.gt6.dye_watermixed_black	黑色水性染料	hand
direct	fluid.gt6.dye_watermixed_blue	蓝色水性染料	hand
direct	fluid.gt6.dye_watermixed_brown	褐色水性染料	hand
direct	fluid.gt6.dye_watermixed_cyan	青色水性染料	hand
direct	fluid.gt6.dye_watermixed_gray	灰色水性染料	hand
direct	fluid.gt6.dye_watermixed_green	绿色水性染料	hand
direct	fluid.gt6.dye_watermixed_light_blue	淡蓝色水性染料	hand
direct	fluid.gt6.dye_watermixed_light_gray	淡灰色水性染料	hand
direct	fluid.gt6.dye_watermixed_lime	黄绿色水性染料	hand
direct	fluid.gt6.dye_watermixed_magenta	品红水性染料	hand
direct	fluid.gt6.dye_watermixed_orange	橙色水性染料	hand
direct	fluid.gt6.dye_watermixed_pink	粉色水性染料	hand
direct	fluid.gt6.dye_watermixed_purple	紫色水性染料	hand
direct	fluid.gt6.dye_watermixed_red	红色水性染料	hand
direct	fluid.gt6.dye_watermixed_white	白色水性染料	hand
direct	fluid.gt6.dye_watermixed_yellow	黄色水性染料	hand
direct	fluid.gt6.elderberrysmoothie	接骨木冰沙	hand
direct	fluid.gt6.enderair	末地空气	hand
direct	fluid.gt6.enderpearl_molten	熔融末影珍珠	hand
direct	fluid.gt6.error	错误流体	hand
direct	fluid.gt6.ethanol	乙醇	hand
direct	fluid.gt6.ethylene	乙烯	hand
direct	fluid.gt6.fieryblood	炙热的血	hand
direct	fluid.gt6.fierytears	炙热之泪	hand
direct	fluid.gt6.figjuice	无花果汁	hand
direct	fluid.gt6.figsmoothie	无花果冰沙	hand
direct	fluid.gt6.fishoil	鱼油	hand
direct	fluid.gt6.fluorine	氟	hand
direct	fluid.gt6.for_honey	蜂蜜(林业)	hand
direct	fluid.gt6.fruitsmoothie	果汁冰沙	hand
direct	fluid.gt6.fuel	燃油	hand
direct	fluid.gt6.germanium_molten	熔融锗	hand
direct	fluid.gt6.glass	熔融玻璃	hand
direct	fluid.gt6.glenmckenner	格伦·麦肯纳苏格兰威士忌, 格雷窖藏35年陈酿	hand
direct	fluid.gt6.glue	胶水	hand
direct	fluid.gt6.glycerol	丙三醇	hand
direct	fluid.gt6.glyceryl	硝化甘油	hand
direct	fluid.gt6.goldencarrotjuice	金胡萝卜汁	hand
direct	fluid.gt6.gooseberryjuice	鹅莓汁	hand
direct	fluid.gt6.gooseberrysmoothie	鹅莓冰沙	hand
direct	fluid.gt6.grapefruitsmoothie	葡萄柚冰沙	hand
direct	fluid.gt6.grapejuice	绿葡萄汁	hand
direct	fluid.gt6.grapesmoothie	绿葡萄冰沙	hand
direct	fluid.gt6.grayvitriol	硫酸锰	hand
direct	fluid.gt6.grc_applecider0	苹果汁(生长工艺)	hand
direct	fluid.gt6.grc_grapewine0	紫葡萄汁(生长工艺)	hand
direct	fluid.gt6.grc_honey	蜂蜜 (生长工艺)	hand
direct	fluid.gt6.grcmilk_cream	生奶油(生长工艺)	hand
direct	fluid.gt6.grcmilk_milk	牛奶	hand
direct	fluid.gt6.greenvitriol	硫酸亚铁	hand
direct	fluid.gt6.heavyoil	重质原油	hand
direct	fluid.gt6.heavywater	重水	hand
direct	fluid.gt6.helium	氦	hand
direct	fluid.gt6.helium3	氦-3	hand
direct	fluid.gt6.helium_plasma	氦离子	hand
direct	fluid.gt6.heliumneon	氦氖混合气体	hand
direct	fluid.gt6.hellderberryjuice	下界莓汁	hand
direct	fluid.gt6.hempoil	大麻籽油	hand
direct	fluid.gt6.hexafluorosilicicacid	六氟硅酸	hand
direct	fluid.gt6.holywater	圣水	hand
direct	fluid.gt6.honey	蜂蜜	hand
direct	fluid.gt6.honeydew	蜜露	hand
direct	fluid.gt6.hopsmash	啤酒花浆	hand
direct	fluid.gt6.hot_water	热水	hand
direct	fluid.gt6.hotcarbondioxide	热二氧化碳	hand
direct	fluid.gt6.hotcrude	热原油	hand
direct	fluid.gt6.hotfryingoil	热食用油	hand
direct	fluid.gt6.hotheavywater	热重水	hand
direct	fluid.gt6.hothelium	热氦	hand
direct	fluid.gt6.hotmoltenlicl	热熔融氯化锂	hand
direct	fluid.gt6.hotmoltensodium	热熔融钠	hand
direct	fluid.gt6.hotmoltentin	热熔融锡	hand
direct	fluid.gt6.hotsauce	辣酱	hand
direct	fluid.gt6.hotsemiheavywater	热半重水	hand
direct	fluid.gt6.hottritiatedwater	热超重水	hand
direct	fluid.gt6.hydrochloricacid	盐酸	hand
direct	fluid.gt6.hydrogen	氢气	hand
direct	fluid.gt6.hydrogenfluoride	氟化氢	hand
direct	fluid.gt6.hydrogenperoxide	过氧化氢	hand
direct	fluid.gt6.ic2coolant	冷却液	hand
direct	fluid.gt6.ic2distilledwater	蒸馏水	hand
direct	fluid.gt6.ic2hotcoolant	热冷却液	hand
direct	fluid.gt6.ic2pahoehoelava	熔岩岩浆	hand
direct	fluid.gt6.ic2uumatter	UU物质	hand
direct	fluid.gt6.ice	近冰点水	hand
direct	fluid.gt6.icetea	冰茶	hand
direct	fluid.gt6.indigo	靛蓝染料	hand
direct	fluid.gt6.iron_molten	熔融铁	hand
direct	fluid.gt6.jetfuel	喷气燃料	hand
direct	fluid.gt6.juice_juice	果汁	hand
direct	fluid.gt6.juice_wine_fruit	果酒	hand
direct	fluid.gt6.juiceapple	苹果汁	hand
direct	fluid.gt6.juiceapricot	杏子汁	hand
direct	fluid.gt6.juicebanana	香蕉汁	hand
direct	fluid.gt6.juicecarrot	胡萝卜汁	hand
direct	fluid.gt6.juicecherry	樱桃汁	hand
direct	fluid.gt6.juicecranberry	蔓越莓汁	hand
direct	fluid.gt6.juiceelderberry	接骨木汁	hand
direct	fluid.gt6.juicegrapefruit	葡萄柚汁	hand
direct	fluid.gt6.juicelemon	柠檬汁	hand
direct	fluid.gt6.juicelime	酸橙汁	hand
direct	fluid.gt6.juiceolive	橄榄油	hand
direct	fluid.gt6.juiceorange	橙子汁	hand
direct	fluid.gt6.juicepeach	桃汁	hand
direct	fluid.gt6.juicepear	梨汁	hand
direct	fluid.gt6.juicepineapple	菠萝汁	hand
direct	fluid.gt6.juiceplum	李子汁	hand
direct	fluid.gt6.juiceredgrape	红葡萄汁	hand
direct	fluid.gt6.juicetomato	番茄汁	hand
direct	fluid.gt6.juicewhitegrape	白葡萄汁	hand
direct	fluid.gt6.kerosine	煤油	hand
direct	fluid.gt6.ketchup	番茄酱	hand
direct	fluid.gt6.kiwijuice	猕猴桃汁	hand
direct	fluid.gt6.kiwismoothie	猕猴桃冰沙	hand
direct	fluid.gt6.krypton	氪	hand
direct	fluid.gt6.latex	胶乳	hand
direct	fluid.gt6.lemonade	柠檬水	hand
direct	fluid.gt6.lemonsmoothie	柠檬冰沙	hand
direct	fluid.gt6.leninade	列宁柠檬水	hand
direct	fluid.gt6.lightoil	轻质原油	hand
direct	fluid.gt6.limesmoothie	酸橙冰沙	hand
direct	fluid.gt6.limoncello	柠檬切罗利口酒	hand
direct	fluid.gt6.linoil	亚麻籽油	hand
direct	fluid.gt6.liqueuralmond	杏仁利口酒	hand
direct	fluid.gt6.liqueuranise	茴香利口酒	hand
direct	fluid.gt6.liqueurbanana	香蕉利口酒	hand
direct	fluid.gt6.liqueurblackberry	黑莓利口酒	hand
direct	fluid.gt6.liqueurblackcurrant	黑加仑利口酒	hand
direct	fluid.gt6.liqueurcherry	樱桃利口酒	hand
direct	fluid.gt6.liqueurchocolate	巧克力利口酒	hand
direct	fluid.gt6.liqueurcinnamon	肉桂利口酒	hand
direct	fluid.gt6.liqueurcoffee	咖啡利口酒	hand
direct	fluid.gt6.liqueurhazelnut	榛子利口酒	hand
direct	fluid.gt6.liqueurherbal	草药利口酒	hand
direct	fluid.gt6.liqueurlemon	柠檬利口酒	hand
direct	fluid.gt6.liqueurmelon	甜瓜利口酒	hand
direct	fluid.gt6.liqueurmint	薄荷利口酒	hand
direct	fluid.gt6.liqueurorange	橙子利口酒	hand
direct	fluid.gt6.liqueurpeach	桃子利口酒	hand
direct	fluid.gt6.liqueurraspberry	树莓利口酒	hand
direct	fluid.gt6.liquid_extra_heavy_oil	超重油	hand
direct	fluid.gt6.liquid_heavy_oil	重油	hand
direct	fluid.gt6.liquid_light_oil	轻油	hand
direct	fluid.gt6.liquid_medium_oil	原油	hand
direct	fluid.gt6.liquidoxygen	液氧	hand
direct	fluid.gt6.liquorapple	苹果白酒	hand
direct	fluid.gt6.liquorapricot	杏子白酒	hand
direct	fluid.gt6.liquorcherry	樱桃白酒	hand
direct	fluid.gt6.liquorelderberry	接骨木白酒	hand
direct	fluid.gt6.liquorfruit	水果白酒	hand
direct	fluid.gt6.liquorpear	梨子白酒	hand
direct	fluid.gt6.lithium6_molten	熔融锂-6	hand
direct	fluid.gt6.lithium_chloride_molten	熔融氯化锂	hand
direct	fluid.gt6.lithium_molten	熔融锂	hand
direct	fluid.gt6.lubricant	润滑油	hand
direct	fluid.gt6.mangojuice	芒果汁	hand
direct	fluid.gt6.mangosmoothie	芒果冰沙	hand
direct	fluid.gt6.maplesap	枫树汁液	hand
direct	fluid.gt6.maplesyrup	枫树糖浆	hand
direct	fluid.gt6.martianvitriol	硫酸铁	hand
direct	fluid.gt6.mashcorn	玉米浆	hand
direct	fluid.gt6.mashgrain	谷物浆	hand
direct	fluid.gt6.mashrye	黑麦浆	hand
direct	fluid.gt6.mashwheat	小麦浆	hand
direct	fluid.gt6.mayo	蛋黄酱	hand
direct	fluid.gt6.mcguffium	乌有岩(迷)	hand
direct	fluid.gt6.mead	Mead	hand
direct	fluid.gt6.medicine.heal	药水	hand
direct	fluid.gt6.medicine.laxative	泻药	hand
direct	fluid.gt6.melonjuice	西瓜汁	hand
direct	fluid.gt6.melonsmoothie	西瓜冰沙	hand
direct	fluid.gt6.mercury	汞	hand
direct	fluid.gt6.methane	甲烷	hand
direct	fluid.gt6.milk	牛奶	hand
direct	fluid.gt6.mineralsoda	含汽矿泉水	hand
direct	fluid.gt6.mnwtr	矿泉水	hand
direct	fluid.gt6.molten_hsla	熔融HSLA钢	hand
direct	fluid.gt6.molten_latex	胶乳	hand
direct	fluid.gt6.mushroomsoup	蘑菇煲	hand
direct	fluid.gt6.natural_gas	天然气	hand
direct	fluid.gt6.neon	氖	hand
direct	fluid.gt6.netherair	下界空气	hand
direct	fluid.gt6.neutralmatter	中性物质	hand
direct	fluid.gt6.nikolinealloy_molten	熔融蓝石合金	hand
direct	fluid.gt6.nitricacid	硝酸	hand
direct	fluid.gt6.nitrofuel	硝基柴油	hand
direct	fluid.gt6.nitrogen	氮	hand
direct	fluid.gt6.nitrogen_plasma	氮离子	hand
direct	fluid.gt6.nitrogendioxide	二氧化氮	hand
direct	fluid.gt6.nitrogenmonoxide	一氧化氮	hand
direct	fluid.gt6.nutella	能多益	hand
direct	fluid.gt6.nutoil	坚果油	hand
direct	fluid.gt6.onionjuice	洋葱汁	hand
direct	fluid.gt6.orangesmoothie	橙子冰沙	hand
direct	fluid.gt6.oxygen	氧	hand
direct	fluid.gt6.papayajuice	木瓜汁	hand
direct	fluid.gt6.papayasmoothie	木瓜冰沙	hand
direct	fluid.gt6.peachsmoothie	桃冰沙	hand
direct	fluid.gt6.peanutbutter	花生酱	hand
direct	fluid.gt6.pearsmoothie	梨冰沙	hand
direct	fluid.gt6.persimmonjuice	柿子汁	hand
direct	fluid.gt6.persimmonsmoothie	柿子冰沙	hand
direct	fluid.gt6.petrol	汽油	hand
direct	fluid.gt6.petrotheum	构造之地岩	hand
direct	fluid.gt6.pina_colada	凤梨可乐达	hand
direct	fluid.gt6.pineapplesmoothie	菠萝冰沙	hand
direct	fluid.gt6.pinkslime	粉色史莱姆	hand
direct	fluid.gt6.pinkvitriol	硫酸镁	hand
direct	fluid.gt6.plantoil	植物油	hand
direct	fluid.gt6.plastic	熔融塑料	hand
direct	fluid.gt6.plumsmoothie	李子冰沙	hand
direct	fluid.gt6.poison	毒液	hand
direct	fluid.gt6.pomegranatejuice	石榴汁	hand
direct	fluid.gt6.pomegranatesmoothie	石榴冰沙	hand
direct	fluid.gt6.potatojuice	马铃薯汁	hand
direct	fluid.gt6.potion.awkward	粗制的药水	hand
direct	fluid.gt6.potion.cafeaulait	欧蕾咖啡	hand
direct	fluid.gt6.potion.coffee	咖啡	hand
direct	fluid.gt6.potion.damage	伤害药水	hand
direct	fluid.gt6.potion.damage.lingering	滞留型伤害药水	hand
direct	fluid.gt6.potion.damage.splash	喷溅伤害药水	hand
direct	fluid.gt6.potion.damage.strong	加强伤害药水	hand
direct	fluid.gt6.potion.damage.strong.lingering	加强滞留型伤害药水	hand
direct	fluid.gt6.potion.damage.strong.splash	加强喷溅伤害药水	hand
direct	fluid.gt6.potion.darkcafeaulait	欧蕾黑咖啡	hand
direct	fluid.gt6.potion.darkchocolatemilk	苦味巧克力牛奶	hand
direct	fluid.gt6.potion.darkcoffee	清咖啡	hand
direct	fluid.gt6.potion.fireresistance	抗火药水	hand
direct	fluid.gt6.potion.fireresistance.lingering	滞留型抗火药水	hand
direct	fluid.gt6.potion.fireresistance.long	加长抗火药水	hand
direct	fluid.gt6.potion.fireresistance.long.lingering	加长滞留型抗火药水	hand
direct	fluid.gt6.potion.fireresistance.long.splash	加长喷溅抗火药水	hand
direct	fluid.gt6.potion.fireresistance.splash	喷溅抗火药水	hand
direct	fluid.gt6.potion.goldenapplejuice	金苹果汁	hand
direct	fluid.gt6.potion.goldencider	金苹果酒	hand
direct	fluid.gt6.potion.health	治愈药水	hand
direct	fluid.gt6.potion.health.lingering	滞留型治愈药水	hand
direct	fluid.gt6.potion.health.splash	喷溅治愈药水	hand
direct	fluid.gt6.potion.health.strong	加强治愈药水	hand
direct	fluid.gt6.potion.health.strong.lingering	加强滞留型治愈药水	hand
direct	fluid.gt6.potion.health.strong.splash	加强喷溅治愈药水	hand
direct	fluid.gt6.potion.idunsapplejuice	伊顿苹果汁	hand
direct	fluid.gt6.potion.invisibility	隐身药水	hand
direct	fluid.gt6.potion.invisibility.lingering	滞留型隐身药水	hand
direct	fluid.gt6.potion.invisibility.long	加长隐身药水	hand
direct	fluid.gt6.potion.invisibility.long.lingering	加长滞留型隐身药水	hand
direct	fluid.gt6.potion.invisibility.long.splash	加长喷溅隐身药水	hand
direct	fluid.gt6.potion.invisibility.splash	喷溅隐身药水	hand
direct	fluid.gt6.potion.jump	跳跃提升药水	hand
direct	fluid.gt6.potion.jump.lingering	滞留型跳跃提升药水	hand
direct	fluid.gt6.potion.jump.splash	喷溅跳跃提升药水	hand
direct	fluid.gt6.potion.jump.strong	加强跳跃提升药水	hand
direct	fluid.gt6.potion.jump.strong.lingering	加强滞留型跳跃提升药水	hand
direct	fluid.gt6.potion.jump.strong.splash	加强喷溅跳跃提升药水	hand
direct	fluid.gt6.potion.laitaucafe	法式牛奶咖啡	hand
direct	fluid.gt6.potion.mundane	平凡的药水	hand
direct	fluid.gt6.potion.nightvision	夜视药水	hand
direct	fluid.gt6.potion.nightvision.lingering	滞留型夜视药水	hand
direct	fluid.gt6.potion.nightvision.long	加长夜视药水	hand
direct	fluid.gt6.potion.nightvision.long.lingering	加长滞留型夜视药水	hand
direct	fluid.gt6.potion.nightvision.long.splash	加长喷溅夜视药水	hand
direct	fluid.gt6.potion.nightvision.splash	喷溅夜视药水	hand
direct	fluid.gt6.potion.notchesbrew	炖Notch	hand
direct	fluid.gt6.potion.poison	剧毒药水	hand
direct	fluid.gt6.potion.poison.lingering	滞留型剧毒药水	hand
direct	fluid.gt6.potion.poison.long	加长剧毒药水	hand
direct	fluid.gt6.potion.poison.long.lingering	加长滞留型剧毒药水	hand
direct	fluid.gt6.potion.poison.long.splash	加长喷溅剧毒药水	hand
direct	fluid.gt6.potion.poison.splash	喷溅剧毒药水	hand
direct	fluid.gt6.potion.poison.strong	加强剧毒药水	hand
direct	fluid.gt6.potion.poison.strong.lingering	加强滞留型剧毒药水	hand
direct	fluid.gt6.potion.poison.strong.splash	加强喷溅剧毒药水	hand
direct	fluid.gt6.potion.regen	再生药水	hand
direct	fluid.gt6.potion.regen.lingering	滞留型再生药水	hand
direct	fluid.gt6.potion.regen.long	加长再生药水	hand
direct	fluid.gt6.potion.regen.long.lingering	加长滞留型再生药水	hand
direct	fluid.gt6.potion.regen.long.splash	加长喷溅再生药水	hand
direct	fluid.gt6.potion.regen.splash	喷溅再生药水	hand
direct	fluid.gt6.potion.regen.strong	加强再生药水	hand
direct	fluid.gt6.potion.regen.strong.lingering	加强滞留型再生药水	hand
direct	fluid.gt6.potion.regen.strong.splash	加强喷溅再生药水	hand
direct	fluid.gt6.potion.slowness	迟缓药水	hand
direct	fluid.gt6.potion.slowness.lingering	滞留型迟缓药水	hand
direct	fluid.gt6.potion.slowness.long	加长迟缓药水	hand
direct	fluid.gt6.potion.slowness.long.lingering	加长滞留型迟缓药水	hand
direct	fluid.gt6.potion.slowness.long.splash	加长喷溅迟缓药水	hand
direct	fluid.gt6.potion.slowness.splash	喷溅迟缓药水	hand
direct	fluid.gt6.potion.speed	迅捷药水	hand
direct	fluid.gt6.potion.speed.lingering	滞留型迅捷药水	hand
direct	fluid.gt6.potion.speed.long	加长迅捷药水	hand
direct	fluid.gt6.potion.speed.long.lingering	加长滞留型迅捷药水	hand
direct	fluid.gt6.potion.speed.long.splash	加长喷溅迅捷药水	hand
direct	fluid.gt6.potion.speed.splash	喷溅迅捷药水	hand
direct	fluid.gt6.potion.speed.strong	加强迅捷药水	hand
direct	fluid.gt6.potion.speed.strong.lingering	加强滞留型迅捷药水	hand
direct	fluid.gt6.potion.speed.strong.splash	加强喷溅迅捷药水	hand
direct	fluid.gt6.potion.strength	力量药水	hand
direct	fluid.gt6.potion.strength.lingering	滞留型力量药水	hand
direct	fluid.gt6.potion.strength.long	加长力量药水	hand
direct	fluid.gt6.potion.strength.long.lingering	加长滞留型力量药水	hand
direct	fluid.gt6.potion.strength.long.splash	加长喷溅力量药水	hand
direct	fluid.gt6.potion.strength.splash	喷溅力量药水	hand
direct	fluid.gt6.potion.strength.strong	加强力量药水	hand
direct	fluid.gt6.potion.strength.strong.lingering	加强滞留型力量药水	hand
direct	fluid.gt6.potion.strength.strong.splash	加强喷溅力量药水	hand
direct	fluid.gt6.potion.tainted	腐化药水	hand
direct	fluid.gt6.potion.thick	浑浊的药水	hand
direct	fluid.gt6.potion.waterbreathing	水肺药水	hand
direct	fluid.gt6.potion.waterbreathing.lingering	滞留型水肺药水	hand
direct	fluid.gt6.potion.waterbreathing.long	加长水肺药水	hand
direct	fluid.gt6.potion.waterbreathing.long.lingering	加长滞留型水肺药水	hand
direct	fluid.gt6.potion.waterbreathing.long.splash	加长喷溅水肺药水	hand
direct	fluid.gt6.potion.waterbreathing.splash	喷溅水肺药水	hand
direct	fluid.gt6.potion.weakness	虚弱药水	hand
direct	fluid.gt6.potion.weakness.lingering	滞留型虚弱药水	hand
direct	fluid.gt6.potion.weakness.long	加长虚弱药水	hand
direct	fluid.gt6.potion.weakness.long.lingering	加长滞留型虚弱药水	hand
direct	fluid.gt6.potion.weakness.long.splash	加长喷溅虚弱药水	hand
direct	fluid.gt6.potion.weakness.splash	喷溅虚弱药水	hand
direct	fluid.gt6.potion_harm_1	伤害药水	hand
direct	fluid.gt6.propane	丙烷	hand
direct	fluid.gt6.propylene	丙烯	hand
direct	fluid.gt6.pumpkinjuice	南瓜汁	hand
direct	fluid.gt6.purpledrink	紫色饮料	hand
direct	fluid.gt6.purplegrapesmoothie	紫葡萄冰沙	hand
direct	fluid.gt6.pyrotheum	烈焰之炽焱	hand
direct	fluid.gt6.radon	氡	hand
direct	fluid.gt6.rainbowsap	彩虹树汁	hand
direct	fluid.gt6.raspberryjuice	树莓汁	hand
direct	fluid.gt6.raspberrysmoothie	树莓冰沙	hand
direct	fluid.gt6.redgrapesmoothie	红葡萄冰沙	hand
direct	fluid.gt6.redstone_molten	熔融红石	hand
direct	fluid.gt6.redstonealloy_molten	熔融红石合金	hand
direct	fluid.gt6.redvitriol	硫酸钴	hand
direct	fluid.gt6.reedwater	芦苇水	hand
direct	fluid.gt6.ricardosanchez	里卡多·桑切斯	hand
direct	fluid.gt6.ricevinegar	米醋	hand
direct	fluid.gt6.ricewater	米汤	hand
direct	fluid.gt6.riverwater	河水	hand
direct	fluid.gt6.rottendrink	过期饮料	hand
direct	fluid.gt6.royal_jelly	蜂王浆	hand
direct	fluid.gt6.rubber_molten	熔融橡胶	hand
direct	fluid.gt6.rumdark	海盗啤酒	hand
direct	fluid.gt6.rumwhite	朗姆酒	hand
direct	fluid.gt6.sake	米酒	hand
direct	fluid.gt6.saltedwater	盐水	hand
direct	fluid.gt6.saltwater	盐水	hand
direct	fluid.gt6.sap	树液	hand
direct	fluid.gt6.seawater	海水	hand
direct	fluid.gt6.seedoil	种子油	hand
direct	fluid.gt6.semiheavywater	半重水	hand
direct	fluid.gt6.short_mead	蜂蜜酒	hand
direct	fluid.gt6.silicon_molten	熔融硅	hand
direct	fluid.gt6.slime	史莱姆粘液	hand
direct	fluid.gt6.slime_blue	蓝色史莱姆	hand
direct	fluid.gt6.sluicejuice	废水	hand
direct	fluid.gt6.soda	苏打水	hand
direct	fluid.gt6.sodium_molten	熔融钠	hand
direct	fluid.gt6.sodiumcarbonate_molten	熔融碳酸钠	hand
direct	fluid.gt6.soulsandoil	灵魂沙油	hand
direct	fluid.gt6.soup_mushroom	蘑菇煲	hand
direct	fluid.gt6.soymilk	豆浆	hand
direct	fluid.gt6.spdew	幻露	hand
direct	fluid.gt6.spiritgin	金酒	hand
direct	fluid.gt6.spiritneutral	中性白酒	hand
direct	fluid.gt6.spiritsugarcane	甘蔗烧酒	hand
direct	fluid.gt6.spoiledmilk	牛奶	hand
direct	fluid.gt6.spruceresin	云杉树脂	hand
direct	fluid.gt6.squidink	墨水	hand
direct	fluid.gt6.stagnantwater	死水	hand
direct	fluid.gt6.stannicchloride	四氯化锡	hand
direct	fluid.gt6.starfruitjuice	杨桃汁	hand
direct	fluid.gt6.starfruitsmoothie	杨桃冰沙	hand
direct	fluid.gt6.steam	蒸汽	hand
direct	fluid.gt6.strawberryjuice	草莓汁	hand
direct	fluid.gt6.strawberrysmoothie	草莓冰沙	hand
direct	fluid.gt6.sugar_molten	熔融糖	hand
direct	fluid.gt6.sulfurdioxide	二氧化硫	hand
direct	fluid.gt6.sulfuricacid	硫酸	hand
direct	fluid.gt6.sulfurtrioxide	三氧化硫	hand
direct	fluid.gt6.sunfloweroil	向日葵油	hand
direct	fluid.gt6.swampwater	沼泽水	hand
direct	fluid.gt6.sweettea	甜茶	hand
direct	fluid.gt6.tar	焦油	hand
direct	fluid.gt6.tea	茶	hand
direct	fluid.gt6.tequila	龙舌兰酒	hand
direct	fluid.gt6.thoriumsalt	熔融钍盐	hand
direct	fluid.gt6.tin_molten	熔融锡	hand
direct	fluid.gt6.titaniumtetrachloride	四氯化钛	hand
direct	fluid.gt6.tritiatedwater	超重水	hand
direct	fluid.gt6.tritium	氚	hand
direct	fluid.gt6.tungsten_molten	熔融钨	hand
direct	fluid.gt6.uranium235hexafluoride	六氟化铀-235	hand
direct	fluid.gt6.uranium238hexafluoride	六氟化铀-238	hand
direct	fluid.gt6.uraniumhexafluoride	六氟化铀	hand
direct	fluid.gt6.uuamplifier	UU增殖液	hand
direct	fluid.gt6.vinegar	葡萄醋	hand
direct	fluid.gt6.vitriolofclay	硫酸铝	hand
direct	fluid.gt6.vodka	伏特加	hand
direct	fluid.gt6.water_boiling	沸水	hand
direct	fluid.gt6.water_geothermal	温泉水	hand
direct	fluid.gt6.waterdirty	污水	hand
direct	fluid.gt6.wax_molten	熔融蜡	hand
direct	fluid.gt6.waxamnesic_molten	熔融遗忘蜜蜡	hand
direct	fluid.gt6.waxbee_molten	熔融蜂蜡	hand
direct	fluid.gt6.waxmagic_molten	熔融魔力蜂蜡	hand
direct	fluid.gt6.waxparaffin_molten	熔融石蜡	hand
direct	fluid.gt6.waxplant_molten	熔融植物蜡	hand
direct	fluid.gt6.waxrefractory_molten	熔融耐高温蜡	hand
direct	fluid.gt6.waxsoulful_molten	熔融灵魂蜜蜡	hand
direct	fluid.gt6.whaleoil	鲸油	hand
direct	fluid.gt6.wheathopsmash	麦芽浆	hand
direct	fluid.gt6.whiskey	威士忌	hand
direct	fluid.gt6.whiskeycorn	玉米威士忌	hand
direct	fluid.gt6.whiskeyrye	黑麦威士忌	hand
direct	fluid.gt6.whiskeywheat	苏格兰威士忌	hand
direct	fluid.gt6.whitegrapesmoothie	白葡萄冰沙	hand
direct	fluid.gt6.whitevitriol	硫酸锌	hand
direct	fluid.gt6.wine	葡萄酒	hand
direct	fluid.gt6.wineagave	龙舌兰酒	hand
direct	fluid.gt6.wineapricot	杏子酒	hand
direct	fluid.gt6.winebanana	香蕉酒	hand
direct	fluid.gt6.winecarrot	胡萝卜酒	hand
direct	fluid.gt6.winecherry	樱桃酒	hand
direct	fluid.gt6.winecitrus	柑橘酒	hand
direct	fluid.gt6.winecranberry	蔓越莓酒	hand
direct	fluid.gt6.wineelderberry	接骨木酒	hand
direct	fluid.gt6.winefortified	强化葡萄酒	hand
direct	fluid.gt6.winepineapple	菠萝苹果酒	hand
direct	fluid.gt6.wineplum	李子酒	hand
direct	fluid.gt6.winered	红葡萄酒	hand
direct	fluid.gt6.winesparkling	起泡酒	hand
direct	fluid.gt6.winetomato	番茄酒	hand
direct	fluid.gt6.winewhite	白葡萄酒	hand
direct	fluid.gt6.xenon	氙	hand
direct	gt.crop.ananas	菠萝	hand
direct	gt.crop.argentia	银穗苇	hand
direct	gt.crop.barley	大麦	hand
direct	gt.crop.blackberries	黑莓	hand
direct	gt.crop.blackcurrants	黑加仑	hand
direct	gt.crop.blazereed	烈焰芦苇	hand
direct	gt.crop.blueberrybush	蓝莓灌木	hand
direct	gt.crop.bobsyeruncleranks	鲍勃大叔莓	hand
direct	gt.crop.candleberrybush	蜡莓灌木	hand
direct	gt.crop.cerublossom	瑟鲁花	hand
direct	gt.crop.chili	辣椒	hand
direct	gt.crop.cinderpearl	烬珍珠	hand
direct	gt.crop.coppon	铜棉	hand
direct	gt.crop.corium	皮革藤	hand
direct	gt.crop.corpseplant	尸体草	hand
direct	gt.crop.cranberries	蔓越莓	hand
direct	gt.crop.creeperweed	苦力怕草	hand
direct	gt.crop.cucumber	黄瓜	hand
direct	gt.crop.darkredappletree	深红苹果树	hand
direct	gt.crop.desertnova	沙漠新星	hand
direct	gt.crop.diareed	钻石苇	hand
direct	gt.crop.eggplant	蛋茄	hand
direct	gt.crop.enderbloom	末影花	hand
direct	gt.crop.flax	亚麻	hand
direct	gt.crop.glowshrooms	荧光疣菇	hand
direct	gt.crop.gooseberrybush	醋栗灌木	hand
direct	gt.crop.greenappletree	青苹果树	hand
direct	gt.crop.greengrapes	青葡萄	hand
direct	gt.crop.indigo	靛蓝	hand
direct	gt.crop.lemonplant	柠檬树	hand
direct	gt.crop.liveroots	活根藤	hand
direct	gt.crop.meatrose	肉玫瑰	hand
direct	gt.crop.milkwart	奶疣	hand
direct	gt.crop.mint	薄荷	hand
direct	gt.crop.oats	燕麦	hand
direct	gt.crop.oilberries	油脂莓	hand
direct	gt.crop.onion	洋葱	hand
direct	gt.crop.peanuts	花生	hand
direct	gt.crop.plumbilia	铅花	hand
direct	gt.crop.purplegrapes	紫葡萄	hand
direct	gt.crop.raspberries	树莓	hand
direct	gt.crop.redappletree	红苹果树	hand
direct	gt.crop.redcurrants	红加仑	hand
direct	gt.crop.redgrapes	红葡萄	hand
direct	gt.crop.rice	水稻	hand
direct	gt.crop.rye	黑麦	hand
direct	gt.crop.shimmerleaf	微光叶	hand
direct	gt.crop.slimeplant	史莱姆草	hand
direct	gt.crop.spidernip	蜘蛛薄荷	hand
direct	gt.crop.steeleafranks	钢叶藤	hand
direct	gt.crop.strawberries	草莓	hand
direct	gt.crop.tea	茶树	hand
direct	gt.crop.tearstalks	恶魂泪茎	hand
direct	gt.crop.tine	锡藤	hand
direct	gt.crop.tomatoplant	番茄树	hand
direct	gt.crop.weed	杂草	hand
direct	gt.crop.whitecurrants	白加仑	hand
direct	gt.crop.whitegrapes	白葡萄	hand
direct	gt.crop.withereed	凋零苇	hand
direct	gt.crop.yellowappletree	黄苹果树	hand
direct	gt.grass.tooltip	不会传播、被吃、改变颜色, 也不需要光照	hand
direct	gt.grass.tooltip.spray	喷漆罐也可以用来给草染色！	hand
direct	gt.lang.requirement.chunk.loader	需要区块载入才能正常工作!	hand
direct	gt.lang.requirement.ignite.fire	需要打火石之类的东西点火	hand
direct	gt.tileentity.portal.end.tooltip.1	仅在主世界和末地之间工作, 并且在末地的坐标差为在主世界的一百二十八分之一!	hand
direct	gt.tileentity.portal.end.tooltip.2	实际可工作区域与计算值的可容错区间: 512m	hand
direct	gt.tileentity.portal.end.tooltip.3	用末影之眼启动该传送门	hand
direct	gt.tileentity.portal.mini.tooltip.1	传送物品、流体、红石、比较器信号、GT能量, 以及更多!	hand
direct	gt.tileentity.portal.mini.tooltip.2	总是将物品传送到最近的被激活的传送门。	hand
direct	gt.tileentity.portal.nether.tooltip.1	仅在主世界和下界之间工作, 并且在下界的坐标差为在主世界的八分之一!	hand
direct	gt.tileentity.portal.nether.tooltip.2	实际可工作区域与计算值的可容错区间: 128m	hand
direct	gt6.asphalt.block	%s沥青	hand
direct	gt6.barley_bale.name	大麦垛	hand
direct	gt6.bars.block	%s栏杆	hand
direct	gt6.concrete.block	%s混凝土	hand
direct	gt6.concrete.block_reinforced	%s强化混凝土	hand
direct	gt6.concrete.slab	%s混凝土半砖	hand
direct	gt6.concrete.slab_reinforced	%s强化混凝土半砖	hand
direct	gt6.cover.conveyor.display	小型电动输送机 (%s)	hand
direct	gt6.cover.robot_arm.display	小型机械臂 (%s)	hand
direct	gt6.cover.selector_tag.display	集成电路 (%s)	hand
direct	gt6.death.spike	%1$s被刺穿了	hand
direct	gt6.death.spike.lego	%1$s踩到了乐高积木！	hand
direct	gt6.dry_grass_bale.name	干草垛	hand
direct	gt6.dye.black	黑色	hand
direct	gt6.dye.blue	蓝色	hand
direct	gt6.dye.brown	褐色	hand
direct	gt6.dye.cyan	青色	hand
direct	gt6.dye.gray	灰色	hand
direct	gt6.dye.green	绿色	hand
direct	gt6.dye.light_blue	淡蓝色	hand
direct	gt6.dye.light_gray	淡灰色	hand
direct	gt6.dye.lime	黄绿色	hand
direct	gt6.dye.magenta	品红	hand
direct	gt6.dye.orange	橙色	hand
direct	gt6.dye.pink	粉色	hand
direct	gt6.dye.purple	紫色	hand
direct	gt6.dye.red	红色	hand
direct	gt6.dye.white	白色	hand
direct	gt6.dye.yellow	黄色	hand
direct	gt6.foamspray.mode.area	3x3区域模式	hand
direct	gt6.foamspray.mode.line	4米直线模式	hand
direct	gt6.foamspray.mode.single_block	单体方块模式	hand
direct	gt6.foamspray.mode.single_slab	单体台阶模式	hand
direct	gt6.foamspray.mode.slab_area	3x3台阶模式	hand
direct	gt6.foamspray.owned	干燥后仅所有者可破坏	hand
direct	gt6.foamspray.paint	可以喷射%s泡沫	hand
direct	gt6.glass.block	%s玻璃	hand
direct	gt6.glass.glow_block	%s荧光玻璃	hand
direct	gt6.grass_bale.name	草垛	hand
direct	gt6.jade.boiler.demand	需求: %s HU/t	hand
direct	gt6.jade.boiler.efficiency	效率: %s%%	hand
direct	gt6.jade.boiler.heat	储存热量: %s / %s HU (%s%%)	hand
direct	gt6.jade.boiler.rate	蒸汽产量: %s mB/t	hand
direct	gt6.jade.boiler.scale	水垢: %s%%	hand
direct	gt6.jade.boiler.scale.clean	锅炉无水垢	hand
direct	gt6.jade.boiler.steam	蒸汽: %s / %s mB (%s%%)	hand
direct	gt6.jade.boiler.water	%s: %s / %s mB (%s%%)	hand
direct	gt6.jade.boiler.water.empty	空罐	hand
direct	gt6.jade.burningbox.ash	灰烬: %s x%s	hand
direct	gt6.jade.burningbox.ash.empty	灰烬: 空	hand
direct	gt6.jade.burningbox.fuel	燃料: %s x%s	hand
direct	gt6.jade.burningbox.fuel.empty	燃料: 空	hand
direct	gt6.jade.common.formed	多方块: 已成形	hand
direct	gt6.jade.common.incomplete	多方块: 未成形	hand
direct	gt6.jade.common.malfunction	故障	hand
direct	gt6.jade.common.malfunction.detail	详情: %s	hand
direct	gt6.jade.common.status.active	运行中	hand
direct	gt6.jade.common.status.inactive	未运行	hand
direct	gt6.jade.converter.active	运行中	hand
direct	gt6.jade.converter.idle	待机	hand
direct	gt6.jade.converter.rate	输出: %s %s/t	hand
direct	gt6.jade.converter.status	状态: %s	hand
direct	gt6.jade.converter.stopped	已停机	hand
direct	gt6.jade.converter.stored	存量: %s / %s %s	hand
direct	gt6.jade.converter.stored.bare	存量: %s %s	hand
direct	gt6.jade.crucible.empty	空	hand
direct	gt6.jade.crucible.entry	  %s: %s 份	hand
direct	gt6.jade.crucible.more	+%s 种	hand
direct	gt6.jade.crucible.owner	归属: %s	hand
direct	gt6.jade.crucible.temperature.bar	温度: %s / %s K	hand
direct	gt6.jade.crucible.total	%s 份	hand
direct	gt6.jade.fluid.group.in	流体输入	hand
direct	gt6.jade.fluid.group.out	流体输出	hand
direct	gt6.jade.machine.energy	存量: %s %s	hand
direct	gt6.jade.machine.input	输入: %s / %s / %s %s	hand
direct	gt6.jade.machine.progress.seconds	进度: %s / %s 秒 (%s%%)	hand
direct	gt6.jade.machine.progress.ticks	进度: %s / %s t (%s%%)	hand
direct	gt6.jade.sensor.mode	模式: %s	hand
direct	gt6.jade.sensor.mode.display	数值	hand
direct	gt6.jade.sensor.mode.equal	等于	hand
direct	gt6.jade.sensor.mode.full	已满	hand
direct	gt6.jade.sensor.mode.greater	大于	hand
direct	gt6.jade.sensor.mode.not_full	未满	hand
direct	gt6.jade.sensor.mode.percent	百分比	hand
direct	gt6.jade.sensor.mode.scale	比例	hand
direct	gt6.jade.sensor.mode.smaller	小于	hand
direct	gt6.jade.sensor.probe	探测面: %s	hand
direct	gt6.jade.sensor.reading	读数: %s	hand
direct	gt6.jade.sensor.redstone	红石: %s	hand
direct	gt6.jade.sensor.sample	采样: %s / %s	hand
direct	gt6.jei.cost.chance	几率: %s	hand
direct	gt6.jei.cost.chance_each	几率: %s（每个）	hand
direct	gt6.jei.cost.costs	总耗: %s GU	hand
direct	gt6.jei.cost.costs_unit	总耗: %s %s	hand
direct	gt6.jei.cost.gain	产出: %s GU	hand
direct	gt6.jei.cost.gain_unit	产出: %s %s	hand
direct	gt6.jei.cost.not_consumed	该物品不会被消耗	hand
direct	gt6.jei.cost.output	输出: %s GU/t	hand
direct	gt6.jei.cost.output_unit	输出: %s %s/t	hand
direct	gt6.jei.cost.power	电流: %s	hand
direct	gt6.jei.cost.start	启动: %s%s	hand
direct	gt6.jei.cost.temperature	温度: %s%s	hand
direct	gt6.jei.cost.tier	电压等级: %s GU	hand
direct	gt6.jei.cost.tier_unit	电压等级: %s %s	hand
direct	gt6.jei.cost.tier_unspecified	电压等级: 未知	hand
direct	gt6.jei.cost.time	时间: %s %s	hand
direct	gt6.jei.cost.unit_mins	分	hand
direct	gt6.jei.cost.unit_secs	秒	hand
direct	gt6.jei.cost.unit_ticks	刻	hand
direct	gt6.jei.cost.usage	功耗: %s GU/t	hand
direct	gt6.jei.cost.usage_unit	功耗: %s %s/t	hand
direct	gt6.jei.info.energy.cu	冷能。单位为工业 EU。	hand
direct	gt6.jei.info.energy.eu	电能。单位为工业 EU。	hand
direct	gt6.jei.info.energy.hu	热能。单位为工业 EU。	hand
direct	gt6.jei.info.energy.ku	动能。单位为工业 EU。	hand
direct	gt6.jei.info.energy.lu	光能。单位为工业 EU。	hand
direct	gt6.jei.info.energy.mu	磁能。单位为工业 EU。	hand
direct	gt6.jei.info.energy.qu	量子能。单位为工业 EU。	hand
direct	gt6.jei.info.energy.ru	旋转能。单位为工业 EU。	hand
direct	gt6.jei.info.energy.tu	时间。单位为刻。	hand
direct	gt6.jei.info.energy_jump_hint	点击查看这种能量的生产方式	hand
direct	gt6.jei.info.ore_gen_info	矿石生成分布	hand
direct	gt6.jei.info.ore_gen_info.dim.atum	Atum	hand
direct	gt6.jei.info.ore_gen_info.dim.end	末地	hand
direct	gt6.jei.info.ore_gen_info.dim.nether	下界	hand
direct	gt6.jei.info.ore_gen_info.dim.overworld	主世界	hand
direct	gt6.jei.info.ore_gen_info.line.bedrock_ore	%s · 每区块 1/%s	hand
direct	gt6.jei.info.ore_gen_info.line.large_vein	%s Y %s-%s · 权重 %s · 规模 %s	hand
direct	gt6.jei.info.ore_gen_info.line.small_ore	%s Y %s-%s · 每区块 %s	hand
direct	gt6.jei.info.ore_gen_info.section.bedrock_ores	基岩矿石	hand
direct	gt6.jei.info.ore_gen_info.section.large_veins	大型矿脉	hand
direct	gt6.jei.info.ore_gen_info.section.small_ores	小矿石	hand
direct	gt6.jei.multiblock_preview	多方块结构预览	hand
direct	gt6.jei.recipe_map.anvil	铁砧	hand
direct	gt6.jei.recipe_map.anvil_bend	铁砧弯曲	hand
direct	gt6.jei.recipe_map.autoclave	高压釜	hand
direct	gt6.jei.recipe_map.bath	浸洗器	hand
direct	gt6.jei.recipe_map.bedrockorelist	基岩钻机	hand
direct	gt6.jei.recipe_map.boxinator	装箱机	hand
direct	gt6.jei.recipe_map.burnmixer	燃烧反应室	hand
direct	gt6.jei.recipe_map.canner	封罐机	hand
direct	gt6.jei.recipe_map.catalyticcracking	催化裂解	hand
direct	gt6.jei.recipe_map.centrifuge	离心机	hand
direct	gt6.jei.recipe_map.clustermill	多辊式轧机	hand
direct	gt6.jei.recipe_map.coagulator	凝结器	hand
direct	gt6.jei.recipe_map.cokeoven	焦炉	hand
direct	gt6.jei.recipe_map.compressor	压缩机	hand
direct	gt6.jei.recipe_map.cooker	烹饪炉	hand
direct	gt6.jei.recipe_map.cruciblealloying	坩埚合金	hand
direct	gt6.jei.recipe_map.cruciblesmelting	坩埚熔炼	hand
direct	gt6.jei.recipe_map.crusher	破碎机	hand
direct	gt6.jei.recipe_map.cryodistillationtower	低温蒸馏塔	hand
direct	gt6.jei.recipe_map.cryomixer	低温搅拌机	hand
direct	gt6.jei.recipe_map.crystallisationcrucible	结晶器	hand
direct	gt6.jei.recipe_map.cutter	切割机	hand
direct	gt6.jei.recipe_map.distillationtower	蒸馏塔	hand
direct	gt6.jei.recipe_map.distillery	蒸馏器	hand
direct	gt6.jei.recipe_map.drying	干燥机	hand
direct	gt6.jei.recipe_map.electrolyzer	电解机	hand
direct	gt6.jei.recipe_map.extruder	压模器	hand
direct	gt6.jei.recipe_map.fermenter	发酵器	hand
direct	gt6.jei.recipe_map.freezer	冷冻机	hand
direct	gt6.jei.recipe_map.fuels_burn	可燃燃料	hand
direct	gt6.jei.recipe_map.fuels_engine	引擎燃料	hand
direct	gt6.jei.recipe_map.fuels_fluidbed	流化床燃料	hand
direct	gt6.jei.recipe_map.fuels_gas	燃气燃料	hand
direct	gt6.jei.recipe_map.fuels_hot	高温燃料	hand
direct	gt6.jei.recipe_map.fusionreactor	聚变反应堆	hand
direct	gt6.jei.recipe_map.generifier	精馏机	hand
direct	gt6.jei.recipe_map.hammer	锤	hand
direct	gt6.jei.recipe_map.implosioncompressor	聚爆压缩机	hand
direct	gt6.jei.recipe_map.injector	注入机	hand
direct	gt6.jei.recipe_map.juicer	榨汁机	hand
direct	gt6.jei.recipe_map.laminator	层压机	hand
direct	gt6.jei.recipe_map.laserengraver	精密激光刻蚀机	hand
direct	gt6.jei.recipe_map.lathe	车床	hand
direct	gt6.jei.recipe_map.lightning	雷电处理器	hand
direct	gt6.jei.recipe_map.loom	织布机	hand
direct	gt6.jei.recipe_map.magneticseparator	磁选机	hand
direct	gt6.jei.recipe_map.massfab	物质制造机	hand
direct	gt6.jei.recipe_map.melter	熔融炉	hand
direct	gt6.jei.recipe_map.microwave	微波炉	hand
direct	gt6.jei.recipe_map.mixer	搅拌机	hand
direct	gt6.jei.recipe_map.mortar	研钵	hand
direct	gt6.jei.recipe_map.nanofab	纳米制造机	hand
direct	gt6.jei.recipe_map.polarizer	电磁偏振器	hand
direct	gt6.jei.recipe_map.press	压力成型机	hand
direct	gt6.jei.recipe_map.pressurewasher	水压清洗机	hand
direct	gt6.jei.recipe_map.printer	打印机	hand
direct	gt6.jei.recipe_map.replicator	物质复制器	hand
direct	gt6.jei.recipe_map.roaster	焙烧炉	hand
direct	gt6.jei.recipe_map.rollbender	辊弯机	hand
direct	gt6.jei.recipe_map.rollformer	辊压成型机	hand
direct	gt6.jei.recipe_map.rollingmill	辊压机	hand
direct	gt6.jei.recipe_map.scannermolecular	分子扫描仪	hand
direct	gt6.jei.recipe_map.scannervisuals	扫描仪（影像）	hand
direct	gt6.jei.recipe_map.sharpener	砂轮机	hand
direct	gt6.jei.recipe_map.shredder	粉碎机	hand
direct	gt6.jei.recipe_map.sifter	筛选机	hand
direct	gt6.jei.recipe_map.slicer	切片机	hand
direct	gt6.jei.recipe_map.sluice	洗矿厂	hand
direct	gt6.jei.recipe_map.smelter	液化炉	hand
direct	gt6.jei.recipe_map.squeezer	压榨机	hand
direct	gt6.jei.recipe_map.steamcracking	蒸汽裂解	hand
direct	gt6.jei.recipe_map.toolhead	手柄工具头	hand
direct	gt6.jei.recipe_map.unboxinator	拆箱机	hand
direct	gt6.jei.recipe_map.welder	焊接机	hand
direct	gt6.jei.recipe_map.wiremill	线材机	hand
direct	gt6.material.breeze	微风	hand
direct	gt6.material.carminite	胭脂石	hand
direct	gt6.material.fireleaf	火叶	hand
direct	gt6.material.golden_amber	金琥珀	hand
direct	gt6.material.superconductor	超导体	hand
direct	gt6.moldy_grass_bale.name	发霉的草垛	hand
direct	gt6.oats_bale.name	燕麦垛	hand
direct	gt6.panel.asphalt	沥青覆盖板	hand
direct	gt6.panel.cfoam	建筑泡沫覆盖板	hand
direct	gt6.panel.concrete	混凝土覆盖板	hand
direct	gt6.panel.wood	木制覆盖板	hand
direct	gt6.path.block	草径	hand
direct	gt6.rice_bale.name	水稻垛	hand
direct	gt6.rotten_grass_bale.name	烂草垛	hand
direct	gt6.row.advanced_crafting_table.display	高级工作台 (%s)	hand
direct	gt6.row.attachment.mat.adamantium	艾德曼合金	hand
direct	gt6.row.attachment.mat.ceramic	陶瓷	hand
direct	gt6.row.attachment.mat.plastic	塑料	hand
direct	gt6.row.attachment.mat.stainless_steel	不锈钢	hand
direct	gt6.row.attachment.mat.steel	钢	hand
direct	gt6.row.attachment.mat.tantalum_hafnium_carbide	碳化钽铪	hand
direct	gt6.row.attachment.mat.tungsten	钨	hand
direct	gt6.row.autoclave.display	高压釜	hand
direct	gt6.row.autocrafter.display	自动工作台 (%s)	hand
direct	gt6.row.axle.display	%s%s轴	hand
direct	gt6.row.basin.display	浇铸盆 (%s)	hand
direct	gt6.row.bath.display	浸洗器	hand
direct	gt6.row.boiler.display	蒸汽锅炉箱 (%s)	hand
direct	gt6.row.boiler.display.strong	强化蒸汽锅炉箱 (%s)	hand
direct	gt6.row.boxinator.display	装箱机 (%s)	hand
direct	gt6.row.bumble.0	野生大黄蜂	hand
direct	gt6.row.bumble.10	魅惑大黄蜂	hand
direct	gt6.row.bumble.100	冲浪大黄蜂	hand
direct	gt6.row.bumble.10000	创造大黄蜂	hand
direct	gt6.row.bumble.10010	建筑大黄蜂	hand
direct	gt6.row.bumble.10020	粘土大黄蜂	hand
direct	gt6.row.bumble.10030	光明大黄蜂	hand
direct	gt6.row.bumble.10100	工业大黄蜂	hand
direct	gt6.row.bumble.10110	监工大黄蜂	hand
direct	gt6.row.bumble.10120	大亨大黄蜂	hand
direct	gt6.row.bumble.10130	垄断大黄蜂	hand
direct	gt6.row.bumble.10200	骑士大黄蜂	hand
direct	gt6.row.bumble.10210	殖民大黄蜂	hand
direct	gt6.row.bumble.10220	皇室大黄蜂	hand
direct	gt6.row.bumble.10230	黑脉金斑大黄蜂	hand
direct	gt6.row.bumble.10300	哥特大黄蜂	hand
direct	gt6.row.bumble.10310	神秘大黄蜂	hand
direct	gt6.row.bumble.10320	叛教大黄蜂	hand
direct	gt6.row.bumble.10330	撒旦大黄蜂	hand
direct	gt6.row.bumble.10400	健忘大黄蜂	hand
direct	gt6.row.bumble.10410	失忆大黄蜂	hand
direct	gt6.row.bumble.10420	痴呆大黄蜂	hand
direct	gt6.row.bumble.10430	黑色大黄蜂	hand
direct	gt6.row.bumble.10500	列兵大黄蜂	hand
direct	gt6.row.bumble.10510	中尉大黄蜂	hand
direct	gt6.row.bumble.10520	上校大黄蜂	hand
direct	gt6.row.bumble.10530	将军大黄蜂	hand
direct	gt6.row.bumble.110	游泳大黄蜂	hand
direct	gt6.row.bumble.120	潜水大黄蜂	hand
direct	gt6.row.bumble.130	深海大黄蜂	hand
direct	gt6.row.bumble.20	寻常大黄蜂	hand
direct	gt6.row.bumble.200	学徒大黄蜂	hand
direct	gt6.row.bumble.20000	烈焰大黄蜂	hand
direct	gt6.row.bumble.20010	火焰大黄蜂	hand
direct	gt6.row.bumble.20020	川陀大黄蜂	hand
direct	gt6.row.bumble.20030	纵火大黄蜂	hand
direct	gt6.row.bumble.20100	暴雪大黄蜂	hand
direct	gt6.row.bumble.20110	冷冻大黄蜂	hand
direct	gt6.row.bumble.20120	冷冻人大黄蜂	hand
direct	gt6.row.bumble.20130	低温大黄蜂	hand
direct	gt6.row.bumble.20200	闪击大黄蜂	hand
direct	gt6.row.bumble.20210	暴雨大黄蜂	hand
direct	gt6.row.bumble.20220	安昂大黄蜂	hand
direct	gt6.row.bumble.20230	大气大黄蜂	hand
direct	gt6.row.bumble.20300	玄武岩大黄蜂	hand
direct	gt6.row.bumble.20310	震动大黄蜂	hand
direct	gt6.row.bumble.20320	地球冒险大黄蜂	hand
direct	gt6.row.bumble.20330	大地大黄蜂	hand
direct	gt6.row.bumble.210	魔法大黄蜂	hand
direct	gt6.row.bumble.220	巫术大黄蜂	hand
direct	gt6.row.bumble.230	知识大黄蜂	hand
direct	gt6.row.bumble.30	田野大黄蜂	hand
direct	gt6.row.bumble.300	下界大黄蜂	hand
direct	gt6.row.bumble.310	地狱大黄蜂	hand
direct	gt6.row.bumble.320	小鬼大黄蜂	hand
direct	gt6.row.bumble.330	恶魔大黄蜂	hand
direct	gt6.row.bumble.400	末地大黄蜂	hand
direct	gt6.row.bumble.410	虚空大黄蜂	hand
direct	gt6.row.bumble.420	厌世大黄蜂	hand
direct	gt6.row.bumble.430	虚无大黄蜂	hand
direct	gt6.row.bumble.500	石化大黄蜂	hand
direct	gt6.row.bumble.510	岩化大黄蜂	hand
direct	gt6.row.bumble.520	硬岩大黄蜂	hand
direct	gt6.row.bumble.530	基岩大黄蜂	hand
direct	gt6.row.bumble.600	丛林大黄蜂	hand
direct	gt6.row.bumble.610	丛林大黄蜂(T2)	hand
direct	gt6.row.bumble.620	丛林大黄蜂(T3)	hand
direct	gt6.row.bumble.630	泰山大黄蜂	hand
direct	gt6.row.bumble.700	冰霜大黄蜂	hand
direct	gt6.row.bumble.710	北极大黄蜂	hand
direct	gt6.row.bumble.720	精灵大黄蜂	hand
direct	gt6.row.bumble.730	圣诞大黄蜂	hand
direct	gt6.row.bumble.800	蘑菇大黄蜂	hand
direct	gt6.row.bumble.810	蟾蜍大黄蜂	hand
direct	gt6.row.bumble.820	兄弟大黄蜂	hand
direct	gt6.row.bumble.830	桃子大黄蜂	hand
direct	gt6.row.bumble.900	沙漠大黄蜂	hand
direct	gt6.row.bumble.910	沙漠大黄蜂(T2)	hand
direct	gt6.row.bumble.920	沙漠大黄蜂(T3)	hand
direct	gt6.row.bumble.930	巨鲲大黄蜂	hand
direct	gt6.row.bumble.name.dead	%1$s (死亡)	hand
direct	gt6.row.bumble.name.dead_scanned	%1$s (死亡) (已扫描)	hand
direct	gt6.row.bumble.name.drone	雄性%1$s	hand
direct	gt6.row.bumble.name.drone_scanned	雄性%1$s (已扫描)	hand
direct	gt6.row.bumble.name.princess	雌性%1$s	hand
direct	gt6.row.bumble.name.princess_scanned	雌性%1$s (已扫描)	hand
direct	gt6.row.bumble.name.queen	%1$s蜂后	hand
direct	gt6.row.bumble.name.queen_scanned	%1$s蜂后 (已扫描)	hand
direct	gt6.row.burning_box.display	燃烧室 (%s, %s)	hand
direct	gt6.row.burning_box.display.dense	致密燃烧室 (%s, %s)	hand
direct	gt6.row.burning_box.display.fluidbed	流化床燃烧室 (%s)	hand
direct	gt6.row.burning_box.display.fluidbed_dense	致密流化床燃烧室 (%s)	hand
direct	gt6.row.burning_box.family.gas	气体	hand
direct	gt6.row.burning_box.family.liquid	液体	hand
direct	gt6.row.burning_box.family.solid	固体	hand
direct	gt6.row.canner.display	罐装机 (%s)	hand
direct	gt6.row.capnozzle.display	%s有盖喷嘴	hand
direct	gt6.row.charging_crafting_table.display	充能工作台 (%s)	hand
direct	gt6.row.charging_locker.display	充能衣橱 (%s)	hand
direct	gt6.row.chest.display	%s箱子	hand
direct	gt6.row.coagulator.display	凝结器	hand
direct	gt6.row.crossing.display	坩埚浇铸道 (%s)	hand
direct	gt6.row.crucible.display.smeltery_adamantium	熔炼坩埚 (艾德曼合金)	hand
direct	gt6.row.crucible.display.smeltery_basalt	熔炼坩埚 (玄武岩)	hand
direct	gt6.row.crucible.display.smeltery_bedrock_hsla_alloy	熔炼坩埚 (基岩合金)	hand
direct	gt6.row.crucible.display.smeltery_betweenstone	熔炼坩埚 (交错石)	hand
direct	gt6.row.crucible.display.smeltery_bronze	熔炼坩埚 (青铜)	hand
direct	gt6.row.crucible.display.smeltery_ceramic	熔炼坩埚 (陶瓷)	hand
direct	gt6.row.crucible.display.smeltery_chromium	熔炼坩埚 (铬)	hand
direct	gt6.row.crucible.display.smeltery_dark_iron	熔炼坩埚 (玄铁)	hand
direct	gt6.row.crucible.display.smeltery_fiery_steel	熔炼坩埚 (炙热钢)	hand
direct	gt6.row.crucible.display.smeltery_granite_black	熔炼坩埚 (黑色花岗岩)	hand
direct	gt6.row.crucible.display.smeltery_granite_red	熔炼坩埚 (红色花岗岩)	hand
direct	gt6.row.crucible.display.smeltery_graphite	熔炼坩埚 (碳)	hand
direct	gt6.row.crucible.display.smeltery_holystone	熔炼坩埚 (圣石)	hand
direct	gt6.row.crucible.display.smeltery_hsla	熔炼坩埚 (HSLA钢)	hand
direct	gt6.row.crucible.display.smeltery_invar	熔炼坩埚 (殷钢)	hand
direct	gt6.row.crucible.display.smeltery_iridium	熔炼坩埚 (铱)	hand
direct	gt6.row.crucible.display.smeltery_knightmetal	熔炼坩埚 (骑士金属)	hand
direct	gt6.row.crucible.display.smeltery_livingrock	熔炼坩埚 (活石)	hand
direct	gt6.row.crucible.display.smeltery_meteoric_iron	熔炼坩埚 (陨铁)	hand
direct	gt6.row.crucible.display.smeltery_meteoric_steel	熔炼坩埚 (陨钢)	hand
direct	gt6.row.crucible.display.smeltery_molybdenum	熔炼坩埚 (钼)	hand
direct	gt6.row.crucible.display.smeltery_nether_brick	熔炼坩埚 (地狱砖)	hand
direct	gt6.row.crucible.display.smeltery_netherite	熔炼坩埚 (下界合金)	hand
direct	gt6.row.crucible.display.smeltery_niobium	熔炼坩埚 (铌)	hand
direct	gt6.row.crucible.display.smeltery_niobium_titanium	熔炼坩埚 (铌钛合金)	hand
direct	gt6.row.crucible.display.smeltery_octine	熔炼坩埚 (炽炎铁)	hand
direct	gt6.row.crucible.display.smeltery_osmium	熔炼坩埚 (锇)	hand
direct	gt6.row.crucible.display.smeltery_quartz	熔炼坩埚 (石英)	hand
direct	gt6.row.crucible.display.smeltery_stainless_steel	熔炼坩埚 (不锈钢)	hand
direct	gt6.row.crucible.display.smeltery_steel	熔炼坩埚 (钢)	hand
direct	gt6.row.crucible.display.smeltery_stone	熔炼坩埚 (石头)	hand
direct	gt6.row.crucible.display.smeltery_tantalum	熔炼坩埚 (钽)	hand
direct	gt6.row.crucible.display.smeltery_tantalum_hafnium_carbide	熔炼坩埚 (碳化钽铪)	hand
direct	gt6.row.crucible.display.smeltery_thaumium	熔炼坩埚 (神秘锭)	hand
direct	gt6.row.crucible.display.smeltery_titanium	熔炼坩埚 (钛)	hand
direct	gt6.row.crucible.display.smeltery_tungsten	熔炼坩埚 (钨)	hand
direct	gt6.row.crucible.display.smeltery_umber	熔炼坩埚 (棕石)	hand
direct	gt6.row.crucible.display.smeltery_vanadium	熔炼坩埚 (钒)	hand
direct	gt6.row.crucible.display.smeltery_void_metal	熔炼坩埚 (虚空金属)	hand
direct	gt6.row.custom_gearbox.display	%s可调变速箱	hand
direct	gt6.row.dense_wall.display	致密%s壁板	hand
direct	gt6.row.diesel.display	%s柴油引擎	hand
direct	gt6.row.distillery.display	蒸馏器 (%s)	hand
direct	gt6.row.dryer.display	干燥器 (%s)	hand
direct	gt6.row.electricloom.display	电力织布机 (%s)	hand
direct	gt6.row.electricmixer.display	电动搅拌机 (%s)	hand
direct	gt6.row.electricsifter.display	电动筛矿机 (%s)	hand
direct	gt6.row.electrolyzer.display	电解器 (%s)	hand
direct	gt6.row.faucet.display	坩埚浇铸口 (%s)	hand
direct	gt6.row.faucet.mat.adamantium	艾德曼合金	hand
direct	gt6.row.faucet.mat.basalt	玄武岩	hand
direct	gt6.row.faucet.mat.bedrock_hsla_alloy	基岩合金	hand
direct	gt6.row.faucet.mat.betweenstone	交错石	hand
direct	gt6.row.faucet.mat.black_granite	黑色花岗岩	hand
direct	gt6.row.faucet.mat.bronze	青铜	hand
direct	gt6.row.faucet.mat.carbon	碳	hand
direct	gt6.row.faucet.mat.ceramic	陶瓷	hand
direct	gt6.row.faucet.mat.chromium	铬	hand
direct	gt6.row.faucet.mat.dark_iron	玄铁	hand
direct	gt6.row.faucet.mat.fiery_steel	炙热钢	hand
direct	gt6.row.faucet.mat.holystone	圣石	hand
direct	gt6.row.faucet.mat.hsla	HSLA钢	hand
direct	gt6.row.faucet.mat.invar	殷钢	hand
direct	gt6.row.faucet.mat.iridium	铱	hand
direct	gt6.row.faucet.mat.knightmetal	骑士金属	hand
direct	gt6.row.faucet.mat.livingrock	活石	hand
direct	gt6.row.faucet.mat.meteoric_iron	陨铁	hand
direct	gt6.row.faucet.mat.meteoric_steel	陨钢	hand
direct	gt6.row.faucet.mat.molybdenum	钼	hand
direct	gt6.row.faucet.mat.nether_brick	地狱砖	hand
direct	gt6.row.faucet.mat.netherite	下界合金	hand
direct	gt6.row.faucet.mat.niobium	铌	hand
direct	gt6.row.faucet.mat.niobium_titanium	铌钛合金	hand
direct	gt6.row.faucet.mat.octine	炽炎铁	hand
direct	gt6.row.faucet.mat.osmium	锇	hand
direct	gt6.row.faucet.mat.quartz	石英	hand
direct	gt6.row.faucet.mat.red_granite	红色花岗岩	hand
direct	gt6.row.faucet.mat.stainless_steel	不锈钢	hand
direct	gt6.row.faucet.mat.steel	钢	hand
direct	gt6.row.faucet.mat.stone	石头	hand
direct	gt6.row.faucet.mat.tantalum	钽	hand
direct	gt6.row.faucet.mat.tantalum_hafnium_carbide	碳化钽铪	hand
direct	gt6.row.faucet.mat.thaumium	神秘锭	hand
direct	gt6.row.faucet.mat.titanium	钛	hand
direct	gt6.row.faucet.mat.tungsten	钨	hand
direct	gt6.row.faucet.mat.umber	棕石	hand
direct	gt6.row.faucet.mat.vanadium	钒	hand
direct	gt6.row.faucet.mat.void_metal	虚空金属	hand
direct	gt6.row.fermenter.display	发酵器	hand
direct	gt6.row.fluid_pipe.display.huge	巨型%s流体管道	hand
direct	gt6.row.fluid_pipe.display.large	大型%s流体管道	hand
direct	gt6.row.fluid_pipe.display.medium	%s流体管道	hand
direct	gt6.row.fluid_pipe.display.nonuple	九合一%s流体管道	hand
direct	gt6.row.fluid_pipe.display.quadruple	四合一%s流体管道	hand
direct	gt6.row.fluid_pipe.display.small	小型%s流体管道	hand
direct	gt6.row.fluid_pipe.display.tiny	微型%s流体管道	hand
direct	gt6.row.fluid_pipe.mat.adamantium	艾德曼合金	hand
direct	gt6.row.fluid_pipe.mat.aluminium	铝	hand
direct	gt6.row.fluid_pipe.mat.awakened_draconium	觉醒龙	hand
direct	gt6.row.fluid_pipe.mat.bedrock_hsla_alloy	基岩合金	hand
direct	gt6.row.fluid_pipe.mat.bronze	青铜	hand
direct	gt6.row.fluid_pipe.mat.carbon	碳	hand
direct	gt6.row.fluid_pipe.mat.chromium	铬	hand
direct	gt6.row.fluid_pipe.mat.copper	铜	hand
direct	gt6.row.fluid_pipe.mat.desh	戴斯	hand
direct	gt6.row.fluid_pipe.mat.draconium	龙	hand
direct	gt6.row.fluid_pipe.mat.efrine	绿晶	hand
direct	gt6.row.fluid_pipe.mat.gaia_spirit	盖亚之魂	hand
direct	gt6.row.fluid_pipe.mat.galvanized_steel	镀锌钢	hand
direct	gt6.row.fluid_pipe.mat.gold	金	hand
direct	gt6.row.fluid_pipe.mat.hsla	HSLA钢	hand
direct	gt6.row.fluid_pipe.mat.infinity	无尽	hand
direct	gt6.row.fluid_pipe.mat.invar	殷钢	hand
direct	gt6.row.fluid_pipe.mat.iridium	铱	hand
direct	gt6.row.fluid_pipe.mat.iron_wood	铁木	hand
direct	gt6.row.fluid_pipe.mat.manasteel	魔力钢	hand
direct	gt6.row.fluid_pipe.mat.netherite	下界合金	hand
direct	gt6.row.fluid_pipe.mat.palladium	钯	hand
direct	gt6.row.fluid_pipe.mat.plastic	塑料	hand
direct	gt6.row.fluid_pipe.mat.rubber	橡胶	hand
direct	gt6.row.fluid_pipe.mat.stainless_steel	不锈钢	hand
direct	gt6.row.fluid_pipe.mat.steel	钢	hand
direct	gt6.row.fluid_pipe.mat.tantalum_hafnium_carbide	碳化钽铪	hand
direct	gt6.row.fluid_pipe.mat.terrasteel	泰拉钢	hand
direct	gt6.row.fluid_pipe.mat.thaumium	神秘锭	hand
direct	gt6.row.fluid_pipe.mat.tin_alloy	锡合金	hand
direct	gt6.row.fluid_pipe.mat.titanium	钛	hand
direct	gt6.row.fluid_pipe.mat.tungsten	钨	hand
direct	gt6.row.fluid_pipe.mat.tungsten_alloy	钨合金	hand
direct	gt6.row.fluid_pipe.mat.tungsten_carbide	碳化钨	hand
direct	gt6.row.fluid_pipe.mat.tungstensteel	钨钢	hand
direct	gt6.row.fluid_pipe.mat.vanadium_steel	钒钢	hand
direct	gt6.row.fluid_pipe.mat.void_metal	虚空金属	hand
direct	gt6.row.fluid_pipe.mat.wood	木	hand
direct	gt6.row.fluid_pipe.mat.wood_treated	防腐木	hand
direct	gt6.row.fluid_pipe.mat.workers_alloy	工人合金	hand
direct	gt6.row.funnel.display	%s漏斗	hand
direct	gt6.row.generifier.display	转换器	hand
direct	gt6.row.hopper.display	%s料斗	hand
direct	gt6.row.injector.display	流体灌装机 (%s)	hand
direct	gt6.row.item_pipe.display.huge	巨型%s物品管道	hand
direct	gt6.row.item_pipe.display.large	大型%s物品管道	hand
direct	gt6.row.item_pipe.display.medium	%s物品管道	hand
direct	gt6.row.item_pipe.display.restrictive_huge	限流巨型%s物品管道	hand
direct	gt6.row.item_pipe.display.restrictive_large	限流大型%s物品管道	hand
direct	gt6.row.item_pipe.display.restrictive_medium	限流%s物品管道	hand
direct	gt6.row.laminator.display	过胶机 (%s)	hand
direct	gt6.row.large_boiler.display	%s锅炉气压计核心	hand
direct	gt6.row.lightningprocessor.display	闪电处理器 (%s)	hand
direct	gt6.row.machine.bumblelyzer	膜翅目昆虫分析仪 (%s)	hand
direct	gt6.row.machine.burner_mixer	燃烧反应室 (%s)	hand
direct	gt6.row.machine.buzzsaw	圆锯 (%s)	hand
direct	gt6.row.machine.catalytic_cracker	催化裂解器 (%s)	hand
direct	gt6.row.machine.centrifuge	离心机 (%s)	hand
direct	gt6.row.machine.cluster_mill	多辊式轧机 (%s)	hand
direct	gt6.row.machine.compressor	压缩机 (%s)	hand
direct	gt6.row.machine.crusher	破碎机	hand
direct	gt6.row.machine.crusher.display	破碎机 (%s)	hand
direct	gt6.row.machine.cryo_mixer	低温搅拌机 (%s)	hand
direct	gt6.row.machine.crystallisation_crucible	结晶器 (%s)	hand
direct	gt6.row.machine.display	%s (%s)	hand
direct	gt6.row.machine.extruder	压模器	hand
direct	gt6.row.machine.extruder.display	压模器 (%s)	hand
direct	gt6.row.machine.extruder.low_heat.display	低温压模器 (%s)	hand
direct	gt6.row.machine.extruder_low_heat	低温压模器	hand
direct	gt6.row.machine.freezer	冷冻机 (%s)	hand
direct	gt6.row.machine.laser_engraver	激光刻蚀机 (%s)	hand
direct	gt6.row.machine.laser_welder	激光焊接器 (%s)	hand
direct	gt6.row.machine.lathe	车床	hand
direct	gt6.row.machine.loom	织布机 (%s)	hand
direct	gt6.row.machine.magnetic_separator	磁选机 (%s)	hand
direct	gt6.row.machine.massfab	物质制造机 (%s)	hand
direct	gt6.row.machine.mixer	搅拌机 (%s)	hand
direct	gt6.row.machine.molecular_scanner	分子扫描仪 (%s)	hand
direct	gt6.row.machine.plantalyzer	植物分析仪 (%s)	hand
direct	gt6.row.machine.polarizer	电磁偏振器 (%s)	hand
direct	gt6.row.machine.press	压力成型机	hand
direct	gt6.row.machine.press.display	压力成型机 (%s)	hand
direct	gt6.row.machine.pressure_washer	水压清洗机 (%s)	hand
direct	gt6.row.machine.replicator	物质复制器 (%s)	hand
direct	gt6.row.machine.roasting_oven	焙烧炉 (%s)	hand
direct	gt6.row.machine.roll_bender	辊弯机 (%s)	hand
direct	gt6.row.machine.roll_former	辊压成型机 (%s)	hand
direct	gt6.row.machine.rolling_mill	辊压机 (%s)	hand
direct	gt6.row.machine.sanding_machine	砂轮 (%s)	hand
direct	gt6.row.machine.shredder	粉碎机	hand
direct	gt6.row.machine.shredder.display	粉碎机 (%s)	hand
direct	gt6.row.machine.sifter	筛选机 (%s)	hand
direct	gt6.row.machine.sluice	洗矿厂 (%s)	hand
direct	gt6.row.machine.smelter	液化炉 (%s)	hand
direct	gt6.row.machine.squeezer	榨汁机 (%s)	hand
direct	gt6.row.machine.steam_cracker	蒸汽裂解器 (%s)	hand
direct	gt6.row.machine.wiremill	线材机 (%s)	hand
direct	gt6.row.mat.adamantium	艾德曼合金	hand
direct	gt6.row.mat.aluminium	铝	hand
direct	gt6.row.mat.aluminium_brass	铝黄铜	hand
direct	gt6.row.mat.angmallen	神圣之金	hand
direct	gt6.row.mat.antimony	锑	hand
direct	gt6.row.mat.any_wood	木	hand
direct	gt6.row.mat.ardite	阿迪特	hand
direct	gt6.row.mat.arsenic_bronze	砷青铜	hand
direct	gt6.row.mat.arsenic_copper	砷铜	hand
direct	gt6.row.mat.awakened_draconium	觉醒龙	hand
direct	gt6.row.mat.basalt	玄武岩	hand
direct	gt6.row.mat.bedrock_hsla_alloy	基岩合金	hand
direct	gt6.row.mat.betweenstone	交错石	hand
direct	gt6.row.mat.bismuth	铋	hand
direct	gt6.row.mat.bismuth_bronze	铋青铜	hand
direct	gt6.row.mat.black_bronze	黑青铜	hand
direct	gt6.row.mat.brass	黄铜	hand
direct	gt6.row.mat.brick	砖	hand
direct	gt6.row.mat.bronze	青铜	hand
direct	gt6.row.mat.ceramic	陶瓷	hand
direct	gt6.row.mat.chromium	铬	hand
direct	gt6.row.mat.cobalt	钴	hand
direct	gt6.row.mat.cobalt_brass	钴黄铜	hand
direct	gt6.row.mat.constantan	康铜	hand
direct	gt6.row.mat.dark_iron	玄铁	hand
direct	gt6.row.mat.desh	戴斯	hand
direct	gt6.row.mat.desh_alloy	工人合金	hand
direct	gt6.row.mat.draconium	龙	hand
direct	gt6.row.mat.draconium_awakened	觉醒龙	hand
direct	gt6.row.mat.duranium_alloy	钍瑞铌合金	hand
direct	gt6.row.mat.efrine	绿晶	hand
direct	gt6.row.mat.electrum	琥珀金	hand
direct	gt6.row.mat.elementium	源质钢	hand
direct	gt6.row.mat.enderium	末影	hand
direct	gt6.row.mat.ev	EV	hand
direct	gt6.row.mat.fiery_steel	炙热钢	hand
direct	gt6.row.mat.galvanized_steel	镀锌钢	hand
direct	gt6.row.mat.germanium	锗	hand
direct	gt6.row.mat.gilded_iron	镀金铁	hand
direct	gt6.row.mat.gold	金	hand
direct	gt6.row.mat.granite_black	黑色花岗岩	hand
direct	gt6.row.mat.granite_red	红色花岗岩	hand
direct	gt6.row.mat.graphene	石墨烯	hand
direct	gt6.row.mat.graphite	碳	hand
direct	gt6.row.mat.holystone	圣石	hand
direct	gt6.row.mat.hsla	HSLA钢	hand
direct	gt6.row.mat.hsla_steel	HSLA钢	hand
direct	gt6.row.mat.hv	HV	hand
direct	gt6.row.mat.infinity	无尽	hand
direct	gt6.row.mat.invar	殷钢	hand
direct	gt6.row.mat.iridium	铱	hand
direct	gt6.row.mat.iron_wood	铁木	hand
direct	gt6.row.mat.iv	IV	hand
direct	gt6.row.mat.knightmetal	骑士金属	hand
direct	gt6.row.mat.lead	铅	hand
direct	gt6.row.mat.livingrock	活石	hand
direct	gt6.row.mat.lumium	流明	hand
direct	gt6.row.mat.lv	LV	hand
direct	gt6.row.mat.magnalium	镁铝合金	hand
direct	gt6.row.mat.manasteel	魔力钢	hand
direct	gt6.row.mat.manganese	锰	hand
direct	gt6.row.mat.manyullyn	玛玉灵	hand
direct	gt6.row.mat.meteoric_iron	陨铁	hand
direct	gt6.row.mat.meteoric_steel	陨钢	hand
direct	gt6.row.mat.meteorite	陨石	hand
direct	gt6.row.mat.molybdenum	钼	hand
direct	gt6.row.mat.mv	MV	hand
direct	gt6.row.mat.nether_brick	地狱砖	hand
direct	gt6.row.mat.netherite	下界合金	hand
direct	gt6.row.mat.nickel	镍	hand
direct	gt6.row.mat.niobium	铌	hand
direct	gt6.row.mat.niobium_titanium	铌钛合金	hand
direct	gt6.row.mat.octine	炽炎铁	hand
direct	gt6.row.mat.osmiridium	铱锇合金	hand
direct	gt6.row.mat.osmium	锇	hand
direct	gt6.row.mat.palladium	钯	hand
direct	gt6.row.mat.platinum	铂	hand
direct	gt6.row.mat.quartz	石英	hand
direct	gt6.row.mat.rose_gold	玫瑰金	hand
direct	gt6.row.mat.silver	银	hand
direct	gt6.row.mat.stainless_steel	不锈钢	hand
direct	gt6.row.mat.steel	钢	hand
direct	gt6.row.mat.steeleaf	钢叶	hand
direct	gt6.row.mat.sterling_silver	纯银	hand
direct	gt6.row.mat.stone	石头	hand
direct	gt6.row.mat.syrmorite	赛摩铜	hand
direct	gt6.row.mat.t1	T1	hand
direct	gt6.row.mat.t2	T2	hand
direct	gt6.row.mat.t3	T3	hand
direct	gt6.row.mat.t4	T4	hand
direct	gt6.row.mat.t5	T5	hand
direct	gt6.row.mat.tantalum	钽	hand
direct	gt6.row.mat.tantalum_hafnium_carbide	碳化钽铪	hand
direct	gt6.row.mat.terrasteel	泰拉钢	hand
direct	gt6.row.mat.thaumium	神秘锭	hand
direct	gt6.row.mat.tin_alloy	锡合金	hand
direct	gt6.row.mat.titanium	钛	hand
direct	gt6.row.mat.titanium_iridium	钛铱合金	hand
direct	gt6.row.mat.trinaquadalloy	碳化特林-钍瑞铌合金	hand
direct	gt6.row.mat.trinitanium	特林钛合金	hand
direct	gt6.row.mat.tritanium_alloy	钛金	hand
direct	gt6.row.mat.tungsten	钨	hand
direct	gt6.row.mat.tungsten_alloy	钨合金	hand
direct	gt6.row.mat.tungsten_carbide	碳化钨	hand
direct	gt6.row.mat.tungstensteel	钨钢	hand
direct	gt6.row.mat.ultimet	钴铬钨合金	hand
direct	gt6.row.mat.ulv	ULV	hand
direct	gt6.row.mat.umber	棕石	hand
direct	gt6.row.mat.vanadium	钒	hand
direct	gt6.row.mat.vibranium_silver	银振金合金	hand
direct	gt6.row.mat.void_metal	虚空金属	hand
direct	gt6.row.mat.wood	木	hand
direct	gt6.row.mat.wood_treated	木制	hand
direct	gt6.row.mat.workers_alloy	工人合金	hand
direct	gt6.row.melter.display	熔化炉	hand
direct	gt6.row.metal_bookshelf.display	书架 (%s)	hand
direct	gt6.row.metal_bottlecrate.display	瓶筐 (%s)	hand
direct	gt6.row.metal_wall.display	%s壁板	hand
direct	gt6.row.mold.display.mold_ceramic	陶瓷模具	hand
direct	gt6.row.mold.display.mold_ceramic_arrow	陶瓷模具 (箭)	hand
direct	gt6.row.mold.display.mold_ceramic_axe	陶瓷模具 (斧)	hand
direct	gt6.row.mold.display.mold_ceramic_billet	陶瓷模具 (胚料)	hand
direct	gt6.row.mold.display.mold_ceramic_bolt	陶瓷模具 (螺栓)	hand
direct	gt6.row.mold.display.mold_ceramic_builderwand	陶瓷模具 (建筑之杖)	hand
direct	gt6.row.mold.display.mold_ceramic_chisel	陶瓷模具 (凿子)	hand
direct	gt6.row.mold.display.mold_ceramic_chunk	陶瓷模具 (小块)	hand
direct	gt6.row.mold.display.mold_ceramic_double_axe	陶瓷模具 (双刃斧)	hand
direct	gt6.row.mold.display.mold_ceramic_file	陶瓷模具 (锉刀)	hand
direct	gt6.row.mold.display.mold_ceramic_gear	陶瓷模具 (齿轮)	hand
direct	gt6.row.mold.display.mold_ceramic_hammer	陶瓷模具 (锤)	hand
direct	gt6.row.mold.display.mold_ceramic_hoe	陶瓷模具 (锄)	hand
direct	gt6.row.mold.display.mold_ceramic_ingot	陶瓷模具 (锭)	hand
direct	gt6.row.mold.display.mold_ceramic_item_casing	陶瓷模具 (外壳)	hand
direct	gt6.row.mold.display.mold_ceramic_long_rod	陶瓷模具 (长杆)	hand
direct	gt6.row.mold.display.mold_ceramic_nugget	陶瓷模具 (粒)	hand
direct	gt6.row.mold.display.mold_ceramic_pickaxe	陶瓷模具 (镐)	hand
direct	gt6.row.mold.display.mold_ceramic_plate	陶瓷模具 (板)	hand
direct	gt6.row.mold.display.mold_ceramic_plow	陶瓷模具 (犁)	hand
direct	gt6.row.mold.display.mold_ceramic_ring	陶瓷模具 (环)	hand
direct	gt6.row.mold.display.mold_ceramic_rod	陶瓷模具 (杆)	hand
direct	gt6.row.mold.display.mold_ceramic_saw	陶瓷模具 (锯)	hand
direct	gt6.row.mold.display.mold_ceramic_screwdriver	陶瓷模具 (螺丝刀)	hand
direct	gt6.row.mold.display.mold_ceramic_sense	陶瓷模具 (镰刀)	hand
direct	gt6.row.mold.display.mold_ceramic_shovel	陶瓷模具 (锹)	hand
direct	gt6.row.mold.display.mold_ceramic_small_gear	陶瓷模具 (小型齿轮)	hand
direct	gt6.row.mold.display.mold_ceramic_spade	陶瓷模具 (铲)	hand
direct	gt6.row.mold.display.mold_ceramic_sword	陶瓷模具 (剑)	hand
direct	gt6.row.mold.display.mold_ceramic_tiny_plate	陶瓷模具 (小块板)	hand
direct	gt6.row.mold.display.mold_ceramic_universal_spade	陶瓷模具 (万用铲)	hand
direct	gt6.row.mold.display.mold_stone	石头模具	hand
direct	gt6.row.nozzle.display	%s喷嘴	hand
direct	gt6.row.oven.display	熔炉 (%s)	hand
direct	gt6.row.printer.display	打印机 (%s)	hand
direct	gt6.row.queue_hopper.display	%s队列料斗	hand
direct	gt6.row.reinforced_chest.display	%s强化木箱	hand
direct	gt6.row.rotation_engine.display	旋转动能引擎 (%s)	hand
direct	gt6.row.scannervisuals.display	扫描仪 (%s)	hand
direct	gt6.row.size.huge	巨型	hand
direct	gt6.row.size.large	大型	hand
direct	gt6.row.size.medium	中型	hand
direct	gt6.row.size.small	小型	hand
direct	gt6.row.slicer.display	切片器 (%s)	hand
direct	gt6.row.steam_engine.display	蒸汽引擎 (%s)	hand
direct	gt6.row.steam_engine.display.strong	强化蒸汽引擎 (%s)	hand
direct	gt6.row.steam_turbine.display	蒸汽涡轮机 (%s)	hand
direct	gt6.row.tank_size.large	大型	hand
direct	gt6.row.tank_size.large_dense	大型致密	hand
direct	gt6.row.tank_size.small	小型	hand
direct	gt6.row.tank_size.small_dense	小型致密	hand
direct	gt6.row.tank_valve.display	%s%s储罐主阀	hand
direct	gt6.row.tank_valve.wood.display	%s储罐主阀	hand
direct	gt6.row.tap.display	%s龙头	hand
direct	gt6.row.transformer_gearbox.display	%s变速箱	hand
direct	gt6.row.unboxinator.display	拆箱机 (%s)	hand
direct	gt6.rye_bale.name	黑麦垛	hand
direct	gt6.spike.falling	坠落的%s尖刺方块	hand
direct	gt6.spike.omni	%s制尖刺方块	hand
direct	gt6.spike.wall	%s制壁刺	hand
direct	gt6.spraycan.decolor	可为物品除色	hand
direct	gt6.spraycan.paint	可将物品喷成%s	hand
direct	gt6.spraycan.remaining	剩余使用次数：%s.%s	hand
direct	gt6.stone.slab	%s半砖	hand
direct	gt6.stone.variant.bricks	%s砖块	hand
direct	gt6.stone.variant.bricks_chiseled	錾制%s	hand
direct	gt6.stone.variant.bricks_cracked	裂纹%s砖块	hand
direct	gt6.stone.variant.bricks_mossy	苔藓%s砖块	hand
direct	gt6.stone.variant.bricks_redstone	红石浸染%s砖块	hand
direct	gt6.stone.variant.bricks_reinforced	钢筋%s砖块	hand
direct	gt6.stone.variant.cobble	%s圆石	hand
direct	gt6.stone.variant.cobble_mossy	苔藓%s圆石	hand
direct	gt6.stone.variant.small_bricks	小型%s砖块	hand
direct	gt6.stone.variant.small_tiles	小型%s方块	hand
direct	gt6.stone.variant.smooth	平滑%s	hand
direct	gt6.stone.variant.square_bricks	%s方砖	hand
direct	gt6.stone.variant.stone	%s	hand
direct	gt6.stone.variant.tiles	%s方块	hand
direct	gt6.stone.variant.windmill_tiles_a	%s风车纹砖块A	hand
direct	gt6.stone.variant.windmill_tiles_b	%s风车纹砖块B	hand
direct	gt6.surface.rock	%s地表岩	hand
direct	gt6.tagprefix.alloy	%s	hand
direct	gt6.tagprefix.armor	%s	hand
direct	gt6.tagprefix.armor_boots	%s	hand
direct	gt6.tagprefix.armor_chestplate	%s	hand
direct	gt6.tagprefix.armor_helmet	%s	hand
direct	gt6.tagprefix.armor_leggings	%s	hand
direct	gt6.tagprefix.arrow	%s	hand
direct	gt6.tagprefix.arrow_gt_plastic	轻质%s箭	hand
direct	gt6.tagprefix.arrow_gt_wood	%s箭	hand
direct	gt6.tagprefix.bamboo	%s	hand
direct	gt6.tagprefix.bar	%s	hand
direct	gt6.tagprefix.bars	%s	hand
direct	gt6.tagprefix.battery	%s	hand
direct	gt6.tagprefix.battery_singleuse	%s	hand
direct	gt6.tagprefix.bauble	%s	hand
direct	gt6.tagprefix.beach	%s	hand
direct	gt6.tagprefix.beam	%s	hand
direct	gt6.tagprefix.beans	%s	hand
direct	gt6.tagprefix.bee	%s	hand
direct	gt6.tagprefix.berrybush	%s	hand
direct	gt6.tagprefix.billet	%s坯料	hand
direct	gt6.tagprefix.bit	%s	hand
direct	gt6.tagprefix.blade	%s	hand
direct	gt6.tagprefix.block	%s	hand
direct	gt6.tagprefix.block_	%s	hand
direct	gt6.tagprefix.block_bamboo	%s	hand
direct	gt6.tagprefix.block_dust	%s粉块	hand
direct	gt6.tagprefix.block_gem	%s块	hand
direct	gt6.tagprefix.block_glass	%s	hand
direct	gt6.tagprefix.block_ingot	%s块	hand
direct	gt6.tagprefix.block_ore	%s	hand
direct	gt6.tagprefix.block_plate	%s板块	hand
direct	gt6.tagprefix.block_plate_gem	结晶%s板块	hand
direct	gt6.tagprefix.block_raw	粗%s矿石块	hand
direct	gt6.tagprefix.block_solid	实心%s块	hand
direct	gt6.tagprefix.block_wool	%s	hand
direct	gt6.tagprefix.bolt	%s螺栓	hand
direct	gt6.tagprefix.book	%s	hand
direct	gt6.tagprefix.bottle	%s瓶	hand
direct	gt6.tagprefix.boule	%s	hand
direct	gt6.tagprefix.boule_gt	单晶%s	hand
direct	gt6.tagprefix.bowl	%s	hand
direct	gt6.tagprefix.brick	%s	hand
direct	gt6.tagprefix.bucket	%s桶	hand
direct	gt6.tagprefix.bud	%s	hand
direct	gt6.tagprefix.bullet_gt_large	大号%s子弹	hand
direct	gt6.tagprefix.bullet_gt_medium	中号%s子弹	hand
direct	gt6.tagprefix.bullet_gt_small	小号%s子弹	hand
direct	gt6.tagprefix.cable	%s	hand
direct	gt6.tagprefix.cable_gt01	1×%s线缆	hand
direct	gt6.tagprefix.cable_gt02	2×%s线缆	hand
direct	gt6.tagprefix.cable_gt04	4×%s线缆	hand
direct	gt6.tagprefix.cable_gt08	8×%s线缆	hand
direct	gt6.tagprefix.cable_gt12	12×%s线缆	hand
direct	gt6.tagprefix.cactus	%s	hand
direct	gt6.tagprefix.capcellcon	%s胶囊电池容器	hand
direct	gt6.tagprefix.capsule	%s胶囊	hand
direct	gt6.tagprefix.casing_machine	%s机器外壳	hand
direct	gt6.tagprefix.casing_machine_dense	致密%s机器外壳	hand
direct	gt6.tagprefix.casing_machine_double	强化%s机器外壳	hand
direct	gt6.tagprefix.casing_machine_quadruple	高强%s机器外壳	hand
direct	gt6.tagprefix.casing_small	小%s外壳	hand
direct	gt6.tagprefix.cell	%s电池单元	hand
direct	gt6.tagprefix.chain	%s锁链	hand
direct	gt6.tagprefix.chemtube	含%s试管	hand
direct	gt6.tagprefix.chest	%s	hand
direct	gt6.tagprefix.chipset	%s	hand
direct	gt6.tagprefix.chunk	%s	hand
direct	gt6.tagprefix.chunk_gt	%s碎块	hand
direct	gt6.tagprefix.circuit	%s	hand
direct	gt6.tagprefix.clean_gravel	%s	hand
direct	gt6.tagprefix.cloth	%s	hand
direct	gt6.tagprefix.clump	%s	hand
direct	gt6.tagprefix.cluster	天然%s晶簇	hand
direct	gt6.tagprefix.cobblestone	%s	hand
direct	gt6.tagprefix.coin	%s	hand
direct	gt6.tagprefix.component	%s	hand
direct	gt6.tagprefix.compressed	压缩%s	hand
direct	gt6.tagprefix.compressed_cobblestone	%s	hand
direct	gt6.tagprefix.compressed_dirt	%s	hand
direct	gt6.tagprefix.compressed_gravel	%s	hand
direct	gt6.tagprefix.compressed_sand	%s	hand
direct	gt6.tagprefix.compressed_stone	%s	hand
direct	gt6.tagprefix.computer	%s	hand
direct	gt6.tagprefix.cones	%s	hand
direct	gt6.tagprefix.consumable	%s	hand
direct	gt6.tagprefix.cooking	%s	hand
direct	gt6.tagprefix.coral	%s	hand
direct	gt6.tagprefix.craft	%s	hand
direct	gt6.tagprefix.crafting	%s	hand
direct	gt6.tagprefix.crafting_tool	%s	hand
direct	gt6.tagprefix.crate_gt64_dust	箱装%s粉	hand
direct	gt6.tagprefix.crate_gt64_gem	箱装%s晶体	hand
direct	gt6.tagprefix.crate_gt64_ingot	箱装%s锭	hand
direct	gt6.tagprefix.crate_gt64_ore	%s	hand
direct	gt6.tagprefix.crate_gt64_plate	箱装%s板	hand
direct	gt6.tagprefix.crate_gt64_plate_gem	箱装结晶%s板	hand
direct	gt6.tagprefix.crate_gt64_raw	箱装%s矿	hand
direct	gt6.tagprefix.crate_gt_dust	小箱装%s粉	hand
direct	gt6.tagprefix.crate_gt_gem	小箱装%s	hand
direct	gt6.tagprefix.crate_gt_ingot	小箱装%s锭	hand
direct	gt6.tagprefix.crate_gt_ore	%s	hand
direct	gt6.tagprefix.crate_gt_plate	小箱装%s板	hand
direct	gt6.tagprefix.crate_gt_plate_gem	小箱装结晶%s板	hand
direct	gt6.tagprefix.crate_gt_raw	小箱装%s矿	hand
direct	gt6.tagprefix.crop	%s	hand
direct	gt6.tagprefix.crushed	破碎%s矿	hand
direct	gt6.tagprefix.crushed_centrifuged	离心%s矿	hand
direct	gt6.tagprefix.crushed_centrifuged_tiny	小撮离心%s矿	hand
direct	gt6.tagprefix.crushed_purified	洗净%s矿	hand
direct	gt6.tagprefix.crushed_purified_tiny	小撮洗净%s矿	hand
direct	gt6.tagprefix.crushed_tiny	小撮破碎%s矿	hand
direct	gt6.tagprefix.crystal	%s晶体	hand
direct	gt6.tagprefix.crystal_pure	纯净%s晶体	hand
direct	gt6.tagprefix.crystalline	%s	hand
direct	gt6.tagprefix.denseore	%s	hand
direct	gt6.tagprefix.desert	%s	hand
direct	gt6.tagprefix.dinosaur	%s	hand
direct	gt6.tagprefix.dirt	%s	hand
direct	gt6.tagprefix.dirty_gravel	%s	hand
direct	gt6.tagprefix.door	%s	hand
direct	gt6.tagprefix.drop	%s	hand
direct	gt6.tagprefix.dust	%s粉	hand
direct	gt6.tagprefix.dust_dirty	%s	hand
direct	gt6.tagprefix.dust_div72	1/72%s粉	hand
direct	gt6.tagprefix.dust_impure	杂质%s粉	hand
direct	gt6.tagprefix.dust_pure	纯净%s粉	hand
direct	gt6.tagprefix.dust_refined	精炼%s粉	hand
direct	gt6.tagprefix.dust_small	小堆%s粉	hand
direct	gt6.tagprefix.dust_tiny	小撮%s粉	hand
direct	gt6.tagprefix.dye	%s	hand
direct	gt6.tagprefix.dye_ceramic	%s	hand
direct	gt6.tagprefix.dye_mixable	%s	hand
direct	gt6.tagprefix.element	%s	hand
direct	gt6.tagprefix.elven	%s	hand
direct	gt6.tagprefix.epiphyte	%s	hand
direct	gt6.tagprefix.essence	%s	hand
direct	gt6.tagprefix.fabric	%s	hand
direct	gt6.tagprefix.fence	%s	hand
direct	gt6.tagprefix.fern	%s	hand
direct	gt6.tagprefix.fertilizer	%s	hand
direct	gt6.tagprefix.floating	%s	hand
direct	gt6.tagprefix.flower	%s	hand
direct	gt6.tagprefix.foil	%s箔	hand
direct	gt6.tagprefix.food	%s	hand
direct	gt6.tagprefix.forest	%s	hand
direct	gt6.tagprefix.frame	%s	hand
direct	gt6.tagprefix.frame_gt	%s	hand
direct	gt6.tagprefix.fuel	%s	hand
direct	gt6.tagprefix.fungus	%s	hand
direct	gt6.tagprefix.ganys	%s	hand
direct	gt6.tagprefix.gate	%s	hand
direct	gt6.tagprefix.gear	%s	hand
direct	gt6.tagprefix.gear_gt	%s齿轮	hand
direct	gt6.tagprefix.gear_gt_small	小%s齿轮	hand
direct	gt6.tagprefix.gem	%s	hand
direct	gt6.tagprefix.gem_chipped	碎裂%s	hand
direct	gt6.tagprefix.gem_exquisite	精美%s	hand
direct	gt6.tagprefix.gem_flawed	瑕疵%s	hand
direct	gt6.tagprefix.gem_flawless	完美%s	hand
direct	gt6.tagprefix.gem_legendary	传奇%s	hand
direct	gt6.tagprefix.gem_ore	%s矿石	hand
direct	gt6.tagprefix.gem_polished	抛光%s	hand
direct	gt6.tagprefix.gem_raw	生%s	hand
direct	gt6.tagprefix.gem_uncut	未切割%s	hand
direct	gt6.tagprefix.glass	%s	hand
direct	gt6.tagprefix.glowstone	%s	hand
direct	gt6.tagprefix.grafter	%s	hand
direct	gt6.tagprefix.grass	%s	hand
direct	gt6.tagprefix.gravel	%s	hand
direct	gt6.tagprefix.ground	%s	hand
direct	gt6.tagprefix.handle	%s	hand
direct	gt6.tagprefix.hanging	%s	hand
direct	gt6.tagprefix.head	%s	hand
direct	gt6.tagprefix.immersed	%s	hand
direct	gt6.tagprefix.ingot	%s锭	hand
direct	gt6.tagprefix.ingot_double	双重%s锭	hand
direct	gt6.tagprefix.ingot_hot	热%s锭	hand
direct	gt6.tagprefix.ingot_quad	%s	hand
direct	gt6.tagprefix.ingot_quadruple	四重%s锭	hand
direct	gt6.tagprefix.ingot_quintuple	五重%s锭	hand
direct	gt6.tagprefix.ingot_triple	三重%s锭	hand
direct	gt6.tagprefix.item	%s	hand
direct	gt6.tagprefix.item_	%s	hand
direct	gt6.tagprefix.item_dust	%s	hand
direct	gt6.tagprefix.jungle	%s	hand
direct	gt6.tagprefix.junk	%s	hand
direct	gt6.tagprefix.ladder	%s	hand
direct	gt6.tagprefix.lamp	%s	hand
direct	gt6.tagprefix.leaf	%s	hand
direct	gt6.tagprefix.leafy	%s	hand
direct	gt6.tagprefix.leaves	%s	hand
direct	gt6.tagprefix.lens	%s透镜	hand
direct	gt6.tagprefix.liquid	%s	hand
direct	gt6.tagprefix.list	%s	hand
direct	gt6.tagprefix.log	%s	hand
direct	gt6.tagprefix.lumar	%s	hand
direct	gt6.tagprefix.lump	%s	hand
direct	gt6.tagprefix.mana	%s	hand
direct	gt6.tagprefix.material	%s	hand
direct	gt6.tagprefix.mffs	%s	hand
direct	gt6.tagprefix.minecart_wheels	%s车轮	hand
direct	gt6.tagprefix.molecule	%s	hand
direct	gt6.tagprefix.motor	%s	hand
direct	gt6.tagprefix.mountain	%s	hand
direct	gt6.tagprefix.mushroom	%s	hand
direct	gt6.tagprefix.mystic	%s	hand
direct	gt6.tagprefix.nugget	%s粒	hand
direct	gt6.tagprefix.obsidian	%s	hand
direct	gt6.tagprefix.ocean	%s	hand
direct	gt6.tagprefix.orb	%s	hand
direct	gt6.tagprefix.ore	%s矿	hand
direct	gt6.tagprefix.ore_andesite	安山岩%s矿	hand
direct	gt6.tagprefix.ore_basalt	玄武岩%s矿	hand
direct	gt6.tagprefix.ore_bedrock	基岩%s矿	hand
direct	gt6.tagprefix.ore_betweenstone	交错石%s矿	hand
direct	gt6.tagprefix.ore_blackgranite	黑花岗岩%s矿	hand
direct	gt6.tagprefix.ore_blackstone	黑石%s矿	hand
direct	gt6.tagprefix.ore_blueschist	蓝片岩%s矿	hand
direct	gt6.tagprefix.ore_callisto	木卫四%s矿	hand
direct	gt6.tagprefix.ore_ceres	谷神星%s矿	hand
direct	gt6.tagprefix.ore_darkprismarine	暗海晶石%s矿	hand
direct	gt6.tagprefix.ore_deadrock	死石%s矿	hand
direct	gt6.tagprefix.ore_deepslate	深板岩%s矿	hand
direct	gt6.tagprefix.ore_deimos	火卫二%s矿	hand
direct	gt6.tagprefix.ore_dense	致密%s矿	hand
direct	gt6.tagprefix.ore_diorite	闪长岩%s矿	hand
direct	gt6.tagprefix.ore_end	末地%s矿	hand
direct	gt6.tagprefix.ore_endstone	末地石%s矿	hand
direct	gt6.tagprefix.ore_eris	阋神星%s矿	hand
direct	gt6.tagprefix.ore_europa	木卫二%s矿	hand
direct	gt6.tagprefix.ore_ganymede	木卫三%s矿	hand
direct	gt6.tagprefix.ore_gem	%s	hand
direct	gt6.tagprefix.ore_gneiss	片麻岩%s矿	hand
direct	gt6.tagprefix.ore_gravel	砾石%s矿	hand
direct	gt6.tagprefix.ore_grayschist	灰片岩%s矿	hand
direct	gt6.tagprefix.ore_greenschist	绿片岩%s矿	hand
direct	gt6.tagprefix.ore_holystone	圣石%s矿	hand
direct	gt6.tagprefix.ore_iapetus	土卫八%s矿	hand
direct	gt6.tagprefix.ore_io	木卫一%s矿	hand
direct	gt6.tagprefix.ore_jupiter	木星%s矿	hand
direct	gt6.tagprefix.ore_kepler22b	开普勒22b%s矿	hand
direct	gt6.tagprefix.ore_kimberlite	金伯利岩%s矿	hand
direct	gt6.tagprefix.ore_komatiite	科马提岩%s矿	hand
direct	gt6.tagprefix.ore_lightprismarine	亮海晶石%s矿	hand
direct	gt6.tagprefix.ore_limestone	石灰岩%s矿	hand
direct	gt6.tagprefix.ore_livingrock	活石%s矿	hand
direct	gt6.tagprefix.ore_marble	大理石%s矿	hand
direct	gt6.tagprefix.ore_mars	火星%s矿	hand
direct	gt6.tagprefix.ore_mercury	水星%s矿	hand
direct	gt6.tagprefix.ore_moon	月球%s矿	hand
direct	gt6.tagprefix.ore_mud	淤泥%s矿	hand
direct	gt6.tagprefix.ore_neptune	海王星%s矿	hand
direct	gt6.tagprefix.ore_nether	下界%s矿	hand
direct	gt6.tagprefix.ore_netherrack	下界岩%s矿	hand
direct	gt6.tagprefix.ore_normal	普通%s矿	hand
direct	gt6.tagprefix.ore_oberon	天卫四%s矿	hand
direct	gt6.tagprefix.ore_phobos	火卫一%s矿	hand
direct	gt6.tagprefix.ore_pinkschist	粉片岩%s矿	hand
direct	gt6.tagprefix.ore_pitstone	麻纹石%s矿	hand
direct	gt6.tagprefix.ore_pluto	冥王星%s矿	hand
direct	gt6.tagprefix.ore_poor	劣质%s矿	hand
direct	gt6.tagprefix.ore_quartzite	石英岩%s矿	hand
direct	gt6.tagprefix.ore_raw	粗%s矿石	hand
direct	gt6.tagprefix.ore_red_sand	红沙%s矿	hand
direct	gt6.tagprefix.ore_redgranite	红花岗岩%s矿	hand
direct	gt6.tagprefix.ore_rhea	土卫五%s矿	hand
direct	gt6.tagprefix.ore_rich	富集%s矿	hand
direct	gt6.tagprefix.ore_sand	沙%s矿	hand
direct	gt6.tagprefix.ore_sandstone	砂岩%s矿	hand
direct	gt6.tagprefix.ore_saturn	土星%s矿	hand
direct	gt6.tagprefix.ore_shale	页岩%s矿	hand
direct	gt6.tagprefix.ore_siltstone	粉砂岩%s矿	hand
direct	gt6.tagprefix.ore_slate	板岩%s矿	hand
direct	gt6.tagprefix.ore_small	贫瘠%s矿	hand
direct	gt6.tagprefix.ore_space	太空%s矿	hand
direct	gt6.tagprefix.ore_strangesand	异沙%s矿	hand
direct	gt6.tagprefix.ore_titan	土卫六%s矿	hand
direct	gt6.tagprefix.ore_titania	天卫三%s矿	hand
direct	gt6.tagprefix.ore_triton	海卫一%s矿	hand
direct	gt6.tagprefix.ore_umberstone	棕石%s矿	hand
direct	gt6.tagprefix.ore_uranus	天王星%s矿	hand
direct	gt6.tagprefix.ore_vanillagranite	花岗岩%s矿	hand
direct	gt6.tagprefix.ore_vanillastone	石头%s矿	hand
direct	gt6.tagprefix.ore_venus	金星%s矿	hand
direct	gt6.tagprefix.oreberry	%s莓	hand
direct	gt6.tagprefix.orebush	%s灌木	hand
direct	gt6.tagprefix.pane_glass	%s	hand
direct	gt6.tagprefix.panel	%s	hand
direct	gt6.tagprefix.paper	%s	hand
direct	gt6.tagprefix.part	%s	hand
direct	gt6.tagprefix.pearl	%s	hand
direct	gt6.tagprefix.pebbles	%s	hand
direct	gt6.tagprefix.pellet	%s	hand
direct	gt6.tagprefix.petal	%s	hand
direct	gt6.tagprefix.pipe	%s管道	hand
direct	gt6.tagprefix.pipe_huge	巨型%s管道	hand
direct	gt6.tagprefix.pipe_large	大型%s管道	hand
direct	gt6.tagprefix.pipe_medium	中型%s管道	hand
direct	gt6.tagprefix.pipe_nonuple	九合一%s管道	hand
direct	gt6.tagprefix.pipe_quadruple	四合一%s管道	hand
direct	gt6.tagprefix.pipe_restrictive_huge	巨型限流%s管道	hand
direct	gt6.tagprefix.pipe_restrictive_large	大型限流%s管道	hand
direct	gt6.tagprefix.pipe_restrictive_medium	中型限流%s管道	hand
direct	gt6.tagprefix.pipe_restrictive_small	小型限流%s管道	hand
direct	gt6.tagprefix.pipe_restrictive_tiny	微型限流%s管道	hand
direct	gt6.tagprefix.pipe_small	小型%s管道	hand
direct	gt6.tagprefix.pipe_tiny	微型%s管道	hand
direct	gt6.tagprefix.plains	%s	hand
direct	gt6.tagprefix.plank	%s木板	hand
direct	gt6.tagprefix.plant	%s	hand
direct	gt6.tagprefix.plant_gt_berry	%s莓	hand
direct	gt6.tagprefix.plant_gt_blossom	%s花	hand
direct	gt6.tagprefix.plant_gt_fiber	%s线	hand
direct	gt6.tagprefix.plant_gt_twig	%s枝	hand
direct	gt6.tagprefix.plant_gt_wart	%s疣	hand
direct	gt6.tagprefix.plasma	%s	hand
direct	gt6.tagprefix.plate	%s板	hand
direct	gt6.tagprefix.plate_curved	弯曲%s板	hand
direct	gt6.tagprefix.plate_dense	致密%s板	hand
direct	gt6.tagprefix.plate_double	双重%s板	hand
direct	gt6.tagprefix.plate_gem	结晶%s板	hand
direct	gt6.tagprefix.plate_gem_tiny	小块结晶%s板	hand
direct	gt6.tagprefix.plate_quad	%s	hand
direct	gt6.tagprefix.plate_quadruple	四重%s板	hand
direct	gt6.tagprefix.plate_quintuple	五重%s板	hand
direct	gt6.tagprefix.plate_steamcraft	薄%s板	hand
direct	gt6.tagprefix.plate_tiny	小块%s板	hand
direct	gt6.tagprefix.plate_triple	三重%s板	hand
direct	gt6.tagprefix.plating	%s	hand
direct	gt6.tagprefix.pole	%s	hand
direct	gt6.tagprefix.powder	%s	hand
direct	gt6.tagprefix.projred	%s	hand
direct	gt6.tagprefix.pulp	%s	hand
direct	gt6.tagprefix.quartz	%s	hand
direct	gt6.tagprefix.rail_gt	%s轨道	hand
direct	gt6.tagprefix.raw	%s	hand
direct	gt6.tagprefix.raw_ore_chunk	生%s矿石块	hand
direct	gt6.tagprefix.reactor	%s	hand
direct	gt6.tagprefix.record	%s	hand
direct	gt6.tagprefix.reduced	%s	hand
direct	gt6.tagprefix.reed	%s	hand
direct	gt6.tagprefix.ring	%s环	hand
direct	gt6.tagprefix.river	%s	hand
direct	gt6.tagprefix.rock	%s	hand
direct	gt6.tagprefix.rock_gt	含%s岩石	hand
direct	gt6.tagprefix.rod	%s	hand
direct	gt6.tagprefix.rotor	%s转子	hand
direct	gt6.tagprefix.round	%s垫片	hand
direct	gt6.tagprefix.rubble	%s	hand
direct	gt6.tagprefix.rune	%s	hand
direct	gt6.tagprefix.sand	%s	hand
direct	gt6.tagprefix.sapling	%s	hand
direct	gt6.tagprefix.savanna	%s	hand
direct	gt6.tagprefix.scoop	%s	hand
direct	gt6.tagprefix.scrap	%s	hand
direct	gt6.tagprefix.scrap_gt	%s废料	hand
direct	gt6.tagprefix.scraps	%s	hand
direct	gt6.tagprefix.screw	%s螺丝	hand
direct	gt6.tagprefix.seed	%s	hand
direct	gt6.tagprefix.shard	%s	hand
direct	gt6.tagprefix.shears	%s	hand
direct	gt6.tagprefix.sheet	%s	hand
direct	gt6.tagprefix.sheet_double	%s	hand
direct	gt6.tagprefix.sheet_gt	%s薄板	hand
direct	gt6.tagprefix.shrub	%s	hand
direct	gt6.tagprefix.skull	%s	hand
direct	gt6.tagprefix.slab	%s	hand
direct	gt6.tagprefix.soulsand	%s	hand
direct	gt6.tagprefix.spring	%s弹簧	hand
direct	gt6.tagprefix.spring_small	小%s弹簧	hand
direct	gt6.tagprefix.stained_clay	%s	hand
direct	gt6.tagprefix.stained_glass	%s	hand
direct	gt6.tagprefix.stair	%s	hand
direct	gt6.tagprefix.stick	%s杆	hand
direct	gt6.tagprefix.stick_long	长%s杆	hand
direct	gt6.tagprefix.stone	%s	hand
direct	gt6.tagprefix.stone_brick	%s	hand
direct	gt6.tagprefix.stone_bricks	%s	hand
direct	gt6.tagprefix.stone_bricks_mossy	%s	hand
direct	gt6.tagprefix.stone_chiseled	%s	hand
direct	gt6.tagprefix.stone_cobble	%s	hand
direct	gt6.tagprefix.stone_cracked	%s	hand
direct	gt6.tagprefix.stone_mossy	%s	hand
direct	gt6.tagprefix.stone_mossy_bricks	%s	hand
direct	gt6.tagprefix.stone_polished	%s	hand
direct	gt6.tagprefix.stone_smooth	%s	hand
direct	gt6.tagprefix.stonebrick	%s	hand
direct	gt6.tagprefix.storage	%s	hand
direct	gt6.tagprefix.tiny	%s	hand
direct	gt6.tagprefix.tome	%s	hand
direct	gt6.tagprefix.tool	%s	hand
direct	gt6.tagprefix.tool_axe	%s	hand
direct	gt6.tagprefix.tool_head_arrow	%s箭头	hand
direct	gt6.tagprefix.tool_head_axe	%s斧头	hand
direct	gt6.tagprefix.tool_head_axe_double	%s双刃斧头	hand
direct	gt6.tagprefix.tool_head_builderwand	%s建筑之杖头	hand
direct	gt6.tagprefix.tool_head_buzz_saw	%s圆锯片	hand
direct	gt6.tagprefix.tool_head_chainsaw	%s链锯头	hand
direct	gt6.tagprefix.tool_head_chisel	%s凿子头	hand
direct	gt6.tagprefix.tool_head_construction_pickaxe	%s建筑镐头	hand
direct	gt6.tagprefix.tool_head_drill	%s钻头	hand
direct	gt6.tagprefix.tool_head_file	%s锉刀头	hand
direct	gt6.tagprefix.tool_head_hammer	%s锤头	hand
direct	gt6.tagprefix.tool_head_hoe	%s锄头	hand
direct	gt6.tagprefix.tool_head_pickaxe	%s镐头	hand
direct	gt6.tagprefix.tool_head_pickaxe_gem	%s镶尖镐头	hand
direct	gt6.tagprefix.tool_head_plow	%s犁头	hand
direct	gt6.tagprefix.tool_head_raw_arrow	%s箭头毛坯	hand
direct	gt6.tagprefix.tool_head_raw_axe	%s斧头毛坯	hand
direct	gt6.tagprefix.tool_head_raw_axe_double	%s双刃斧毛坯	hand
direct	gt6.tagprefix.tool_head_raw_chisel	%s凿子头毛坯	hand
direct	gt6.tagprefix.tool_head_raw_hoe	%s锄头毛坯	hand
direct	gt6.tagprefix.tool_head_raw_pickaxe	%s镐头毛坯	hand
direct	gt6.tagprefix.tool_head_raw_plow	%s犁头毛坯	hand
direct	gt6.tagprefix.tool_head_raw_saw	%s锯片毛坯	hand
direct	gt6.tagprefix.tool_head_raw_sense	%s镰刀刃毛坯	hand
direct	gt6.tagprefix.tool_head_raw_shovel	%s锹头毛坯	hand
direct	gt6.tagprefix.tool_head_raw_spade	%s铲头毛坯	hand
direct	gt6.tagprefix.tool_head_raw_sword	%s剑刃毛坯	hand
direct	gt6.tagprefix.tool_head_raw_universal_spade	%s万用铲头毛坯	hand
direct	gt6.tagprefix.tool_head_saw	%s锯片	hand
direct	gt6.tagprefix.tool_head_screwdriver	%s螺丝刀头	hand
direct	gt6.tagprefix.tool_head_sense	%s镰刀刃	hand
direct	gt6.tagprefix.tool_head_shovel	%s锹头	hand
direct	gt6.tagprefix.tool_head_spade	%s铲头	hand
direct	gt6.tagprefix.tool_head_sword	%s剑刃	hand
direct	gt6.tagprefix.tool_head_universal_spade	%s万用铲头	hand
direct	gt6.tagprefix.tool_head_wrench	%s扳手头	hand
direct	gt6.tagprefix.tool_hoe	%s	hand
direct	gt6.tagprefix.tool_pickaxe	%s	hand
direct	gt6.tagprefix.tool_shears	%s	hand
direct	gt6.tagprefix.tool_shovel	%s	hand
direct	gt6.tagprefix.tool_sword	%s	hand
direct	gt6.tagprefix.torch	%s	hand
direct	gt6.tagprefix.trapdoor	%s	hand
direct	gt6.tagprefix.travelgear	%s	hand
direct	gt6.tagprefix.tree	%s	hand
direct	gt6.tagprefix.tree_leaves	%s	hand
direct	gt6.tagprefix.tree_sapling	%s	hand
direct	gt6.tagprefix.tube	%s	hand
direct	gt6.tagprefix.turbine	%s	hand
direct	gt6.tagprefix.vine	%s	hand
direct	gt6.tagprefix.wafer	%s	hand
direct	gt6.tagprefix.wall	%s	hand
direct	gt6.tagprefix.water	%s	hand
direct	gt6.tagprefix.wax	%s	hand
direct	gt6.tagprefix.wetlands	%s	hand
direct	gt6.tagprefix.wire	%s	hand
direct	gt6.tagprefix.wire_fine	细%s导线	hand
direct	gt6.tagprefix.wire_gt01	1×%s线	hand
direct	gt6.tagprefix.wire_gt02	2×%s线	hand
direct	gt6.tagprefix.wire_gt03	3×%s线	hand
direct	gt6.tagprefix.wire_gt04	4×%s线	hand
direct	gt6.tagprefix.wire_gt05	5×%s线	hand
direct	gt6.tagprefix.wire_gt06	6×%s线	hand
direct	gt6.tagprefix.wire_gt07	7×%s线	hand
direct	gt6.tagprefix.wire_gt08	8×%s线	hand
direct	gt6.tagprefix.wire_gt09	9×%s线	hand
direct	gt6.tagprefix.wire_gt10	10×%s线	hand
direct	gt6.tagprefix.wire_gt11	11×%s线	hand
direct	gt6.tagprefix.wire_gt12	12×%s线	hand
direct	gt6.tagprefix.wire_gt13	13×%s线	hand
direct	gt6.tagprefix.wire_gt14	14×%s线	hand
direct	gt6.tagprefix.wire_gt15	15×%s线	hand
direct	gt6.tagprefix.wire_gt16	16×%s线	hand
direct	gt6.tagprefix.wood	%s	hand
direct	gt6.tooltip.barrel.10	存储的热量过多时会熔毁! (%s K)	hand
direct	gt6.tooltip.barrel.11	使用活动扳手调整自动输出	hand
direct	gt6.tooltip.barrel.12	使用软锤调整状态	hand
direct	gt6.tooltip.barrel.13	使用放大镜观察细节	hand
direct	gt6.tooltip.barrel.3	没有界面，手持小型漏斗或龙头右键进行交互!	hand
direct	gt6.tooltip.barrel.4	进入此容器的任何能量介质流体都将湮灭!	hand
direct	gt6.tooltip.barrel_gas.10	存储的热量过多时会熔毁! (%s K)	hand
direct	gt6.tooltip.barrel_gas.11	使用活动扳手调整自动输出	hand
direct	gt6.tooltip.barrel_gas.12	使用软锤调整状态	hand
direct	gt6.tooltip.barrel_gas.13	使用放大镜观察细节	hand
direct	gt6.tooltip.barrel_gas.3	没有界面，手持小型漏斗或龙头右键进行交互!	hand
direct	gt6.tooltip.barrel_gas.4	进入此容器的任何能量介质流体都将湮灭!	hand
direct	gt6.tooltip.barrel_gas.6	不漏气	hand
direct	gt6.tooltip.boiler.1	将 1 L 水 转化为 160 L 蒸汽 消耗 80 HU	hand
direct	gt6.tooltip.boiler.10	存储的热量过多时会熔毁!	hand
direct	gt6.tooltip.boiler.11	使用凿子除去钙化残留物	hand
direct	gt6.tooltip.boiler.12	使用放大镜观察细节	hand
direct	gt6.tooltip.boiler.13	使用扳手设置朝向	hand
direct	gt6.tooltip.boiler.14	蒸汽储量过半后才会对外输出!	hand
direct	gt6.tooltip.boiler.2	效率: 100.00%	hand
direct	gt6.tooltip.boiler.3	能量输入: %1$s HU/t (任何面)	hand
direct	gt6.tooltip.boiler.4	容量: %3$s HU	hand
direct	gt6.tooltip.boiler.5	能量输出: %2$s 蒸汽/t (顶面)	hand
direct	gt6.tooltip.boiler.6	容量: %3$s 蒸汽	hand
direct	gt6.tooltip.boiler.7	需要输入任何种类的水。使用蒸馏水以达到最高效率!	hand
direct	gt6.tooltip.boiler.8	没有界面，手持小型漏斗右键进行交互!	hand
direct	gt6.tooltip.boiler.9	蒸汽压力过高时会爆炸!	hand
direct	gt6.tooltip.boiler_large.1	结构:	hand
direct	gt6.tooltip.boiler_large.10	能量输出: %2$s 蒸汽/t (Pipe Holes)	hand
direct	gt6.tooltip.boiler_large.11	容量: %3$s 蒸汽	hand
direct	gt6.tooltip.boiler_large.12	需要输入任何种类的水。使用蒸馏水以达到最高效率!	hand
direct	gt6.tooltip.boiler_large.13	蒸汽压力过高时会爆炸!	hand
direct	gt6.tooltip.boiler_large.14	存储的热量过多时会熔毁!	hand
direct	gt6.tooltip.boiler_large.15	使用凿子除去钙化残留物	hand
direct	gt6.tooltip.boiler_large.16	使用建筑之杖快速搭建结构	hand
direct	gt6.tooltip.boiler_large.17	使用放大镜观察细节	hand
direct	gt6.tooltip.boiler_large.18	使用扳手设置朝向	hand
direct	gt6.tooltip.boiler_large.19	蒸汽储量过半后才会对外输出!	hand
direct	gt6.tooltip.boiler_large.2	3x3 热接收器底座	hand
direct	gt6.tooltip.boiler_large.3	3x3x3 相应材料的致密壁板, 中空	hand
direct	gt6.tooltip.boiler_large.4	大型蒸汽锅炉主方块放在结构的侧面中心, 正面朝外	hand
direct	gt6.tooltip.boiler_large.5	只能从锅炉的底层输入	hand
direct	gt6.tooltip.boiler_large.6	将 1 L 水 转化为 160 L 蒸汽 消耗 80 HU	hand
direct	gt6.tooltip.boiler_large.7	效率: 100.00%	hand
direct	gt6.tooltip.boiler_large.8	能量输入: %1$s HU/t (Heat Transmitters)	hand
direct	gt6.tooltip.boiler_large.9	容量: %3$s HU	hand
direct	gt6.tooltip.converter.4	使用建筑之杖快速搭建结构	hand
direct	gt6.tooltip.converter.5	使用放大镜观察细节	hand
direct	gt6.tooltip.converter.6	使用扳手设置朝向	hand
direct	gt6.tooltip.cover.base	可以用作覆盖板	hand
direct	gt6.tooltip.cover.change_design_chisel	使用凿子改变表面纹理图案	hand
direct	gt6.tooltip.cover.detail_magnifyingglass	使用放大镜观察细节	hand
direct	gt6.tooltip.cover.drain_fluid_blocks	Collects Fluid Blocks (if not against Gravity)	hand
direct	gt6.tooltip.cover.drain_rainwater	Collects Rainwater (not in Dry or Cold Areas)	hand
direct	gt6.tooltip.cover.drain_river_lake	Will work infinitely in River and Lake Biomes	hand
direct	gt6.tooltip.cover.filter_not_nbt_sensitive	Not NBT sensitive!	hand
direct	gt6.tooltip.cover.logistics_display_status	Emits Redstone and Displays Status of Logistics Core.	hand
direct	gt6.tooltip.cover.pump_no_fluid_blocks	Doesn't do Fluid Blocks! Use Drain for that instead!	hand
direct	gt6.tooltip.cover.pump_throughput	Transfers %s L/sec	hand
direct	gt6.tooltip.cover.reset_soft_hammer	使用软锤来重置	hand
direct	gt6.tooltip.cover.toggle_controller	使用控制器覆盖板控制开关	hand
direct	gt6.tooltip.cover.toggle_cutter	使用剪线钳切换模式	hand
direct	gt6.tooltip.cover.toggle_monkey_wrench	使用活动扳手调整模式	hand
direct	gt6.tooltip.cover.toggle_screwdriver	使用螺丝刀切换模式	hand
direct	gt6.tooltip.cover.transfer_period	Transfers a Stack every %s	hand
direct	gt6.tooltip.cover.valve_gases_air	Gases require Air or Tank in front!	hand
direct	gt6.tooltip.cover.valve_liquids_tank	Liquids require Tank in front!	hand
direct	gt6.tooltip.cover.valve_release	Releases Fluids when Pipe is full.	hand
direct	gt6.tooltip.face.any	任何面	hand
direct	gt6.tooltip.face.back	背面	hand
direct	gt6.tooltip.face.bottom	底面	hand
direct	gt6.tooltip.face.front	正面	hand
direct	gt6.tooltip.face.left	左侧面	hand
direct	gt6.tooltip.face.right	右侧面	hand
direct	gt6.tooltip.face.top	顶面	hand
direct	gt6.tooltip.generator.10	使用铲子清空容器	hand
direct	gt6.tooltip.generator.11	使用扳手设置朝向	hand
direct	gt6.tooltip.generator.4	需要正面是空气才能工作	hand
direct	gt6.tooltip.generator.5	需要清理灰烬 (正面)	hand
direct	gt6.tooltip.generator.6	需要打火石之类的东西点火 (正面)	hand
direct	gt6.tooltip.generator.7	没有界面，右键以放入/取出物品! (正面)	hand
direct	gt6.tooltip.generator.8	会使得周围的方块着火! (4m)	hand
direct	gt6.tooltip.generator.9	当它在运作的时候接触会受伤! (顶面)	hand
direct	gt6.tooltip.lightningrod.1	最底层是3x3的钨壁板, 中间是避雷针电力输出口	hand
direct	gt6.tooltip.lightningrod.2	第二层是3x3的大型铌钛合金线圈	hand
direct	gt6.tooltip.lightningrod.3	第三层是3x3的钨壁板	hand
direct	gt6.tooltip.lightningrod.4	第四层是3x3的大型铌钛合金线圈	hand
direct	gt6.tooltip.lightningrod.5	第五层是3x3的钨壁板	hand
direct	gt6.tooltip.lightningrod.6	最后在中心一格造一根避雷针柱	hand
direct	gt6.tooltip.lightningrod.7	最高的避雷针的Y轴高度需要大于100	hand
direct	gt6.tooltip.lightningrod.8	避雷针柱长度达到100m时达到最大效率	hand
direct	gt6.tooltip.lightningrod.9	256m内存在别的避雷针会降低效率	hand
direct	gt6.tooltip.lightningrod.capacity	%s EU 每次雷击	hand
direct	gt6.tooltip.lightningrod.energy	能量输出: %s EU/p（至多16安）	hand
direct	gt6.tooltip.lightningrod.structure	结构：	hand
direct	gt6.tooltip.machine.1	配方: %s	hand
direct	gt6.tooltip.machine.10	需要打火石之类的东西点火	hand
direct	gt6.tooltip.machine.11	使用螺丝刀切换模式	hand
direct	gt6.tooltip.machine.12	使用活动扳手调整自动输入	hand
direct	gt6.tooltip.machine.13	使用活动扳手调整自动输出	hand
direct	gt6.tooltip.machine.14	使用软锤来重置	hand
direct	gt6.tooltip.machine.16	使用放大镜观察细节	hand
direct	gt6.tooltip.machine.2	在消耗额外能量时可以超频	hand
direct	gt6.tooltip.machine.3	效率: %s%%	hand
direct	gt6.tooltip.machine.4	能量输入: %s	hand
direct	gt6.tooltip.machine.6	物品输入: %s	hand
direct	gt6.tooltip.machine.7	物品输出: %s	hand
direct	gt6.tooltip.machine.8	液体输入: %s	hand
direct	gt6.tooltip.machine.9	液体输出: %s	hand
direct	gt6.tooltip.material.ammo_enchants	可用弹药附魔:	hand
direct	gt6.tooltip.material.armor_enchants	可用护甲附魔:	hand
direct	gt6.tooltip.material.contained_materials	含有材料:	hand
direct	gt6.tooltip.material.explosive	易爆!	hand
direct	gt6.tooltip.material.f3h_hint	Enable F3+H Mode for Info about contained Materials.	hand
direct	gt6.tooltip.material.fishing_enchants	钓鱼: 	hand
direct	gt6.tooltip.material.flammable	易燃!	hand
direct	gt6.tooltip.material.flammable_explosive	易燃易爆!	hand
direct	gt6.tooltip.material.furnace_fuel	Fuel Value: 	hand
direct	gt6.tooltip.material.needs_handle	手柄的材质为:	hand
direct	gt6.tooltip.material.needs_sharpening	使用前需要磨尖	hand
direct	gt6.tooltip.material.origin_mod	Material from %s	hand
direct	gt6.tooltip.material.origin_periodic	Material from the Periodic Table of Elements	hand
direct	gt6.tooltip.material.origin_random	Random Material handled by Greg API	hand
direct	gt6.tooltip.material.origin_unknown	Material from an Unknown Mod	hand
direct	gt6.tooltip.material.origin_vanilla	Vanilla Material	hand
direct	gt6.tooltip.material.ranged_enchants	可用远程武器附魔: 	hand
direct	gt6.tooltip.material.source_of	Source of: 	hand
direct	gt6.tooltip.material.tool_enchants	可用工具附魔:	hand
direct	gt6.tooltip.material.tool_stats	Q: %s - S: %s - D: %s	hand
direct	gt6.tooltip.material.unburnable	不可燃!	hand
direct	gt6.tooltip.material.weapon_enchants	可用武器附魔: 	hand
direct	gt6.tooltip.multiblock.1	使用建筑之杖快速搭建结构	hand
direct	gt6.tooltip.multiblock.2	使用放大镜观察细节	hand
direct	gt6.tooltip.multiblock.3	使用扳手设置朝向	hand
direct	gt6.tooltip.no_gui_click_inventory	没有界面，右键以放入/取出物品!	hand
direct	gt6.tooltip.pipe_fluid.1	流量: %1$s L/t	hand
direct	gt6.tooltip.pipe_fluid.10	使用放大镜观察细节	hand
direct	gt6.tooltip.pipe_fluid.2	容量: %2$s L	hand
direct	gt6.tooltip.pipe_item.1	阻力: %s	hand
direct	gt6.tooltip.pipe_item.2	流量: %s/s	hand
direct	gt6.tooltip.pipe_item.3	使用活动扳手调整输入(探测)面	hand
direct	gt6.tooltip.pipe_item.4	使用活动扳手调整输出面	hand
direct	gt6.tooltip.plantpot	能种任意植物在其上！	hand
direct	gt6.tooltip.sensor.2	没有界面，右键以放入/取出物品!	hand
direct	gt6.tooltip.sensor.3	在按钮上使用螺丝刀启用平均模式。	hand
direct	gt6.tooltip.sensor.4	在显示屏上使用螺丝刀开关十六进制显示。	hand
direct	gt6.tooltip.sensor.5	在其他地方使用螺丝刀调整其他模式。	hand
direct	gt6.tooltip.sensor.6	使用活动扳手调整输入(探测)面	hand
direct	gt6.tooltip.sensor.7	使用扳手设置朝向	hand
direct	gt6.tooltip.tank.1	Capacity: %s L	hand
direct	gt6.tooltip.wire.1	电压(V): %1$s EU (%2$s)	hand
direct	gt6.tooltip.wire.2	电流(A): %3$s	hand
direct	gt6.tooltip.wire.3	损耗: %4$s EU/m	hand
direct	gt6.tooltip.wire_contact.1	电压(V): %1$s EU (%2$s)	hand
direct	gt6.tooltip.wire_contact.2	电流(A): %3$s	hand
direct	gt6.tooltip.wire_contact.3	损耗: %4$s EU/m	hand
direct	gt6.tooltip.wire_contact.4	当它在运作的时候接触会受伤!	hand
direct	gt6.viewer.energy.emits	发射 %s	hand
direct	gt6.viewer.energy.empty	尚无已移植的产生机器	hand
direct	gt6.viewer.energy.group.converters	转换器 · Converters	hand
direct	gt6.viewer.energy.group.generators	产生 · Generators	hand
direct	gt6.viewer.energy.group.processors	消费·处理 · Processors	hand
direct	gt6.viewer.energy.transfer	传输：EU→线缆 / RU·KU→轴系 / HU·CU·Steam→管	hand
direct	gt6.wire.display	%s×%s%s	hand
direct	gt6.wire.display.plain	%s%s	hand
direct	gt6.wire.form.cable	线缆	hand
direct	gt6.wire.form.wire	导线	hand
direct	gt6.wire.form.wirelamp	灯导线	hand
direct	item.gt6.alcopops	波普甜酒	hand
direct	item.gt6.ambrosia	圣餐	hand
direct	item.gt6.americium_241_fuel_rod	镅-241燃料棒	hand
direct	item.gt6.americium_245_fuel_rod	镅-245燃料棒	hand
direct	item.gt6.applesmoothie	苹果冰沙	hand
direct	item.gt6.applevinegar	苹果醋	hand
direct	item.gt6.apricotsmoothie	杏子冰沙	hand
direct	item.gt6.axe	斧	hand
direct	item.gt6.axe.tooltip	伐木更快, 砍倒整棵树	hand
direct	item.gt6.axe_double	双面斧	hand
direct	item.gt6.axe_double.tooltip	砍倒整棵树, 攻击速度较慢	hand
direct	item.gt6.bananajuice	香蕉汁	hand
direct	item.gt6.bananasmoothie	香蕉冰沙	hand
direct	item.gt6.basin_ceramic_raw	粘土浇铸盆	hand
direct	item.gt6.battery_alkaline_ev	碱性电池 (EV)	hand
direct	item.gt6.battery_alkaline_hv	碱性电池 (HV)	hand
direct	item.gt6.battery_alkaline_lv	碱性电池 (LV)	hand
direct	item.gt6.battery_alkaline_mv	碱性电池 (MV)	hand
direct	item.gt6.battery_alkaline_ulv	碱性电池 (ULV)	hand
direct	item.gt6.battery_cell_alkaline	碱性纽扣电池单元(满)	hand
direct	item.gt6.battery_cell_lead_acid	铅酸电池单元(满)	hand
direct	item.gt6.battery_cell_licoo2	锂钴电池单元(满)	hand
direct	item.gt6.battery_cell_limn	锂锰电池单元(满)	hand
direct	item.gt6.battery_cell_nicd	镍镉电池单元(满)	hand
direct	item.gt6.battery_lead_acid_ev	铅酸电池 (EV)	hand
direct	item.gt6.battery_lead_acid_hv	铅酸电池 (HV)	hand
direct	item.gt6.battery_lead_acid_lv	铅酸电池 (LV)	hand
direct	item.gt6.battery_lead_acid_mv	铅酸电池 (MV)	hand
direct	item.gt6.battery_lead_acid_ulv	铅酸电池 (ULV)	hand
direct	item.gt6.battery_licoo2_ev	锂钴电池 (EV)	hand
direct	item.gt6.battery_licoo2_hv	锂钴电池 (HV)	hand
direct	item.gt6.battery_licoo2_lv	锂钴电池 (LV)	hand
direct	item.gt6.battery_licoo2_mv	锂钴电池 (MV)	hand
direct	item.gt6.battery_licoo2_ulv	锂钴电池 (ULV)	hand
direct	item.gt6.battery_limn_ev	锂锰电池 (EV)	hand
direct	item.gt6.battery_limn_hv	锂锰电池 (HV)	hand
direct	item.gt6.battery_limn_lv	锂锰电池 (LV)	hand
direct	item.gt6.battery_limn_mv	锂锰电池 (MV)	hand
direct	item.gt6.battery_limn_ulv	锂锰电池 (ULV)	hand
direct	item.gt6.battery_nicd_ev	镍镉电池 (EV)	hand
direct	item.gt6.battery_nicd_hv	镍镉电池 (HV)	hand
direct	item.gt6.battery_nicd_lv	镍镉电池 (LV)	hand
direct	item.gt6.battery_nicd_mv	镍镉电池 (MV)	hand
direct	item.gt6.battery_nicd_ulv	镍镉电池 (ULV)	hand
direct	item.gt6.bawls	瓜拿纳	hand
direct	item.gt6.beer	啤酒	hand
direct	item.gt6.beetjuice	甜菜汁	hand
direct	item.gt6.bending_cylinder	弯曲绕筒	hand
direct	item.gt6.bending_cylinder_small	小型弯曲绕筒	hand
direct	item.gt6.blackberryjuice	黑莓汁	hand
direct	item.gt6.blackberrysmoothie	黑莓冰沙	hand
direct	item.gt6.blueberryjuice	蓝莓汁	hand
direct	item.gt6.blueberrysmoothie	蓝莓冰沙	hand
direct	item.gt6.blutonium_fuel_rod	蓝钚燃料棒	hand
direct	item.gt6.book_loot_guide	布满灰尘的指南书	hand
direct	item.gt6.book_loot_guide.tooltip	战利品：某本随机手册	hand
direct	item.gt6.book_loot_guide.tooltip_loot	右键方块以开启	hand
direct	item.gt6.boomstick	火药棒	hand
direct	item.gt6.bottle_blood	鲜血瓶	hand
direct	item.gt6.bottle_empty	空瓶	hand
direct	item.gt6.bottle_fish_oil	鱼油	hand
direct	item.gt6.bottle_fish_oil.tooltip	食用油	hand
direct	item.gt6.bottle_glue	胶水瓶	hand
direct	item.gt6.bottle_hemp_oil	大麻籽油	hand
direct	item.gt6.bottle_hemp_oil.tooltip	食用油	hand
direct	item.gt6.bottle_holy_water	圣水	hand
direct	item.gt6.bottle_honeydew	蜜汁	hand
direct	item.gt6.bottle_indigo	罐装靛蓝色染料	hand
direct	item.gt6.bottle_indigo.tooltip	颜色: 蓝色	hand
direct	item.gt6.bottle_ink	墨水瓶	hand
direct	item.gt6.bottle_ink.tooltip	颜色: 黑色	hand
direct	item.gt6.bottle_lin_oil	亚麻籽油	hand
direct	item.gt6.bottle_lin_oil.tooltip	食用油	hand
direct	item.gt6.bottle_loot	Clouded Bottle	hand
direct	item.gt6.bottle_loot.tooltip	Loot: A random Bottle	hand
direct	item.gt6.bottle_lubricant	润滑油瓶	hand
direct	item.gt6.bottle_mercury	汞瓶	hand
direct	item.gt6.bottle_mercury.tooltip	又叫水银(汞)	hand
direct	item.gt6.bottle_milk	牛奶	hand
direct	item.gt6.bottle_nut_oil	坚果油	hand
direct	item.gt6.bottle_nut_oil.tooltip	食用油	hand
direct	item.gt6.bottle_olive_oil	橄榄油	hand
direct	item.gt6.bottle_olive_oil.tooltip	健康小帮手♂♂	hand
direct	item.gt6.bottle_poison	Bottle of Poison	hand
direct	item.gt6.bottle_seed_oil	种子油	hand
direct	item.gt6.bottle_seed_oil.tooltip	食用油	hand
direct	item.gt6.bottle_slime_blue	蓝色粘液瓶	hand
direct	item.gt6.bottle_slime_blue.tooltip	可以用来做胶水	hand
direct	item.gt6.bottle_slime_green	绿色粘液瓶	hand
direct	item.gt6.bottle_slime_green.tooltip	可以用来做胶水	hand
direct	item.gt6.bottle_slime_pink	粉色粘液瓶	hand
direct	item.gt6.bottle_slime_pink.tooltip	可以用来做胶水	hand
direct	item.gt6.bottle_sunflower_oil	葵花籽油	hand
direct	item.gt6.bottle_sunflower_oil.tooltip	金葵花牌葵花籽油	hand
direct	item.gt6.bottle_tar	焦油瓶	hand
direct	item.gt6.bottle_tar.tooltip	也可以用作胶水	hand
direct	item.gt6.bottle_whale_oil	鲸油	hand
direct	item.gt6.bottle_whale_oil.tooltip	食用油	hand
direct	item.gt6.branch_cutter	修枝剪	hand
direct	item.gt6.builder_wand	建筑之杖	hand
direct	item.gt6.butchery_knife	屠宰刀	hand
direct	item.gt6.butchery_knife.tooltip	攻击速度较慢	hand
direct	item.gt6.buzzsaw_lv	圆锯 (LV)	hand
direct	item.gt6.buzzsaw_lv.tooltip	不适合采集方块	hand
direct	item.gt6.cactuswater	仙人掌	hand
direct	item.gt6.canevinegar	甘蔗醋	hand
direct	item.gt6.carbine	卡宾枪	hand
direct	item.gt6.carbine.tooltip	单发, 伤害高	hand
direct	item.gt6.cavejohnsonsgrenadejuice	凯夫·约翰逊的炸弹柠檬汁	hand
direct	item.gt6.chainsaw_hv	链锯 (HV)	hand
direct	item.gt6.chainsaw_hv.tooltip	也可采集冰	hand
direct	item.gt6.chainsaw_lv	链锯 (LV)	hand
direct	item.gt6.chainsaw_lv.tooltip	也可采集冰	hand
direct	item.gt6.chainsaw_mv	链锯 (MV)	hand
direct	item.gt6.chainsaw_mv.tooltip	也可采集冰	hand
direct	item.gt6.cherrysmoothie	樱桃冰沙	hand
direct	item.gt6.chillysauce	辣酱	hand
direct	item.gt6.chisel	凿子	hand
direct	item.gt6.chocolatecream	巧克力冰淇淋	hand
direct	item.gt6.ciderapple	苹果酒	hand
direct	item.gt6.circuit_advanced	高级电子电路	hand
direct	item.gt6.circuit_basic	基础电子电路	hand
direct	item.gt6.circuit_board_advanced	进阶电路板	hand
direct	item.gt6.circuit_board_advanced.tooltip	需要焊接	hand
direct	item.gt6.circuit_board_basic	基础电路板	hand
direct	item.gt6.circuit_board_basic.tooltip	需要焊接	hand
direct	item.gt6.circuit_board_bc_comparator	BC比较器电路板	hand
direct	item.gt6.circuit_board_bc_comparator.tooltip	需要焊接	hand
direct	item.gt6.circuit_board_bc_diamond	BC钻石电路板	hand
direct	item.gt6.circuit_board_bc_diamond.tooltip	需要焊接	hand
direct	item.gt6.circuit_board_bc_emerald	BC绿宝石电路板	hand
direct	item.gt6.circuit_board_bc_emerald.tooltip	需要焊接	hand
direct	item.gt6.circuit_board_bc_ender	BC末影电路板	hand
direct	item.gt6.circuit_board_bc_ender.tooltip	需要焊接	hand
direct	item.gt6.circuit_board_bc_gold	BC金质电路板	hand
direct	item.gt6.circuit_board_bc_gold.tooltip	需要焊接	hand
direct	item.gt6.circuit_board_bc_iron	BC铁制电路板	hand
direct	item.gt6.circuit_board_bc_iron.tooltip	需要焊接	hand
direct	item.gt6.circuit_board_bc_quartz	BC石英电路板	hand
direct	item.gt6.circuit_board_bc_quartz.tooltip	需要焊接	hand
direct	item.gt6.circuit_board_bc_redstone	BC红石电路板	hand
direct	item.gt6.circuit_board_bc_redstone.tooltip	需要焊接	hand
direct	item.gt6.circuit_board_elite	高级电路板	hand
direct	item.gt6.circuit_board_elite.tooltip	需要焊接	hand
direct	item.gt6.circuit_board_enderium	末影电路板	hand
direct	item.gt6.circuit_board_enderium.tooltip	需要焊接	hand
direct	item.gt6.circuit_board_good	不错的电路板	hand
direct	item.gt6.circuit_board_good.tooltip	需要焊接	hand
direct	item.gt6.circuit_board_hsla_circuit	HSLA电路板	hand
direct	item.gt6.circuit_board_hsla_circuit.tooltip	需要焊接	hand
direct	item.gt6.circuit_board_magic	魔法电路板	hand
direct	item.gt6.circuit_board_magic.tooltip	需要焊接	hand
direct	item.gt6.circuit_board_master	高新科技电路板	hand
direct	item.gt6.circuit_board_master.tooltip	需要焊接	hand
direct	item.gt6.circuit_board_power_module	电池组电路板	hand
direct	item.gt6.circuit_board_power_module.tooltip	需要焊接	hand
direct	item.gt6.circuit_board_signalum	信素电路板	hand
direct	item.gt6.circuit_board_signalum.tooltip	需要焊接	hand
direct	item.gt6.circuit_board_ultimate	究极电路板	hand
direct	item.gt6.circuit_board_ultimate.tooltip	需要焊接	hand
direct	item.gt6.circuit_crystal_diamond	钻石晶体电路	hand
direct	item.gt6.circuit_crystal_diamond.tooltip	钻石---逻辑	hand
direct	item.gt6.circuit_crystal_emerald	绿宝石晶体电路	hand
direct	item.gt6.circuit_crystal_emerald.tooltip	绿宝石---储存	hand
direct	item.gt6.circuit_crystal_ruby	红宝石晶体电路	hand
direct	item.gt6.circuit_crystal_ruby.tooltip	红宝石---控制	hand
direct	item.gt6.circuit_crystal_sapphire	蓝宝石晶体电路	hand
direct	item.gt6.circuit_crystal_sapphire.tooltip	蓝宝石---转换	hand
direct	item.gt6.circuit_elite	精英电子电路	hand
direct	item.gt6.circuit_enderium	末影电子电路	hand
direct	item.gt6.circuit_enderium.tooltip	在另一个维度处理您的数据	hand
direct	item.gt6.circuit_good	优质电子电路	hand
direct	item.gt6.circuit_magic	魔法电子电路	hand
direct	item.gt6.circuit_magic.tooltip	像魔法师那样处理事务!	hand
direct	item.gt6.circuit_master	主控电子电路	hand
direct	item.gt6.circuit_part_advanced	进阶电子元件	hand
direct	item.gt6.circuit_part_advanced.tooltip	装配到金电路主板上	hand
direct	item.gt6.circuit_part_basic	基础电子元件	hand
direct	item.gt6.circuit_part_basic.tooltip	装配到铜电路主板上	hand
direct	item.gt6.circuit_part_elite	高级电子元件	hand
direct	item.gt6.circuit_part_elite.tooltip	装配到金电路主板上	hand
direct	item.gt6.circuit_part_ender_eye	末影之眼电子元件	hand
direct	item.gt6.circuit_part_ender_eye.tooltip	装配到电路主板上	hand
direct	item.gt6.circuit_part_ender_pearl	末影珍珠电子元件	hand
direct	item.gt6.circuit_part_ender_pearl.tooltip	装配到电路主板上	hand
direct	item.gt6.circuit_part_enderium	末影电子元件	hand
direct	item.gt6.circuit_part_enderium.tooltip	装配到末影电路主板上	hand
direct	item.gt6.circuit_part_good	不错的电子元件	hand
direct	item.gt6.circuit_part_good.tooltip	装配到铜电路主板上	hand
direct	item.gt6.circuit_part_magic	魔法电子元件	hand
direct	item.gt6.circuit_part_magic.tooltip	装配到魔法电路主板上	hand
direct	item.gt6.circuit_part_master	高新科技电子元件	hand
direct	item.gt6.circuit_part_master.tooltip	装配到铂电路主板上	hand
direct	item.gt6.circuit_part_signalum	信素电子元件	hand
direct	item.gt6.circuit_part_signalum.tooltip	装配到信素电路主板上	hand
direct	item.gt6.circuit_part_ultimate	究极电子元件	hand
direct	item.gt6.circuit_part_ultimate.tooltip	装配到铂电路主板上	hand
direct	item.gt6.circuit_plate_copper	电路主板 (铜)	hand
direct	item.gt6.circuit_plate_copper.tooltip	需要电子元件	hand
direct	item.gt6.circuit_plate_empty	电路底板	hand
direct	item.gt6.circuit_plate_empty.tooltip	需要蚀刻电路	hand
direct	item.gt6.circuit_plate_enderium	电路主板 (末影)	hand
direct	item.gt6.circuit_plate_enderium.tooltip	需要电子元件	hand
direct	item.gt6.circuit_plate_gold	电路主板 (金)	hand
direct	item.gt6.circuit_plate_gold.tooltip	需要电子元件	hand
direct	item.gt6.circuit_plate_hsla	电路主板 (HSLA钢)	hand
direct	item.gt6.circuit_plate_hsla.tooltip	需要电子元件	hand
direct	item.gt6.circuit_plate_magic	电路主板 (魔法)	hand
direct	item.gt6.circuit_plate_magic.tooltip	需要电子元件	hand
direct	item.gt6.circuit_plate_platinum	电路主板 (铂)	hand
direct	item.gt6.circuit_plate_platinum.tooltip	需要电子元件	hand
direct	item.gt6.circuit_plate_signalum	电路主板 (信素)	hand
direct	item.gt6.circuit_plate_signalum.tooltip	需要电子元件	hand
direct	item.gt6.circuit_primitive	原始电路	hand
direct	item.gt6.circuit_signalum	信素电子电路	hand
direct	item.gt6.circuit_signalum.tooltip	逻辑电路板	hand
direct	item.gt6.circuit_ultimate	终极电子电路	hand
direct	item.gt6.circuit_wire_copper	蚀刻电路 (铜)	hand
direct	item.gt6.circuit_wire_copper.tooltip	把它装配到电路底板上!	hand
direct	item.gt6.circuit_wire_enderium	蚀刻电路 (末影)	hand
direct	item.gt6.circuit_wire_enderium.tooltip	把它装配到电路底板上!	hand
direct	item.gt6.circuit_wire_gold	蚀刻电路 (金)	hand
direct	item.gt6.circuit_wire_gold.tooltip	把它装配到电路底板上!	hand
direct	item.gt6.circuit_wire_magic	蚀刻电路 (魔法)	hand
direct	item.gt6.circuit_wire_magic.tooltip	把它装配到电路底板上!	hand
direct	item.gt6.circuit_wire_platinum	蚀刻电路 (铂)	hand
direct	item.gt6.circuit_wire_platinum.tooltip	把它装配到电路底板上!	hand
direct	item.gt6.circuit_wire_signalum	蚀刻电路 (信素)	hand
direct	item.gt6.circuit_wire_signalum.tooltip	把它装配到电路底板上!	hand
direct	item.gt6.clay_crucible_raw	粘土坩埚	hand
direct	item.gt6.clay_jug	粘土杯	hand
direct	item.gt6.club	棒槌	hand
direct	item.gt6.club.tooltip	钝重的原始武器兼碎石器	hand
direct	item.gt6.cobalt_60_fuel_rod	钴-60燃料棒	hand
direct	item.gt6.coconutcream	椰奶油	hand
direct	item.gt6.coconutmilk	椰奶	hand
direct	item.gt6.coconutmilk.tooltip	食用油	hand
direct	item.gt6.coconutsmoothie	椰奶冰沙	hand
direct	item.gt6.comb_aero	天空蜜脾	hand
direct	item.gt6.comb_amnesic	遗忘蜜脾	hand
direct	item.gt6.comb_clay	粘土蜜脾	hand
direct	item.gt6.comb_cryo	冰霜蜜脾	hand
direct	item.gt6.comb_end	末地蜜脾	hand
direct	item.gt6.comb_frozen	冰冻蜜脾	hand
direct	item.gt6.comb_honey	蜂蜜蜜脾	hand
direct	item.gt6.comb_jungle	丛林蜜脾	hand
direct	item.gt6.comb_magic	魔法蜜脾	hand
direct	item.gt6.comb_military	军事蜜脾	hand
direct	item.gt6.comb_nether	下界蜜脾	hand
direct	item.gt6.comb_pyro	炽焰蜜脾	hand
direct	item.gt6.comb_rock	岩石蜜脾	hand
direct	item.gt6.comb_royal	皇家蜜脾	hand
direct	item.gt6.comb_sandy	沙质蜜脾	hand
direct	item.gt6.comb_shroom	蘑菇蜜脾	hand
direct	item.gt6.comb_soul	灵魂蜜脾	hand
direct	item.gt6.comb_sticky	粘性蜜脾	hand
direct	item.gt6.comb_tera	大地蜜脾	hand
direct	item.gt6.comb_water	水分蜜脾	hand
direct	item.gt6.comp_laser_gas_ar	氩激光镭射器	hand
direct	item.gt6.comp_laser_gas_ar.tooltip	用途: 强光电器	hand
direct	item.gt6.comp_laser_gas_co	一氧化碳激光镭射器	hand
direct	item.gt6.comp_laser_gas_co.tooltip	用途: 低级材料加工	hand
direct	item.gt6.comp_laser_gas_co2	二氧化碳激光镭射器	hand
direct	item.gt6.comp_laser_gas_co2.tooltip	用途: 强力材料加工	hand
direct	item.gt6.comp_laser_gas_empty	空的气体-激光镭射器	hand
direct	item.gt6.comp_laser_gas_empty.tooltip	用于电力激光器	hand
direct	item.gt6.comp_laser_gas_he	氦激光镭射器	hand
direct	item.gt6.comp_laser_gas_he.tooltip	用途: 弱光电器	hand
direct	item.gt6.comp_laser_gas_hene	氦氖混合气体激光镭射器	hand
direct	item.gt6.comp_laser_gas_hene.tooltip	用途: 弱光电器	hand
direct	item.gt6.comp_laser_gas_kr	氪激光镭射器	hand
direct	item.gt6.comp_laser_gas_kr.tooltip	用途: 科研用具	hand
direct	item.gt6.comp_laser_gas_ne	氖激光镭射器	hand
direct	item.gt6.comp_laser_gas_ne.tooltip	用途: 弱光电器	hand
direct	item.gt6.comp_laser_gas_xe	氙激光镭射器	hand
direct	item.gt6.comp_laser_gas_xe.tooltip	用途: 科研用具	hand
direct	item.gt6.compact_electric_conveyor_ev	输送机模块 (EV)	hand
direct	item.gt6.compact_electric_conveyor_hv	输送机模块 (HV)	hand
direct	item.gt6.compact_electric_conveyor_iv	输送机模块 (IV)	hand
direct	item.gt6.compact_electric_conveyor_luv	输送机模块 (LuV)	hand
direct	item.gt6.compact_electric_conveyor_lv	输送机模块 (LV)	hand
direct	item.gt6.compact_electric_conveyor_mv	输送机模块 (MV)	hand
direct	item.gt6.compact_electric_conveyor_puv1	输送机模块 (PUV1)	hand
direct	item.gt6.compact_electric_conveyor_ulv	输送机模块 (ULV)	hand
direct	item.gt6.compact_electric_conveyor_uv	输送机模块 (UV)	hand
direct	item.gt6.compact_electric_conveyor_zpm	输送机模块 (ZPM)	hand
direct	item.gt6.compact_electric_motor_ev	微型电机 (EV)	hand
direct	item.gt6.compact_electric_motor_hv	微型电机 (HV)	hand
direct	item.gt6.compact_electric_motor_iv	微型电机 (IV)	hand
direct	item.gt6.compact_electric_motor_luv	微型电机 (LuV)	hand
direct	item.gt6.compact_electric_motor_lv	微型电机 (LV)	hand
direct	item.gt6.compact_electric_motor_mv	微型电机 (MV)	hand
direct	item.gt6.compact_electric_motor_puv1	微型电机 (PUV1)	hand
direct	item.gt6.compact_electric_motor_ulv	微型电机 (ULV)	hand
direct	item.gt6.compact_electric_motor_uv	微型电机 (UV)	hand
direct	item.gt6.compact_electric_motor_zpm	微型电机 (ZPM)	hand
direct	item.gt6.compact_electric_piston_ev	电动活塞 (EV)	hand
direct	item.gt6.compact_electric_piston_hv	电动活塞 (HV)	hand
direct	item.gt6.compact_electric_piston_iv	电动活塞 (IV)	hand
direct	item.gt6.compact_electric_piston_luv	电动活塞 (LuV)	hand
direct	item.gt6.compact_electric_piston_lv	电动活塞 (LV)	hand
direct	item.gt6.compact_electric_piston_mv	电动活塞 (MV)	hand
direct	item.gt6.compact_electric_piston_puv1	电动活塞 (PUV1)	hand
direct	item.gt6.compact_electric_piston_ulv	电动活塞 (ULV)	hand
direct	item.gt6.compact_electric_piston_uv	电动活塞 (UV)	hand
direct	item.gt6.compact_electric_piston_zpm	电动活塞 (ZPM)	hand
direct	item.gt6.compact_robot_arm_ev	机械臂 (EV)	hand
direct	item.gt6.compact_robot_arm_hv	机械臂 (HV)	hand
direct	item.gt6.compact_robot_arm_iv	机械臂 (IV)	hand
direct	item.gt6.compact_robot_arm_luv	机械臂 (LuV)	hand
direct	item.gt6.compact_robot_arm_lv	机械臂 (LV)	hand
direct	item.gt6.compact_robot_arm_mv	机械臂 (MV)	hand
direct	item.gt6.compact_robot_arm_puv1	机械臂 (PUV1)	hand
direct	item.gt6.compact_robot_arm_ulv	机械臂 (ULV)	hand
direct	item.gt6.compact_robot_arm_uv	机械臂 (UV)	hand
direct	item.gt6.compact_robot_arm_zpm	机械臂 (ZPM)	hand
direct	item.gt6.cover_asphalt	沥青覆盖板	hand
direct	item.gt6.cover_auto_redstone_machine_switch	自动红石机器开关	hand
direct	item.gt6.cover_auto_switch	自动开关	hand
direct	item.gt6.cover_auto_timer_10m	自动重启开关 (10分钟)	hand
direct	item.gt6.cover_auto_timer_1m	自动重启开关 (1分钟)	hand
direct	item.gt6.cover_auto_timer_20m	自动重启开关 (20分钟)	hand
direct	item.gt6.cover_auto_timer_30m	自动重启开关 (30分钟)	hand
direct	item.gt6.cover_auto_timer_5m	自动重启开关 (5分钟)	hand
direct	item.gt6.cover_controller	面板控制器	hand
direct	item.gt6.cover_crafting	工作台覆盖板	hand
direct	item.gt6.cover_drain	排液口	hand
direct	item.gt6.cover_energy_display	能量显示面板	hand
direct	item.gt6.cover_fluid_filter	液体过滤器	hand
direct	item.gt6.cover_item_filter	物品过滤器	hand
direct	item.gt6.cover_item_retriever	物品回收器面板	hand
direct	item.gt6.cover_logistics_display_cpu_control	物流显示器 (CPU 控制)	hand
direct	item.gt6.cover_logistics_display_cpu_conversion	物流显示器 (CPU 转换)	hand
direct	item.gt6.cover_logistics_display_cpu_logic	物流显示器 (CPU 逻辑)	hand
direct	item.gt6.cover_logistics_display_cpu_storage	物流显示器 (CPU 存储)	hand
direct	item.gt6.cover_logistics_fluid_export	过滤物流导出总线 (流体)	hand
direct	item.gt6.cover_logistics_fluid_import	过滤物流导入总线 (流体)	hand
direct	item.gt6.cover_logistics_fluid_storage	过滤物流存储总线 (流体)	hand
direct	item.gt6.cover_logistics_generic_dump	物流倾倒总线 (物品)	hand
direct	item.gt6.cover_logistics_generic_export	通用物流导出总线	hand
direct	item.gt6.cover_logistics_generic_import	通用物流导入总线	hand
direct	item.gt6.cover_logistics_generic_storage	通用物流存储总线	hand
direct	item.gt6.cover_logistics_item_export	过滤物流导出总线 (物品)	hand
direct	item.gt6.cover_logistics_item_import	过滤物流导入总线 (物品)	hand
direct	item.gt6.cover_logistics_item_storage	过滤物流存储总线 (物品)	hand
direct	item.gt6.cover_machine_display	状态显示覆盖板	hand
direct	item.gt6.cover_pressure_valve	释压安全阀	hand
direct	item.gt6.cover_redstone_conductor_in	红石导线面板 (接收)	hand
direct	item.gt6.cover_redstone_conductor_out	红石导线面板 (发出)	hand
direct	item.gt6.cover_redstone_emitter	红石发射器	hand
direct	item.gt6.cover_redstone_machine_switch	红石机器开关	hand
direct	item.gt6.cover_redstone_repeater	红石中继器面板	hand
direct	item.gt6.cover_redstone_torch	红石火把面板	hand
direct	item.gt6.cover_scale_energy	能量传感器	hand
direct	item.gt6.cover_scale_progress	进度传感器	hand
direct	item.gt6.cover_selector_button_panel	按钮覆盖板选择器	hand
direct	item.gt6.cover_selector_manual	手动选择面板	hand
direct	item.gt6.cover_selector_redstone	红石选择面板	hand
direct	item.gt6.cover_shutter	挡板面板	hand
direct	item.gt6.cover_vent	通风口	hand
direct	item.gt6.cranberryjuice	蔓越莓汁	hand
direct	item.gt6.cranberrysmoothie	蔓越莓冰沙	hand
direct	item.gt6.crop_seed	作物种子	hand
direct	item.gt6.crop_stick	作物杆	hand
direct	item.gt6.crossing_ceramic_raw	粘土浇铸道	hand
direct	item.gt6.crowbar	撬棍	hand
direct	item.gt6.currantjuice	醋栗汁	hand
direct	item.gt6.currantsmoothie	醋栗冰沙	hand
direct	item.gt6.cutter	线缆剪	hand
direct	item.gt6.cyanite_fuel_rod	蓝晶石燃料棒	hand
direct	item.gt6.darkbeer	黑啤	hand
direct	item.gt6.depleted_americium_241_fuel_rod	枯竭镅-241燃料棒	hand
direct	item.gt6.depleted_americium_245_fuel_rod	枯竭镅-245燃料棒	hand
direct	item.gt6.depleted_blutonium_fuel_rod	枯竭蓝钚燃料棒	hand
direct	item.gt6.depleted_cobalt_60_fuel_rod	枯竭钴-60燃料棒	hand
direct	item.gt6.depleted_cyanite_fuel_rod	枯竭蓝晶石燃料棒	hand
direct	item.gt6.depleted_enriched_naquadah_fuel_rod	枯竭浓缩硅岩金属燃料棒	hand
direct	item.gt6.depleted_ludicrite_fuel_rod	枯竭滑稽燃料棒	hand
direct	item.gt6.depleted_naquadria_fuel_rod	枯竭硅岩金属化合物燃料棒	hand
direct	item.gt6.depleted_plutonium_239_fuel_rod	枯竭钚-239燃料棒	hand
direct	item.gt6.depleted_plutonium_241_fuel_rod	枯竭钚-241燃料棒	hand
direct	item.gt6.depleted_plutonium_243_fuel_rod	枯竭钚-243燃料棒	hand
direct	item.gt6.depleted_plutonium_244_fuel_rod	枯竭钚-244燃料棒	hand
direct	item.gt6.depleted_thorium_232_fuel_rod	枯竭钍-232燃料棒	hand
direct	item.gt6.depleted_uranium_233_fuel_rod	枯竭铀-233燃料棒	hand
direct	item.gt6.depleted_uranium_235_fuel_rod	枯竭铀-235燃料棒	hand
direct	item.gt6.depleted_uranium_238_fuel_rod	枯竭铀-238燃料棒	hand
direct	item.gt6.depleted_yellorium_fuel_rod	枯竭黄铀燃料棒	hand
direct	item.gt6.diablosauce	魔改型恶魔辣酱	hand
direct	item.gt6.diablosauce_strong	老干爹辣椒酱	hand
direct	item.gt6.diabolosauce	恶魔辣酱	hand
direct	item.gt6.dragonblood	龙血	hand
direct	item.gt6.dressing	调料	hand
direct	item.gt6.drop_honey	蜂蜜滴	hand
direct	item.gt6.drop_honeydew	蜜露滴	hand
direct	item.gt6.dye_chemical_black	罐装化学染料	hand
direct	item.gt6.dye_chemical_black.tooltip	颜色: 黑色	hand
direct	item.gt6.dye_chemical_blue	罐装化学染料	hand
direct	item.gt6.dye_chemical_blue.tooltip	颜色: 蓝色	hand
direct	item.gt6.dye_chemical_brown	罐装化学染料	hand
direct	item.gt6.dye_chemical_brown.tooltip	颜色: 褐色	hand
direct	item.gt6.dye_chemical_cyan	罐装化学染料	hand
direct	item.gt6.dye_chemical_cyan.tooltip	颜色: 青色	hand
direct	item.gt6.dye_chemical_gray	罐装化学染料	hand
direct	item.gt6.dye_chemical_gray.tooltip	颜色: 灰色	hand
direct	item.gt6.dye_chemical_green	罐装化学染料	hand
direct	item.gt6.dye_chemical_green.tooltip	颜色: 绿色	hand
direct	item.gt6.dye_chemical_light_blue	罐装化学染料	hand
direct	item.gt6.dye_chemical_light_blue.tooltip	颜色: 淡蓝色	hand
direct	item.gt6.dye_chemical_light_gray	罐装化学染料	hand
direct	item.gt6.dye_chemical_light_gray.tooltip	颜色: 淡灰色	hand
direct	item.gt6.dye_chemical_lime	罐装化学染料	hand
direct	item.gt6.dye_chemical_lime.tooltip	颜色: 黄绿色	hand
direct	item.gt6.dye_chemical_magenta	罐装化学染料	hand
direct	item.gt6.dye_chemical_magenta.tooltip	颜色: 品红	hand
direct	item.gt6.dye_chemical_orange	罐装化学染料	hand
direct	item.gt6.dye_chemical_orange.tooltip	颜色: 橙色	hand
direct	item.gt6.dye_chemical_pink	罐装化学染料	hand
direct	item.gt6.dye_chemical_pink.tooltip	颜色: 粉色	hand
direct	item.gt6.dye_chemical_purple	罐装化学染料	hand
direct	item.gt6.dye_chemical_purple.tooltip	颜色: 紫色	hand
direct	item.gt6.dye_chemical_red	罐装化学染料	hand
direct	item.gt6.dye_chemical_red.tooltip	颜色: 红色	hand
direct	item.gt6.dye_chemical_white	罐装化学染料	hand
direct	item.gt6.dye_chemical_white.tooltip	颜色: 白色	hand
direct	item.gt6.dye_chemical_yellow	罐装化学染料	hand
direct	item.gt6.dye_chemical_yellow.tooltip	颜色: 黄色	hand
direct	item.gt6.dye_flower_black	罐装植物染料	hand
direct	item.gt6.dye_flower_black.tooltip	颜色: 黑色	hand
direct	item.gt6.dye_flower_blue	罐装植物染料	hand
direct	item.gt6.dye_flower_blue.tooltip	颜色: 蓝色	hand
direct	item.gt6.dye_flower_brown	罐装植物染料	hand
direct	item.gt6.dye_flower_brown.tooltip	颜色: 褐色	hand
direct	item.gt6.dye_flower_cyan	罐装植物染料	hand
direct	item.gt6.dye_flower_cyan.tooltip	颜色: 青色	hand
direct	item.gt6.dye_flower_gray	罐装植物染料	hand
direct	item.gt6.dye_flower_gray.tooltip	颜色: 灰色	hand
direct	item.gt6.dye_flower_green	罐装植物染料	hand
direct	item.gt6.dye_flower_green.tooltip	颜色: 绿色	hand
direct	item.gt6.dye_flower_light_blue	罐装植物染料	hand
direct	item.gt6.dye_flower_light_blue.tooltip	颜色: 淡蓝色	hand
direct	item.gt6.dye_flower_light_gray	罐装植物染料	hand
direct	item.gt6.dye_flower_light_gray.tooltip	颜色: 淡灰色	hand
direct	item.gt6.dye_flower_lime	罐装植物染料	hand
direct	item.gt6.dye_flower_lime.tooltip	颜色: 黄绿色	hand
direct	item.gt6.dye_flower_magenta	罐装植物染料	hand
direct	item.gt6.dye_flower_magenta.tooltip	颜色: 品红	hand
direct	item.gt6.dye_flower_orange	罐装植物染料	hand
direct	item.gt6.dye_flower_orange.tooltip	颜色: 橙色	hand
direct	item.gt6.dye_flower_pink	罐装植物染料	hand
direct	item.gt6.dye_flower_pink.tooltip	颜色: 粉色	hand
direct	item.gt6.dye_flower_purple	罐装植物染料	hand
direct	item.gt6.dye_flower_purple.tooltip	颜色: 紫色	hand
direct	item.gt6.dye_flower_red	罐装植物染料	hand
direct	item.gt6.dye_flower_red.tooltip	颜色: 红色	hand
direct	item.gt6.dye_flower_white	罐装植物染料	hand
direct	item.gt6.dye_flower_white.tooltip	颜色: 白色	hand
direct	item.gt6.dye_flower_yellow	罐装植物染料	hand
direct	item.gt6.dye_flower_yellow.tooltip	颜色: 黄色	hand
direct	item.gt6.dye_watermixed_black	罐装水性染料	hand
direct	item.gt6.dye_watermixed_black.tooltip	颜色: 黑色	hand
direct	item.gt6.dye_watermixed_blue	罐装水性染料	hand
direct	item.gt6.dye_watermixed_blue.tooltip	颜色: 蓝色	hand
direct	item.gt6.dye_watermixed_brown	罐装水性染料	hand
direct	item.gt6.dye_watermixed_brown.tooltip	颜色: 褐色	hand
direct	item.gt6.dye_watermixed_cyan	罐装水性染料	hand
direct	item.gt6.dye_watermixed_cyan.tooltip	颜色: 青色	hand
direct	item.gt6.dye_watermixed_gray	罐装水性染料	hand
direct	item.gt6.dye_watermixed_gray.tooltip	颜色: 灰色	hand
direct	item.gt6.dye_watermixed_green	罐装水性染料	hand
direct	item.gt6.dye_watermixed_green.tooltip	颜色: 绿色	hand
direct	item.gt6.dye_watermixed_light_blue	罐装水性染料	hand
direct	item.gt6.dye_watermixed_light_blue.tooltip	颜色: 淡蓝色	hand
direct	item.gt6.dye_watermixed_light_gray	罐装水性染料	hand
direct	item.gt6.dye_watermixed_light_gray.tooltip	颜色: 淡灰色	hand
direct	item.gt6.dye_watermixed_lime	罐装水性染料	hand
direct	item.gt6.dye_watermixed_lime.tooltip	颜色: 黄绿色	hand
direct	item.gt6.dye_watermixed_magenta	罐装水性染料	hand
direct	item.gt6.dye_watermixed_magenta.tooltip	颜色: 品红	hand
direct	item.gt6.dye_watermixed_orange	罐装水性染料	hand
direct	item.gt6.dye_watermixed_orange.tooltip	颜色: 橙色	hand
direct	item.gt6.dye_watermixed_pink	罐装水性染料	hand
direct	item.gt6.dye_watermixed_pink.tooltip	颜色: 粉色	hand
direct	item.gt6.dye_watermixed_purple	罐装水性染料	hand
direct	item.gt6.dye_watermixed_purple.tooltip	颜色: 紫色	hand
direct	item.gt6.dye_watermixed_red	罐装水性染料	hand
direct	item.gt6.dye_watermixed_red.tooltip	颜色: 红色	hand
direct	item.gt6.dye_watermixed_white	罐装水性染料	hand
direct	item.gt6.dye_watermixed_white.tooltip	颜色: 白色	hand
direct	item.gt6.dye_watermixed_yellow	罐装水性染料	hand
direct	item.gt6.dye_watermixed_yellow.tooltip	颜色: 黄色	hand
direct	item.gt6.dynamite	锯末炸药	hand
direct	item.gt6.dynamite_strong	强化矿用雷管	hand
direct	item.gt6.elderberrysmoothie	接骨木冰沙	hand
direct	item.gt6.electrode_fr_apatite	电子管元件 (磷灰石)	hand
direct	item.gt6.electrode_fr_apatite.tooltip	需要玻璃外壳	hand
direct	item.gt6.electrode_fr_blaze	电子管元件 (烈焰)	hand
direct	item.gt6.electrode_fr_blaze.tooltip	需要玻璃外壳	hand
direct	item.gt6.electrode_fr_bronze	电子管元件 (青铜)	hand
direct	item.gt6.electrode_fr_bronze.tooltip	需要玻璃外壳	hand
direct	item.gt6.electrode_fr_copper	电子管元件 (铜)	hand
direct	item.gt6.electrode_fr_copper.tooltip	需要玻璃外壳	hand
direct	item.gt6.electrode_fr_diamond	电子管元件 (钻石)	hand
direct	item.gt6.electrode_fr_diamond.tooltip	需要玻璃外壳	hand
direct	item.gt6.electrode_fr_emerald	电子管元件 (绿宝石)	hand
direct	item.gt6.electrode_fr_emerald.tooltip	需要玻璃外壳	hand
direct	item.gt6.electrode_fr_ender	电子管元件 (末影)	hand
direct	item.gt6.electrode_fr_ender.tooltip	需要玻璃外壳	hand
direct	item.gt6.electrode_fr_gold	电子管元件 (金)	hand
direct	item.gt6.electrode_fr_gold.tooltip	需要玻璃外壳	hand
direct	item.gt6.electrode_fr_iron	电子管元件 (铁)	hand
direct	item.gt6.electrode_fr_iron.tooltip	需要玻璃外壳	hand
direct	item.gt6.electrode_fr_lapis	电子管元件 (青金石)	hand
direct	item.gt6.electrode_fr_lapis.tooltip	需要玻璃外壳	hand
direct	item.gt6.electrode_fr_obsidian	电子管元件 (黑曜石)	hand
direct	item.gt6.electrode_fr_obsidian.tooltip	需要玻璃外壳	hand
direct	item.gt6.electrode_fr_rubber	电子管元件 (橡胶)	hand
direct	item.gt6.electrode_fr_rubber.tooltip	需要玻璃外壳	hand
direct	item.gt6.electrode_fr_tin	电子管元件 (锡)	hand
direct	item.gt6.electrode_fr_tin.tooltip	需要玻璃外壳	hand
direct	item.gt6.empty_reactor_rod	空燃料棒	hand
direct	item.gt6.energium_cyan_ev	青色能量水晶 (T4)	hand
direct	item.gt6.energium_cyan_hv	青色能量水晶 (T3)	hand
direct	item.gt6.energium_cyan_iv	青色能量水晶 (T5)	hand
direct	item.gt6.energium_cyan_lv	青色能量水晶 (T1)	hand
direct	item.gt6.energium_cyan_mv	青色能量水晶 (T2)	hand
direct	item.gt6.energium_cyan_ulv	青色能量水晶 (T0)	hand
direct	item.gt6.energium_red_ev	红色能量水晶 (T4)	hand
direct	item.gt6.energium_red_hv	红色能量水晶 (T3)	hand
direct	item.gt6.energium_red_iv	红色能量水晶 (T5)	hand
direct	item.gt6.energium_red_lv	红色能量水晶 (T1)	hand
direct	item.gt6.energium_red_mv	红色能量水晶 (T2)	hand
direct	item.gt6.energium_red_ulv	红色能量水晶 (T0)	hand
direct	item.gt6.enriched_naquadah_enriched_rod	浓缩硅岩金属浓缩燃料棒	hand
direct	item.gt6.enriched_naquadah_fuel_rod	浓缩硅岩金属燃料棒	hand
direct	item.gt6.faucet_ceramic_raw	粘土浇铸口	hand
direct	item.gt6.field_generator_ev	力场发生器 (EV)	hand
direct	item.gt6.field_generator_hv	力场发生器 (HV)	hand
direct	item.gt6.field_generator_iv	力场发生器 (IV)	hand
direct	item.gt6.field_generator_luv	力场发生器 (LuV)	hand
direct	item.gt6.field_generator_lv	力场发生器 (LV)	hand
direct	item.gt6.field_generator_mv	力场发生器 (MV)	hand
direct	item.gt6.field_generator_puv1	力场发生器 (PUV1)	hand
direct	item.gt6.field_generator_ulv	力场发生器 (ULV)	hand
direct	item.gt6.field_generator_uv	力场发生器 (UV)	hand
direct	item.gt6.field_generator_zpm	力场发生器 (ZPM)	hand
direct	item.gt6.figjuice	无花果汁	hand
direct	item.gt6.figsmoothie	无花果冰沙	hand
direct	item.gt6.file	锉刀	hand
direct	item.gt6.flint_and_tinder	打火石	hand
direct	item.gt6.foam_spray_black	建筑泡沫喷罐 (黑色)	hand
direct	item.gt6.foam_spray_blue	建筑泡沫喷罐 (蓝色)	hand
direct	item.gt6.foam_spray_brown	建筑泡沫喷罐 (褐色)	hand
direct	item.gt6.foam_spray_cyan	建筑泡沫喷罐 (青色)	hand
direct	item.gt6.foam_spray_gray	建筑泡沫喷罐 (灰色)	hand
direct	item.gt6.foam_spray_green	建筑泡沫喷罐 (绿色)	hand
direct	item.gt6.foam_spray_light_blue	建筑泡沫喷罐 (淡蓝色)	hand
direct	item.gt6.foam_spray_light_gray	建筑泡沫喷罐 (淡灰色)	hand
direct	item.gt6.foam_spray_lime	建筑泡沫喷罐 (黄绿色)	hand
direct	item.gt6.foam_spray_magenta	建筑泡沫喷罐 (品红)	hand
direct	item.gt6.foam_spray_orange	建筑泡沫喷罐 (橙色)	hand
direct	item.gt6.foam_spray_owned_black	强化建筑泡沫喷罐 (黑色)	hand
direct	item.gt6.foam_spray_owned_blue	强化建筑泡沫喷罐 (蓝色)	hand
direct	item.gt6.foam_spray_owned_brown	强化建筑泡沫喷罐 (褐色)	hand
direct	item.gt6.foam_spray_owned_cyan	强化建筑泡沫喷罐 (青色)	hand
direct	item.gt6.foam_spray_owned_gray	强化建筑泡沫喷罐 (灰色)	hand
direct	item.gt6.foam_spray_owned_green	强化建筑泡沫喷罐 (绿色)	hand
direct	item.gt6.foam_spray_owned_light_blue	强化建筑泡沫喷罐 (淡蓝色)	hand
direct	item.gt6.foam_spray_owned_light_gray	强化建筑泡沫喷罐 (淡灰色)	hand
direct	item.gt6.foam_spray_owned_lime	强化建筑泡沫喷罐 (黄绿色)	hand
direct	item.gt6.foam_spray_owned_magenta	强化建筑泡沫喷罐 (品红)	hand
direct	item.gt6.foam_spray_owned_orange	强化建筑泡沫喷罐 (橙色)	hand
direct	item.gt6.foam_spray_owned_pink	强化建筑泡沫喷罐 (粉色)	hand
direct	item.gt6.foam_spray_owned_purple	强化建筑泡沫喷罐 (紫色)	hand
direct	item.gt6.foam_spray_owned_red	强化建筑泡沫喷罐 (红色)	hand
direct	item.gt6.foam_spray_owned_white	强化建筑泡沫喷罐 (白色)	hand
direct	item.gt6.foam_spray_owned_yellow	强化建筑泡沫喷罐 (黄色)	hand
direct	item.gt6.foam_spray_pink	建筑泡沫喷罐 (粉色)	hand
direct	item.gt6.foam_spray_purple	建筑泡沫喷罐 (紫色)	hand
direct	item.gt6.foam_spray_red	建筑泡沫喷罐 (红色)	hand
direct	item.gt6.foam_spray_white	建筑泡沫喷罐 (白色)	hand
direct	item.gt6.foam_spray_yellow	建筑泡沫喷罐 (黄色)	hand
direct	item.gt6.food_ananas	菠萝	hand
direct	item.gt6.food_ananas.tooltip	想想谁住在海底的大菠萝里?	hand
direct	item.gt6.food_ananas_sliced	菠萝片	hand
direct	item.gt6.food_ananas_sliced.tooltip	Ted真的找到过神奇菠萝吗?	hand
direct	item.gt6.food_apple_darkred	苹果	hand
direct	item.gt6.food_apple_darkred_core	苹果核	hand
direct	item.gt6.food_apple_darkred_core.tooltip	不要与同名模组混淆	hand
direct	item.gt6.food_apple_darkred_sliced	苹果片	hand
direct	item.gt6.food_apple_green	苹果	hand
direct	item.gt6.food_apple_green_core	苹果核	hand
direct	item.gt6.food_apple_green_core.tooltip	不要与同名模组混淆	hand
direct	item.gt6.food_apple_green_sliced	苹果片	hand
direct	item.gt6.food_apple_red_core	苹果核	hand
direct	item.gt6.food_apple_red_core.tooltip	不要与同名模组混淆	hand
direct	item.gt6.food_apple_red_sliced	苹果片	hand
direct	item.gt6.food_apple_yellow	苹果	hand
direct	item.gt6.food_apple_yellow_core	苹果核	hand
direct	item.gt6.food_apple_yellow_core.tooltip	不要与同名模组混淆	hand
direct	item.gt6.food_apple_yellow_sliced	苹果片	hand
direct	item.gt6.food_bacon_cooked	烤培根	hand
direct	item.gt6.food_bacon_raw	生的培根	hand
direct	item.gt6.food_bacon_raw.tooltip	会从猪身上掉落	hand
direct	item.gt6.food_baguette	法棍	hand
direct	item.gt6.food_baguette.tooltip	我只是传送了面包!!!	hand
direct	item.gt6.food_baguette_raw	生面团 (法棍)	hand
direct	item.gt6.food_baguette_raw.tooltip	揉成了法式长棍的形状	hand
direct	item.gt6.food_baguette_sliced	半根法式长棍	hand
direct	item.gt6.food_baguette_sliced.tooltip	法式长棍的一半	hand
direct	item.gt6.food_baguettes_sliced	切片法式长棍	hand
direct	item.gt6.food_baguettes_sliced.tooltip	已切片	hand
direct	item.gt6.food_banana	香蕉	hand
direct	item.gt6.food_banana.tooltip	也可以用来当枪使	hand
direct	item.gt6.food_banana_sliced	香蕉片	hand
direct	item.gt6.food_banana_sliced.tooltip	小黄人的食物	hand
direct	item.gt6.food_barbecuesauce	烧烤酱	hand
direct	item.gt6.food_blackberry	黑莓	hand
direct	item.gt6.food_blueberry	蓝莓	hand
direct	item.gt6.food_bread_raw	生面团 (面包)	hand
direct	item.gt6.food_bread_raw.tooltip	揉成了面包的形状	hand
direct	item.gt6.food_bread_sliced	半片面包	hand
direct	item.gt6.food_breads_sliced	切片面包	hand
direct	item.gt6.food_breads_sliced.tooltip	已切片	hand
direct	item.gt6.food_brown_egg_boiled	煮鸡蛋	hand
direct	item.gt6.food_brown_egg_boiled.tooltip	煮了还是没煮? 这是一个问题	hand
direct	item.gt6.food_bun	小面包	hand
direct	item.gt6.food_bun_raw	面团(小面包)	hand
direct	item.gt6.food_bun_raw.tooltip	揉成了馒头的样子	hand
direct	item.gt6.food_bun_sliced	半块小面包	hand
direct	item.gt6.food_bun_sliced.tooltip	小面包的一半	hand
direct	item.gt6.food_buns_sliced	切片小面包	hand
direct	item.gt6.food_buns_sliced.tooltip	已切片	hand
direct	item.gt6.food_burger_cheese	奶酪汉堡	hand
direct	item.gt6.food_burger_cheese.tooltip	奶酪味十足!	hand
direct	item.gt6.food_burger_chum	好基友肉堡	hand
direct	item.gt6.food_burger_chum.tooltip	Fum is Chum!	hand
direct	item.gt6.food_burger_fish	鱼肉汉堡	hand
direct	item.gt6.food_burger_fish.tooltip	闻起来就像鱼肉	hand
direct	item.gt6.food_burger_meat	肉汉(jia)堡(mo)	hand
direct	item.gt6.food_burger_meat.tooltip	MC 汉堡女皇出品	hand
direct	item.gt6.food_burger_soylent	营养液汉堡	hand
direct	item.gt6.food_burger_soylent.tooltip	别忘了你的营养液色拉和营养液可乐!	hand
direct	item.gt6.food_burger_tofu	豆腐汉堡	hand
direct	item.gt6.food_burger_tofu.tooltip	只是小面包里夹了一些白乎乎的东西	hand
direct	item.gt6.food_burger_veggie	无肉汉堡	hand
direct	item.gt6.food_burger_veggie.tooltip	无论你叫它什么, 它永远也不会带肉!	hand
direct	item.gt6.food_butter	黄油	hand
direct	item.gt6.food_butter.tooltip	一块纯脂肪	hand
direct	item.gt6.food_butter_salted	盐味黄油	hand
direct	item.gt6.food_butter_salted.tooltip	好像它本来就不健康一样	hand
direct	item.gt6.food_cakebottom	烘焙蛋糕底座	hand
direct	item.gt6.food_cakebottom.tooltip	我知道我跟你保证过会有一个蛋糕的.....但是...	hand
direct	item.gt6.food_cakebottom_raw	蛋糕底座 (未烤制)	hand
direct	item.gt6.food_cakebottom_raw.tooltip	用于做蛋糕	hand
direct	item.gt6.food_can_air	罐装空气	hand
direct	item.gt6.food_can_air_end	罐装太空空气	hand
direct	item.gt6.food_can_air_nether	罐装热空气	hand
direct	item.gt6.food_can_bread_huge	超大食物罐头 (面包)	hand
direct	item.gt6.food_can_bread_large	大食物罐头 (面包)	hand
direct	item.gt6.food_can_bread_small	小食物罐头 (面包)	hand
direct	item.gt6.food_can_bread_tall	高食物罐头 (面包)	hand
direct	item.gt6.food_can_bread_tiny	迷你食物罐头 (面包)	hand
direct	item.gt6.food_can_bread_wide	宽食物罐头 (面包)	hand
direct	item.gt6.food_can_chum_huge	超大食物罐头 (基友肉)	hand
direct	item.gt6.food_can_chum_large	大食物罐头 (基友肉)	hand
direct	item.gt6.food_can_chum_small	小食物罐头 (基友肉)	hand
direct	item.gt6.food_can_chum_tall	高食物罐头 (基友肉)	hand
direct	item.gt6.food_can_chum_tiny	迷你食物罐头 (基友肉)	hand
direct	item.gt6.food_can_chum_wide	宽食物罐头 (基友肉)	hand
direct	item.gt6.food_can_cookies_huge	超大食物罐头 (饼干)	hand
direct	item.gt6.food_can_cookies_large	大食物罐头 (饼干)	hand
direct	item.gt6.food_can_cookies_small	小食物罐头 (饼干)	hand
direct	item.gt6.food_can_cookies_tall	高食物罐头 (饼干)	hand
direct	item.gt6.food_can_cookies_tiny	迷你食物罐头 (饼干)	hand
direct	item.gt6.food_can_cookies_wide	宽食物罐头 (饼干)	hand
direct	item.gt6.food_can_empty	空食物罐头	hand
direct	item.gt6.food_can_fish_huge	超大食物罐头 (鱼)	hand
direct	item.gt6.food_can_fish_large	大食物罐头 (鱼)	hand
direct	item.gt6.food_can_fish_small	小食物罐头 (鱼)	hand
direct	item.gt6.food_can_fish_tall	高食物罐头 (鱼)	hand
direct	item.gt6.food_can_fish_tiny	迷你食物罐头 (鱼)	hand
direct	item.gt6.food_can_fish_wide	宽食物罐头 (鱼)	hand
direct	item.gt6.food_can_fruit_huge	超大食物罐头 (水果)	hand
direct	item.gt6.food_can_fruit_large	大食物罐头 (水果)	hand
direct	item.gt6.food_can_fruit_small	小食物罐头 (水果)	hand
direct	item.gt6.food_can_fruit_tall	高食物罐头 (水果)	hand
direct	item.gt6.food_can_fruit_tiny	迷你食物罐头 (水果)	hand
direct	item.gt6.food_can_fruit_wide	宽食物罐头 (水果)	hand
direct	item.gt6.food_can_meat_huge	超大食物罐头 (肉)	hand
direct	item.gt6.food_can_meat_large	大食物罐头 (肉)	hand
direct	item.gt6.food_can_meat_small	小食物罐头 (肉)	hand
direct	item.gt6.food_can_meat_tall	高食物罐头 (肉)	hand
direct	item.gt6.food_can_meat_tiny	迷你食物罐头 (肉)	hand
direct	item.gt6.food_can_meat_wide	宽食物罐头 (肉)	hand
direct	item.gt6.food_can_rotten_huge	超大食物罐头 (腐肉)	hand
direct	item.gt6.food_can_rotten_large	大食物罐头 (腐肉)	hand
direct	item.gt6.food_can_rotten_small	小食物罐头 (腐肉)	hand
direct	item.gt6.food_can_rotten_tall	高食物罐头 (腐肉)	hand
direct	item.gt6.food_can_rotten_tiny	迷你食物罐头 (腐肉)	hand
direct	item.gt6.food_can_rotten_wide	宽食物罐头 (腐肉)	hand
direct	item.gt6.food_can_unknown_huge	超大食物罐头 (未知)	hand
direct	item.gt6.food_can_unknown_large	大食物罐头 (未知)	hand
direct	item.gt6.food_can_unknown_small	小食物罐头 (未知)	hand
direct	item.gt6.food_can_unknown_tall	高食物罐头 (未知)	hand
direct	item.gt6.food_can_unknown_tiny	迷你食物罐头 (未知)	hand
direct	item.gt6.food_can_unknown_wide	宽食物罐头 (未知)	hand
direct	item.gt6.food_can_veggie_huge	超大食物罐头 (蔬菜)	hand
direct	item.gt6.food_can_veggie_large	大食物罐头 (蔬菜)	hand
direct	item.gt6.food_can_veggie_small	小食物罐头 (蔬菜)	hand
direct	item.gt6.food_can_veggie_tall	高食物罐头 (蔬菜)	hand
direct	item.gt6.food_can_veggie_tiny	迷你食物罐头 (蔬菜)	hand
direct	item.gt6.food_can_veggie_wide	宽食物罐头 (蔬菜)	hand
direct	item.gt6.food_candleberry	蜡杨莓	hand
direct	item.gt6.food_carrot_sliced	胡萝卜片	hand
direct	item.gt6.food_carrot_sliced.tooltip	切片的胡萝卜	hand
direct	item.gt6.food_cerublossom	暗影花	hand
direct	item.gt6.food_cerublossom.tooltip	用于膜法	hand
direct	item.gt6.food_cheese	奶酪	hand
direct	item.gt6.food_cheese.tooltip	戳一戳	hand
direct	item.gt6.food_cheese_sliced	奶酪片	hand
direct	item.gt6.food_cheese_sliced.tooltip	外星人入侵!!!, 发射奶酪!!!	hand
direct	item.gt6.food_chili_chips	辣味薯片	hand
direct	item.gt6.food_chili_chips.tooltip	辣的够呛	hand
direct	item.gt6.food_chili_pepper	红辣椒	hand
direct	item.gt6.food_chili_pepper.tooltip	不仅红而且辣	hand
direct	item.gt6.food_chum	好基友肉块	hand
direct	item.gt6.food_chum.tooltip	哔~~~~~~~	hand
direct	item.gt6.food_chum_on_stick	棍子上的好基友肉块	hand
direct	item.gt6.food_chum_on_stick.tooltip	不要忘了尝尝我们的Chum-balaya	hand
direct	item.gt6.food_cinnamon	凤梨树皮	hand
direct	item.gt6.food_cinnamon.tooltip	别让任何人挑战你!	hand
direct	item.gt6.food_coconut	椰子树木	hand
direct	item.gt6.food_coconut.tooltip	他的椰子枪会突然射出，被打中的话一定很疼!	hand
direct	item.gt6.food_cookie_abyssal_raw	深渊曲奇面团	hand
direct	item.gt6.food_cookie_abyssal_raw.tooltip	用于烤制深渊曲奇	hand
direct	item.gt6.food_cookie_chocolate_raisins	曲奇	hand
direct	item.gt6.food_cookie_chocolate_raisins_raw	巧克力葡萄干曲奇面团	hand
direct	item.gt6.food_cookie_chocolate_raisins_raw.tooltip	就像一块普通的巧克力曲奇 >:D	hand
direct	item.gt6.food_cookie_raisins	葡萄干曲奇	hand
direct	item.gt6.food_cookie_raisins.tooltip	你不喜欢? 关我什么事! 它很好吃!	hand
direct	item.gt6.food_cookie_raisins_raw	葡萄干曲奇面团	hand
direct	item.gt6.food_cookie_raisins_raw.tooltip	用于烤制葡萄干曲奇	hand
direct	item.gt6.food_cookie_raw	曲奇面团	hand
direct	item.gt6.food_cookie_raw.tooltip	用于烤制曲奇	hand
direct	item.gt6.food_cranberry	蔓越莓	hand
direct	item.gt6.food_crop_barley	大麦	hand
direct	item.gt6.food_crop_oats	燕麦	hand
direct	item.gt6.food_crop_rice	水稻	hand
direct	item.gt6.food_crop_rye	黑麦	hand
direct	item.gt6.food_cucumber	黄瓜	hand
direct	item.gt6.food_cucumber.tooltip	这可不是根海参	hand
direct	item.gt6.food_cucumber_sliced	黄瓜片	hand
direct	item.gt6.food_cucumber_sliced.tooltip	黄~~~~~~~~~~~~~~~瓜~~~~~~~~~~~~~~!!!	hand
direct	item.gt6.food_currants_black	黑醋栗	hand
direct	item.gt6.food_currants_red	红醋栗	hand
direct	item.gt6.food_currants_white	白醋栗	hand
direct	item.gt6.food_desertnova	沙漠新星	hand
direct	item.gt6.food_desertnova.tooltip	用于膜法	hand
direct	item.gt6.food_dogmeat_cooked	烤狗肉	hand
direct	item.gt6.food_dogmeat_cooked.tooltip	你真是日了狗了!	hand
direct	item.gt6.food_dogmeat_raw	狗肉	hand
direct	item.gt6.food_dogmeat_raw.tooltip	你的[慈悲]去哪里了?	hand
direct	item.gt6.food_donkey_cooked	烤驴肉	hand
direct	item.gt6.food_donkey_raw	驴肉	hand
direct	item.gt6.food_dough	面团	hand
direct	item.gt6.food_dough.tooltip	做面包用	hand
direct	item.gt6.food_dough_abyssal	深渊面团	hand
direct	item.gt6.food_dough_abyssal.tooltip	用于烘焙深渊美食	hand
direct	item.gt6.food_dough_chocolate	巧克力面团	hand
direct	item.gt6.food_dough_chocolate.tooltip	我说了不要吃生面团!	hand
direct	item.gt6.food_dough_egg	鸡蛋面团	hand
direct	item.gt6.food_dough_egg.tooltip	用来制作意大利面	hand
direct	item.gt6.food_dough_flat	摊平的面饼	hand
direct	item.gt6.food_dough_flat.tooltip	用来做披萨	hand
direct	item.gt6.food_dough_flat_ketchup	撒着番茄酱的面饼	hand
direct	item.gt6.food_dough_flat_ketchup.tooltip	用以制作披萨	hand
direct	item.gt6.food_dough_sugar	加糖的面团	hand
direct	item.gt6.food_dough_sugar.tooltip	在烘焙过之前不要吃生面团	hand
direct	item.gt6.food_dough_sugar_chocolate_raisins	加糖的巧克力葡萄干面团	hand
direct	item.gt6.food_dough_sugar_chocolate_raisins.tooltip	就像巧克力饼干一样	hand
direct	item.gt6.food_dough_sugar_raisins	加糖的葡萄干面团	hand
direct	item.gt6.food_dough_sugar_raisins.tooltip	在烘焙之前不要吃生面团	hand
direct	item.gt6.food_egg_fried	煎鸡蛋	hand
direct	item.gt6.food_egg_scrambled	炒蛋	hand
direct	item.gt6.food_egg_sliced	鸡蛋片	hand
direct	item.gt6.food_egg_sliced.tooltip	棒“ 鸡” 了	hand
direct	item.gt6.food_egg_white	蛋白	hand
direct	item.gt6.food_egg_yolk	蛋黄	hand
direct	item.gt6.food_egg_yolk.tooltip	就这样，蛋黄们	hand
direct	item.gt6.food_fries	薯条	hand
direct	item.gt6.food_fries.tooltip	别把快递小哥煎了	hand
direct	item.gt6.food_fries_packaged	薯条	hand
direct	item.gt6.food_fries_packaged.tooltip	没有番茄酱	hand
direct	item.gt6.food_fries_raw	土豆条	hand
direct	item.gt6.food_fries_raw.tooltip	条状的马铃薯	hand
direct	item.gt6.food_gooseberry	鹅莓	hand
direct	item.gt6.food_grapes_green	绿葡萄	hand
direct	item.gt6.food_grapes_green.tooltip	可以用来做葡萄酒	hand
direct	item.gt6.food_grapes_purple	紫葡萄	hand
direct	item.gt6.food_grapes_purple.tooltip	可以用来做葡萄酒	hand
direct	item.gt6.food_grapes_red	红葡萄	hand
direct	item.gt6.food_grapes_red.tooltip	脱水的葡萄	hand
direct	item.gt6.food_grapes_white	白葡萄	hand
direct	item.gt6.food_grapes_white.tooltip	葡萄酒原料	hand
direct	item.gt6.food_grass	草	hand
direct	item.gt6.food_grass.tooltip	9个合成为一捆以便晒干	hand
direct	item.gt6.food_grass_dry	干草	hand
direct	item.gt6.food_grass_dry.tooltip	可以用来制作简易的取火器	hand
direct	item.gt6.food_grass_moldy	发霉的草	hand
direct	item.gt6.food_grass_rotten	烂草	hand
direct	item.gt6.food_ham_cooked	熟的火腿	hand
direct	item.gt6.food_ham_raw	生的火腿	hand
direct	item.gt6.food_ham_raw.tooltip	会从猪身上掉落	hand
direct	item.gt6.food_ham_slice_cooked	熟的火腿片	hand
direct	item.gt6.food_ham_slice_raw	生的火腿片	hand
direct	item.gt6.food_hazelnut	榛子	hand
direct	item.gt6.food_heavycream	鲜奶油	hand
direct	item.gt6.food_honeydrop	蜂蜜	hand
direct	item.gt6.food_honeydrop.tooltip	为什么这个罐子看起来像熊而不是蜜蜂?	hand
direct	item.gt6.food_horse_cooked	烤马肉	hand
direct	item.gt6.food_horse_raw	马肉	hand
direct	item.gt6.food_ice_cream	冰淇淋	hand
direct	item.gt6.food_ice_cream.tooltip	牛奶基本款意式冰淇淋	hand
direct	item.gt6.food_ice_cream_raisin	葡萄干冰淇淋	hand
direct	item.gt6.food_ice_cream_raisin.tooltip	葡萄干与意式冰淇淋的结合	hand
direct	item.gt6.food_ketchup	番茄酱	hand
direct	item.gt6.food_large_sandwich_bacon	大型培根三明治	hand
direct	item.gt6.food_large_sandwich_bacon.tooltip	只为真男人!(女汉子也行)	hand
direct	item.gt6.food_large_sandwich_cheese	大型奶酪三明治	hand
direct	item.gt6.food_large_sandwich_cheese.tooltip	我需要一个奶酪味十足的说明!	hand
direct	item.gt6.food_large_sandwich_steak	大型牛排三明治	hand
direct	item.gt6.food_large_sandwich_steak.tooltip	是的,我曾经不小心把这东西称之为蒸汽三明治!	hand
direct	item.gt6.food_large_sandwich_veggie	大型蔬菜三明治	hand
direct	item.gt6.food_large_sandwich_veggie.tooltip	只是有点不值.......	hand
direct	item.gt6.food_lemon	柠檬	hand
direct	item.gt6.food_lemon.tooltip	别把它做成柠檬汁	hand
direct	item.gt6.food_lemon_sliced	柠檬片	hand
direct	item.gt6.food_lemon_sliced.tooltip	配上一瓶饮料,赛神仙!	hand
direct	item.gt6.food_mtomato	魔改型番茄	hand
direct	item.gt6.food_mtomato.tooltip	满血复活!	hand
direct	item.gt6.food_mule_cooked	烤骡肉	hand
direct	item.gt6.food_mule_raw	骡肉	hand
direct	item.gt6.food_mutton_cooked	烤羊肉	hand
direct	item.gt6.food_mutton_raw	羊肉	hand
direct	item.gt6.food_mutton_raw.tooltip	Beep Beep I'm a Sheep, I said: Beep Beep I'm a Sheep	hand
direct	item.gt6.food_onion	洋葱	hand
direct	item.gt6.food_onion.tooltip	一发入魂	hand
direct	item.gt6.food_onion_sliced	洋葱片	hand
direct	item.gt6.food_onion_sliced.tooltip	团结起来, 洋葱片!	hand
direct	item.gt6.food_peanut	花生	hand
direct	item.gt6.food_peanut.tooltip	Deez Nuz	hand
direct	item.gt6.food_pickle	腌黄瓜	hand
direct	item.gt6.food_pickle.tooltip	不是海泡菜! 也不是《瑞克和莫蒂》里面的那个!	hand
direct	item.gt6.food_pickle_sliced	腌黄瓜片	hand
direct	item.gt6.food_pickle_sliced.tooltip	你的脸就像腌黄瓜一样	hand
direct	item.gt6.food_pizza_ananas	夏威夷披萨	hand
direct	item.gt6.food_pizza_ananas.tooltip	这什么鬼?! 谁把菠萝放披萨里了!?	hand
direct	item.gt6.food_pizza_ananas_raw	生的夏威夷披萨	hand
direct	item.gt6.food_pizza_ananas_raw.tooltip	你真的把菠萝放在披萨上了?	hand
direct	item.gt6.food_pizza_cheese	奶酪披萨	hand
direct	item.gt6.food_pizza_cheese.tooltip	玛格丽特披萨	hand
direct	item.gt6.food_pizza_cheese_raw	生的芝士披萨	hand
direct	item.gt6.food_pizza_cheese_raw.tooltip	把它放进烤箱!	hand
direct	item.gt6.food_pizza_meat	肉沫披萨	hand
direct	item.gt6.food_pizza_meat.tooltip	非主流披萨, 它把自己切碎了!	hand
direct	item.gt6.food_pizza_meat_raw	生的肉沫披萨	hand
direct	item.gt6.food_pizza_meat_raw.tooltip	把它放进烤箱!	hand
direct	item.gt6.food_pizza_veggie	蔬菜披萨	hand
direct	item.gt6.food_pizza_veggie.tooltip	他们马上就会想要Gluten免费披萨了...	hand
direct	item.gt6.food_pizza_veggie_raw	生的蔬菜披萨	hand
direct	item.gt6.food_pizza_veggie_raw.tooltip	把它放进烤箱!	hand
direct	item.gt6.food_pomegranate	石榴	hand
direct	item.gt6.food_pomegranate.tooltip	一个多籽的苹果	hand
direct	item.gt6.food_pomeraisins	石榴干	hand
direct	item.gt6.food_pomeraisins.tooltip	小狗狗(Lesser Dogs)最喜欢的食物	hand
direct	item.gt6.food_potato_chips	薯片	hand
direct	item.gt6.food_potato_chips.tooltip	嘎嘣脆!	hand
direct	item.gt6.food_potato_on_stick	棍上土豆	hand
direct	item.gt6.food_potato_on_stick.tooltip	就像一只螃蟹爪子	hand
direct	item.gt6.food_potato_on_stick_roasted	棍上熟土豆	hand
direct	item.gt6.food_potato_on_stick_roasted.tooltip	还是像一只螃蟹爪子	hand
direct	item.gt6.food_raisins_chocolate	巧克力葡萄干	hand
direct	item.gt6.food_raisins_chocolate.tooltip	包在巧克力外壳里的葡萄干	hand
direct	item.gt6.food_raisins_green	绿色葡萄干	hand
direct	item.gt6.food_raisins_green.tooltip	脱水的葡萄	hand
direct	item.gt6.food_raisins_purple	紫葡萄干	hand
direct	item.gt6.food_raisins_purple.tooltip	脱水的葡萄	hand
direct	item.gt6.food_raisins_red	红葡萄干	hand
direct	item.gt6.food_raisins_red.tooltip	脱水的葡萄	hand
direct	item.gt6.food_raisins_white	白葡萄干	hand
direct	item.gt6.food_raisins_white.tooltip	脱水的葡萄	hand
direct	item.gt6.food_raspberry	树莓	hand
direct	item.gt6.food_rib_bbq	烧烤酱风味烤肋排	hand
direct	item.gt6.food_rib_bbq.tooltip	人类高质量电子游戏肋排	hand
direct	item.gt6.food_rib_cooked	烤肋排	hand
direct	item.gt6.food_rib_raw	生的肋排	hand
direct	item.gt6.food_rib_raw.tooltip	从大型动物上掉落	hand
direct	item.gt6.food_ribeyesteak_cooked	烤肋眼牛排	hand
direct	item.gt6.food_ribeyesteak_cooked.tooltip	它正盯着你.......	hand
direct	item.gt6.food_ribeyesteak_raw	生的肋眼牛排	hand
direct	item.gt6.food_ribeyesteak_raw.tooltip	从大型动物上掉落	hand
direct	item.gt6.food_sandwich_bacon	培根三明治	hand
direct	item.gt6.food_sandwich_bacon.tooltip	史上最好三明治!	hand
direct	item.gt6.food_sandwich_cheese	奶酪三明治	hand
direct	item.gt6.food_sandwich_cheese.tooltip	跟我一起喊: 奶~~~~酪~~~~!	hand
direct	item.gt6.food_sandwich_steak	牛排(steak)三明治	hand
direct	item.gt6.food_sandwich_steak.tooltip	可不是'Steam 三明治'	hand
direct	item.gt6.food_sandwich_veggie	蔬菜三明治	hand
direct	item.gt6.food_sandwich_veggie.tooltip	没有肉!	hand
direct	item.gt6.food_strawberry	草莓	hand
direct	item.gt6.food_toast	吐司条	hand
direct	item.gt6.food_toast.tooltip	不要传送面包!	hand
direct	item.gt6.food_toast_raw	面团 (吐司条)	hand
direct	item.gt6.food_toast_raw.tooltip	吐司条的形状	hand
direct	item.gt6.food_toast_sliced	吐司	hand
direct	item.gt6.food_toast_sliced.tooltip	面包第一，吐司第二	hand
direct	item.gt6.food_toasted_sliced	烤吐司	hand
direct	item.gt6.food_tomato	番茄	hand
direct	item.gt6.food_tomato.tooltip	固体番茄酱	hand
direct	item.gt6.food_tomato_sliced	番茄片	hand
direct	item.gt6.food_tomato_sliced.tooltip	固体番茄酱..	hand
direct	item.gt6.food_white_egg	鸡蛋	hand
direct	item.gt6.food_white_egg.tooltip	先有蛋, 后有鸡!	hand
direct	item.gt6.food_white_egg_boiled	煮鸡蛋	hand
direct	item.gt6.food_white_egg_boiled.tooltip	煮了还是没煮? 这是一个问题	hand
direct	item.gt6.fruitsmoothie	果汁冰沙	hand
direct	item.gt6.glenmckenner	格伦麦肯纳	hand
direct	item.gt6.goldencarrotjuice	金萝卜汁	hand
direct	item.gt6.gooseberryjuice	鹅莓汁	hand
direct	item.gt6.gooseberrysmoothie	鹅莓冰沙	hand
direct	item.gt6.grapefruitsmoothie	葡萄柚冰沙	hand
direct	item.gt6.grapejuice	葡萄汁	hand
direct	item.gt6.grapesmoothie	葡萄冰沙	hand
direct	item.gt6.grc_grapewine0	葡萄汁	hand
direct	item.gt6.hammer	锤	hand
direct	item.gt6.hammer.tooltip_prospector	勘探周围的矿石	hand
direct	item.gt6.hand_drill	手钻	hand
direct	item.gt6.hand_drill_lv	手钻 (LV)	hand
direct	item.gt6.hand_mixer_lv	手持搅拌器 (LV)	hand
direct	item.gt6.hand_mixer_lv.tooltip	在搅拌碗中使用不消耗疲劳度	hand
direct	item.gt6.hazmat_biochemgas_boots	生化毒气防护靴	hand
direct	item.gt6.hazmat_biochemgas_boots.tooltip	穿齐一套可以抵御化学品和毒气	hand
direct	item.gt6.hazmat_biochemgas_chestplate	生化毒气防护服	hand
direct	item.gt6.hazmat_biochemgas_chestplate.tooltip	穿齐一套可以抵御化学品和毒气	hand
direct	item.gt6.hazmat_biochemgas_helmet	生化毒气防护面罩	hand
direct	item.gt6.hazmat_biochemgas_helmet.tooltip	穿齐一套可以抵御化学品和毒气	hand
direct	item.gt6.hazmat_biochemgas_leggings	生化毒气防护裤	hand
direct	item.gt6.hazmat_biochemgas_leggings.tooltip	穿齐一套可以抵御化学品和毒气	hand
direct	item.gt6.hazmat_frost_boots	防冻靴	hand
direct	item.gt6.hazmat_frost_boots.tooltip	穿齐一套可以抵御严寒	hand
direct	item.gt6.hazmat_frost_chestplate	防冻服	hand
direct	item.gt6.hazmat_frost_chestplate.tooltip	穿齐一套可以抵御严寒	hand
direct	item.gt6.hazmat_frost_helmet	防冻面罩	hand
direct	item.gt6.hazmat_frost_helmet.tooltip	穿齐一套可以抵御严寒	hand
direct	item.gt6.hazmat_frost_leggings	防冻裤	hand
direct	item.gt6.hazmat_frost_leggings.tooltip	穿齐一套可以抵御严寒	hand
direct	item.gt6.hazmat_heat_boots	防火靴	hand
direct	item.gt6.hazmat_heat_boots.tooltip	穿齐一套可以抵御高温	hand
direct	item.gt6.hazmat_heat_chestplate	防火服	hand
direct	item.gt6.hazmat_heat_chestplate.tooltip	穿齐一套可以抵御高温	hand
direct	item.gt6.hazmat_heat_helmet	防火面罩	hand
direct	item.gt6.hazmat_heat_helmet.tooltip	穿齐一套可以抵御高温	hand
direct	item.gt6.hazmat_heat_leggings	防火裤	hand
direct	item.gt6.hazmat_heat_leggings.tooltip	穿齐一套可以抵御高温	hand
direct	item.gt6.hazmat_insect_boots	防蜂靴	hand
direct	item.gt6.hazmat_insect_boots.tooltip	穿齐一套可以抵御任何昆虫	hand
direct	item.gt6.hazmat_insect_chestplate	防蜂服	hand
direct	item.gt6.hazmat_insect_chestplate.tooltip	穿齐一套可以抵御任何昆虫	hand
direct	item.gt6.hazmat_insect_helmet	防蜂面罩	hand
direct	item.gt6.hazmat_insect_helmet.tooltip	穿齐一套可以抵御任何昆虫	hand
direct	item.gt6.hazmat_insect_leggings	防蜂裤	hand
direct	item.gt6.hazmat_insect_leggings.tooltip	穿齐一套可以抵御任何昆虫	hand
direct	item.gt6.hazmat_radiation_boots	防辐射靴	hand
direct	item.gt6.hazmat_radiation_boots.tooltip	穿齐一套可以抵御辐射	hand
direct	item.gt6.hazmat_radiation_chestplate	防辐射服	hand
direct	item.gt6.hazmat_radiation_chestplate.tooltip	穿齐一套可以抵御辐射	hand
direct	item.gt6.hazmat_radiation_helmet	防辐射面罩	hand
direct	item.gt6.hazmat_radiation_helmet.tooltip	穿齐一套可以抵御辐射	hand
direct	item.gt6.hazmat_radiation_leggings	防辐射裤	hand
direct	item.gt6.hazmat_radiation_leggings.tooltip	穿齐一套可以抵御辐射	hand
direct	item.gt6.hazmat_universal_boots	全防靴	hand
direct	item.gt6.hazmat_universal_boots.tooltip	穿齐一套可以抵御一切危险	hand
direct	item.gt6.hazmat_universal_chestplate	全防服	hand
direct	item.gt6.hazmat_universal_chestplate.tooltip	穿齐一套可以抵御一切危险	hand
direct	item.gt6.hazmat_universal_helmet	全防面罩	hand
direct	item.gt6.hazmat_universal_helmet.tooltip	穿齐一套可以抵御一切危险	hand
direct	item.gt6.hazmat_universal_leggings	全防裤	hand
direct	item.gt6.hazmat_universal_leggings.tooltip	穿齐一套可以抵御一切危险	hand
direct	item.gt6.hoe	锄	hand
direct	item.gt6.hopsmash	啤酒花汁	hand
direct	item.gt6.hotsauce	特制辣酱	hand
direct	item.gt6.ice	冰水	hand
direct	item.gt6.integrated_circuit	集成电路	hand
direct	item.gt6.integrated_circuit.configuration	配置：%s	hand
direct	item.gt6.jackhammer_hv_no_ores	电镐 (HV, 无矿石模式)	hand
direct	item.gt6.jackhammer_hv_no_ores.tooltip	不会破坏矿石方块，层矿除外	hand
direct	item.gt6.jackhammer_hv_normal	电镐 (HV, 普通模式)	hand
direct	item.gt6.jackhammer_hv_normal.tooltip	将岩石击碎成碎块	hand
direct	item.gt6.juice_juice	果汁	hand
direct	item.gt6.juiceapple	苹果汁	hand
direct	item.gt6.juiceapricot	杏子汁	hand
direct	item.gt6.juicecarrot	胡萝卜汁	hand
direct	item.gt6.juicecherry	樱桃汁	hand
direct	item.gt6.juiceelderberry	接骨木汁	hand
direct	item.gt6.juicegrapefruit	葡萄柚汁	hand
direct	item.gt6.juicelemon	柠檬汁	hand
direct	item.gt6.juicelime	酸橙汁	hand
direct	item.gt6.juiceorange	橙子汁	hand
direct	item.gt6.juicepeach	桃汁	hand
direct	item.gt6.juicepear	梨汁	hand
direct	item.gt6.juicepineapple	菠萝汁	hand
direct	item.gt6.juiceplum	李子汁	hand
direct	item.gt6.juiceredgrape	葡萄汁	hand
direct	item.gt6.juicetomato	番茄汁	hand
direct	item.gt6.juicewhitegrape	葡萄汁	hand
direct	item.gt6.key.tooltip	可以打开特定的锁	hand
direct	item.gt6.key_brass	黄铜钥匙	hand
direct	item.gt6.key_bronze	青铜钥匙	hand
direct	item.gt6.key_copper	铜钥匙	hand
direct	item.gt6.key_gold	金钥匙	hand
direct	item.gt6.key_iron	铁钥匙	hand
direct	item.gt6.key_lead	铅钥匙	hand
direct	item.gt6.key_plastic	塑料钥匙	hand
direct	item.gt6.key_platinum	铂钥匙	hand
direct	item.gt6.key_silver	银钥匙	hand
direct	item.gt6.key_tin	锡钥匙	hand
direct	item.gt6.kiwijuice	猕猴桃汁	hand
direct	item.gt6.kiwismoothie	猕猴桃冰沙	hand
direct	item.gt6.knife	小刀	hand
direct	item.gt6.lemonade	柠檬水	hand
direct	item.gt6.lemonsmoothie	柠檬冰沙	hand
direct	item.gt6.leninade	列宁柠檬水	hand
direct	item.gt6.limesmoothie	酸橙冰沙	hand
direct	item.gt6.limoncello	柠檬酒	hand
direct	item.gt6.lithium_breeder_rod	锂增殖棒	hand
direct	item.gt6.lubricant_bucket	润滑油桶	hand
direct	item.gt6.lubricant_bucket.tooltip	仅限工业用途！	hand
direct	item.gt6.ludicrite_fuel_rod	滑稽燃料棒	hand
direct	item.gt6.magnifying_glass	放大镜	hand
direct	item.gt6.mangojuice	芒果汁	hand
direct	item.gt6.mangosmoothie	芒果冰沙	hand
direct	item.gt6.manual_enchantments	附魔的恼人世界	hand
direct	item.gt6.manual_extenders	扩展器与过滤器	hand
direct	item.gt6.manual_hunting_blaze	烈焰人与恶魂狩猎指南	hand
direct	item.gt6.manual_hunting_creeper	苦力怕狩猎指南	hand
direct	item.gt6.manual_hunting_end	末地狩猎指南	hand
direct	item.gt6.manual_hunting_skeleton	骷髅狩猎指南	hand
direct	item.gt6.manual_hunting_spider	蜘蛛狩猎指南	hand
direct	item.gt6.manual_hunting_witch	女巫狩猎指南	hand
direct	item.gt6.manual_hunting_zombie	僵尸狩猎指南	hand
direct	item.gt6.manual_portal_tf	暮色森林指南	hand
direct	item.gt6.manual_printer	扫描仪与打印机手册	hand
direct	item.gt6.manual_random	GregTech 六代技巧与窍门	hand
direct	item.gt6.manual_reactors	裂变反应堆手册	hand
direct	item.gt6.manual_smeltery	冶炼坩埚手册	hand
direct	item.gt6.manual_steam	蒸汽手册	hand
direct	item.gt6.manual_tools	工具索引	hand
direct	item.gt6.maplesap	枫树液	hand
direct	item.gt6.maplesyrup	枫树糖浆	hand
direct	item.gt6.mashwheat	小麦提取液	hand
direct	item.gt6.mayo	蛋黄酱	hand
direct	item.gt6.mead	蜂蜜酒	hand
direct	item.gt6.medicine.heal	药	hand
direct	item.gt6.medicine.laxative	泻药	hand
direct	item.gt6.melonjuice	西瓜汁	hand
direct	item.gt6.melonsmoothie	西瓜冰沙	hand
direct	item.gt6.mineralsoda	含汽矿泉水	hand
direct	item.gt6.mining_drill_hv	采矿钻头 (HV)	hand
direct	item.gt6.mining_drill_lv	采矿钻头 (LV)	hand
direct	item.gt6.mining_drill_mv	采矿钻头 (MV)	hand
direct	item.gt6.mnwtr	矿泉水	hand
direct	item.gt6.mode_switch.tooltip	潜行右键切换模式	hand
direct	item.gt6.modeled_porcelain_cup	已成型的瓷杯	hand
direct	item.gt6.mold_ceramic_arrow_raw	粘土模具 (箭)	hand
direct	item.gt6.mold_ceramic_axe_raw	粘土模具 (斧)	hand
direct	item.gt6.mold_ceramic_billet_raw	粘土模具 (胚料)	hand
direct	item.gt6.mold_ceramic_bolt_raw	粘土模具 (螺栓)	hand
direct	item.gt6.mold_ceramic_builderwand_raw	粘土模具 (建筑之杖)	hand
direct	item.gt6.mold_ceramic_chisel_raw	粘土模具 (凿子)	hand
direct	item.gt6.mold_ceramic_chunk_raw	粘土模具 (小块)	hand
direct	item.gt6.mold_ceramic_double_axe_raw	粘土模具 (双刃斧)	hand
direct	item.gt6.mold_ceramic_file_raw	粘土模具 (锉刀)	hand
direct	item.gt6.mold_ceramic_gear_raw	粘土模具 (齿轮)	hand
direct	item.gt6.mold_ceramic_hammer_raw	粘土模具 (锤)	hand
direct	item.gt6.mold_ceramic_hoe_raw	粘土模具 (锄)	hand
direct	item.gt6.mold_ceramic_ingot_raw	粘土模具 (锭)	hand
direct	item.gt6.mold_ceramic_item_casing_raw	粘土模具 (外壳)	hand
direct	item.gt6.mold_ceramic_long_rod_raw	粘土模具 (长杆)	hand
direct	item.gt6.mold_ceramic_nugget_raw	粘土模具 (粒)	hand
direct	item.gt6.mold_ceramic_pickaxe_raw	粘土模具 (镐)	hand
direct	item.gt6.mold_ceramic_plate_raw	粘土模具 (板)	hand
direct	item.gt6.mold_ceramic_plow_raw	粘土模具 (犁)	hand
direct	item.gt6.mold_ceramic_raw	粘土模具	hand
direct	item.gt6.mold_ceramic_ring_raw	粘土模具 (环)	hand
direct	item.gt6.mold_ceramic_rod_raw	粘土模具 (杆)	hand
direct	item.gt6.mold_ceramic_saw_raw	粘土模具 (锯)	hand
direct	item.gt6.mold_ceramic_screwdriver_raw	粘土模具 (螺丝刀)	hand
direct	item.gt6.mold_ceramic_sense_raw	粘土模具 (镰刀)	hand
direct	item.gt6.mold_ceramic_shovel_raw	粘土模具 (锹)	hand
direct	item.gt6.mold_ceramic_small_gear_raw	粘土模具 (小型齿轮)	hand
direct	item.gt6.mold_ceramic_spade_raw	粘土模具 (铲)	hand
direct	item.gt6.mold_ceramic_sword_raw	粘土模具 (剑)	hand
direct	item.gt6.mold_ceramic_tiny_plate_raw	粘土模具 (小块板)	hand
direct	item.gt6.mold_ceramic_universal_spade_raw	粘土模具 (万用铲)	hand
direct	item.gt6.monkey_wrench	活动扳手	hand
direct	item.gt6.monkey_wrench_hv	活动扳手 (HV)	hand
direct	item.gt6.monkey_wrench_hv.tooltip	潜行右键切换为扳手	hand
direct	item.gt6.monkey_wrench_lv	活动扳手 (LV)	hand
direct	item.gt6.monkey_wrench_lv.tooltip	潜行右键切换为扳手	hand
direct	item.gt6.monkey_wrench_mv	活动扳手 (MV)	hand
direct	item.gt6.monkey_wrench_mv.tooltip	潜行右键切换为扳手	hand
direct	item.gt6.naquadah_breeder_rod	硅岩金属增殖棒	hand
direct	item.gt6.naquadria_fuel_rod	硅岩金属化合物燃料棒	hand
direct	item.gt6.neutron_absorber_rod	中子吸收棒	hand
direct	item.gt6.neutron_moderator_rod	中子减速棒	hand
direct	item.gt6.neutron_reflector_rod	中子反射棒	hand
direct	item.gt6.nutella	花生酱	hand
direct	item.gt6.orangesmoothie	橙子冰沙	hand
direct	item.gt6.papayajuice	番木瓜汁	hand
direct	item.gt6.papayasmoothie	番木瓜冰沙	hand
direct	item.gt6.peachsmoothie	桃冰沙	hand
direct	item.gt6.peanutbutter	花生酱	hand
direct	item.gt6.pearsmoothie	梨冰沙	hand
direct	item.gt6.persimmonjuice	柿子汁	hand
direct	item.gt6.persimmonsmoothie	柿子冰沙	hand
direct	item.gt6.pickaxe	镐	hand
direct	item.gt6.pickaxe_construction	建筑镐	hand
direct	item.gt6.pickaxe_gem	镶尖镐	hand
direct	item.gt6.pina_colada	凤梨可乐达	hand
direct	item.gt6.pincers	钳子	hand
direct	item.gt6.pineapplesmoothie	菠萝冰沙	hand
direct	item.gt6.pistol	手枪	hand
direct	item.gt6.pistol.tooltip	单发, 伤害中等	hand
direct	item.gt6.plow	犁	hand
direct	item.gt6.plumsmoothie	李子冰沙	hand
direct	item.gt6.plunger	搋子	hand
direct	item.gt6.plutonium_239_enriched_rod	钚-239浓缩燃料棒	hand
direct	item.gt6.plutonium_239_fuel_rod	钚-239燃料棒	hand
direct	item.gt6.plutonium_241_fuel_rod	钚-241燃料棒	hand
direct	item.gt6.plutonium_243_fuel_rod	钚-243燃料棒	hand
direct	item.gt6.plutonium_244_fuel_rod	钚-244燃料棒	hand
direct	item.gt6.pomegranatejuice	石榴汁	hand
direct	item.gt6.pomegranatesmoothie	石榴冰沙	hand
direct	item.gt6.potatojuice	土豆汁	hand
direct	item.gt6.potion.goldenapplejuice	金苹果汁	hand
direct	item.gt6.potion.goldencider	金苹果酒	hand
direct	item.gt6.potion.idunsapplejuice	伊顿苹果汁	hand
direct	item.gt6.potion.notchesbrew	Notch汤	hand
direct	item.gt6.processor_crystal_diamond	钻石晶体处理器	hand
direct	item.gt6.processor_crystal_diamond.tooltip	逻辑处理器电路	hand
direct	item.gt6.processor_crystal_emerald	绿宝石晶体处理器	hand
direct	item.gt6.processor_crystal_emerald.tooltip	数据储存电路	hand
direct	item.gt6.processor_crystal_empty	晶体处理器电路板	hand
direct	item.gt6.processor_crystal_empty.tooltip	晶体电子电路的基础	hand
direct	item.gt6.processor_crystal_ruby	红宝石晶体处理器	hand
direct	item.gt6.processor_crystal_ruby.tooltip	控制器电路	hand
direct	item.gt6.processor_crystal_sapphire	蓝宝石晶体处理器	hand
direct	item.gt6.processor_crystal_sapphire.tooltip	转换电路	hand
direct	item.gt6.pumpkinjuice	南瓜汁	hand
direct	item.gt6.purpledrink	紫色饮料	hand
direct	item.gt6.purplegrapesmoothie	葡萄冰沙	hand
direct	item.gt6.rainbowsap	彩虹汁	hand
direct	item.gt6.rainbowsap.tooltip	一瓶基情, 很明显不是一棵树的血	hand
direct	item.gt6.raspberryjuice	树莓汁	hand
direct	item.gt6.raspberrysmoothie	树莓冰沙	hand
direct	item.gt6.reactor_rod.absorber	吸收中子并将每中子两倍的热量传给冷却剂	hand
direct	item.gt6.reactor_rod.breeder.1	吸收中子以增殖为浓缩棒	hand
direct	item.gt6.reactor_rod.breeder.2	每中子产生的热量减半	hand
direct	item.gt6.reactor_rod.breeder.3	无法从被慢化的燃料棒的中子增殖	hand
direct	item.gt6.reactor_rod.breeder.4	「损耗」值会从进入该棒的中子中扣除	hand
direct	item.gt6.reactor_rod.breeder.5	这适用于中子进入的每一侧，而非所有侧的总和	hand
direct	item.gt6.reactor_rod.breeder.6	该棒上剩余的中子会被计入增殖过程	hand
direct	item.gt6.reactor_rod.breeder.into	转化为: %s	hand
direct	item.gt6.reactor_rod.breeder.loss	损耗: %s 中子	hand
direct	item.gt6.reactor_rod.breeder.needed	需要: %s 中子	hand
direct	item.gt6.reactor_rod.depleted.1	该棒已枯竭，不再输出或接受任何中子	hand
direct	item.gt6.reactor_rod.depleted.2	可离心提取有价值的材料	hand
direct	item.gt6.reactor_rod.empty	空燃料棒，对中子透明。	hand
direct	item.gt6.reactor_rod.fuel.concept.1	「发射」描述该棒向相邻棒发射多少中子	hand
direct	item.gt6.reactor_rod.fuel.concept.2	「自激发」描述该棒自然产生多少中子	hand
direct	item.gt6.reactor_rod.fuel.concept.3	「最大值」描述该棒在标称寿命内能承载多少中子	hand
direct	item.gt6.reactor_rod.fuel.concept.4	「系数」越大，该棒按其承载中子数额外发射的中子越多	hand
direct	item.gt6.reactor_rod.fuel.critical	该燃料已达到临界！	hand
direct	item.gt6.reactor_rod.fuel.emission	发射: %s 中子/t	hand
direct	item.gt6.reactor_rod.fuel.factor	系数: 1/%s	hand
direct	item.gt6.reactor_rod.fuel.maximum	最大值: %s 中子/t	hand
direct	item.gt6.reactor_rod.fuel.self	自激发: %s 中子/t	hand
direct	item.gt6.reactor_rod.moderator.1	激活时将中子按接触的燃料棒数量反射回去	hand
direct	item.gt6.reactor_rod.moderator.2	接触的燃料棒会被慢化并慢化与其接触的燃料棒	hand
direct	item.gt6.reactor_rod.moderator.3	被慢化的燃料棒无法用于增殖且寿命只有四分之一	hand
direct	item.gt6.reactor_rod.product.1	每中子产生的热量减半	hand
direct	item.gt6.reactor_rod.product.2	可离心提取有价值的材料	hand
direct	item.gt6.reactor_rod.product.breeds	由 %s 培育而来	hand
direct	item.gt6.reactor_rod.reflector	将中子反射回其源头，增强反应	hand
direct	item.gt6.reactor_rod.used_in_core	用于核反应堆核心	hand
direct	item.gt6.redgrapesmoothie	葡萄冰沙	hand
direct	item.gt6.reedwater	甘蔗汁	hand
direct	item.gt6.remains_fruit	水果废料	hand
direct	item.gt6.remains_nut	坚果废料	hand
direct	item.gt6.remains_plant	植物废料	hand
direct	item.gt6.remains_veggie	蔬菜废料	hand
direct	item.gt6.ricardosanchez	里卡多·桑切斯	hand
direct	item.gt6.ricevinegar	米醋	hand
direct	item.gt6.ricewater	酒酿	hand
direct	item.gt6.rifle	步枪	hand
direct	item.gt6.rifle.tooltip	单发, 伤害极高	hand
direct	item.gt6.robot_arm_blade_tip	机械刀	hand
direct	item.gt6.robot_arm_blade_tip.tooltip	在自动工作台中无限耐久	hand
direct	item.gt6.robot_arm_chisel_tip	凿子机械臂	hand
direct	item.gt6.robot_arm_chisel_tip.tooltip	在自动工作台中无限耐久	hand
direct	item.gt6.robot_arm_cutter_tip	剪线钳机械臂	hand
direct	item.gt6.robot_arm_cutter_tip.tooltip	在自动工作台中无限耐久	hand
direct	item.gt6.robot_arm_drill_tip	机械钻	hand
direct	item.gt6.robot_arm_drill_tip.tooltip	在自动工作台中无限耐久	hand
direct	item.gt6.robot_arm_file_tip	锉刀机械臂	hand
direct	item.gt6.robot_arm_file_tip.tooltip	在自动工作台中无限耐久	hand
direct	item.gt6.robot_arm_hammer_tip	锤子机械臂	hand
direct	item.gt6.robot_arm_hammer_tip.tooltip	在自动工作台中无限耐久	hand
direct	item.gt6.robot_arm_rubber_tip	软锤机械臂	hand
direct	item.gt6.robot_arm_rubber_tip.tooltip	在自动工作台中无限耐久	hand
direct	item.gt6.robot_arm_saw_tip	锯刃机械臂	hand
direct	item.gt6.robot_arm_saw_tip.tooltip	在自动工作台中无限耐久	hand
direct	item.gt6.robot_arm_screwdriver_tip	螺丝刀机械臂	hand
direct	item.gt6.robot_arm_screwdriver_tip.tooltip	在自动工作台中无限耐久	hand
direct	item.gt6.robot_arm_wrench_tip	扳手机械臂	hand
direct	item.gt6.robot_arm_wrench_tip.tooltip	在自动工作台中无限耐久	hand
direct	item.gt6.rolling_pin	擀面杖	hand
direct	item.gt6.rottendrink	腐坏的饮料	hand
direct	item.gt6.royal_jelly	蜂王浆	hand
direct	item.gt6.rumdark	海盗啤酒	hand
direct	item.gt6.rumwhite	朗姆酒	hand
direct	item.gt6.sake	清酒 (米酒)	hand
direct	item.gt6.saw	锯	hand
direct	item.gt6.scissors	剪刀	hand
direct	item.gt6.scoop	捕虫网	hand
direct	item.gt6.screwdriver	螺丝刀	hand
direct	item.gt6.screwdriver_lv	螺丝刀 (LV)	hand
direct	item.gt6.seawater	盐水	hand
direct	item.gt6.sense	镰刀	hand
direct	item.gt6.sensor_ev	传感器 (EV)	hand
direct	item.gt6.sensor_hv	传感器 (HV)	hand
direct	item.gt6.sensor_iv	传感器 (IV)	hand
direct	item.gt6.sensor_luv	传感器 (LuV)	hand
direct	item.gt6.sensor_lv	传感器 (LV)	hand
direct	item.gt6.sensor_mv	传感器 (MV)	hand
direct	item.gt6.sensor_puv1	传感器 (PUV1)	hand
direct	item.gt6.sensor_ulv	传感器 (ULV)	hand
direct	item.gt6.sensor_uv	传感器 (UV)	hand
direct	item.gt6.sensor_zpm	传感器 (ZPM)	hand
direct	item.gt6.shape_extruder_axe	模具 (斧头)	hand
direct	item.gt6.shape_extruder_block	模具 (方块)	hand
direct	item.gt6.shape_extruder_bolt	模具 (螺栓)	hand
direct	item.gt6.shape_extruder_bottle	模具 (瓶子)	hand
direct	item.gt6.shape_extruder_casing	模具 (外壳)	hand
direct	item.gt6.shape_extruder_ccc	模具 (单元式流体容器)	hand
direct	item.gt6.shape_extruder_cell	模具 (槽)	hand
direct	item.gt6.shape_extruder_empty	空白模具	hand
direct	item.gt6.shape_extruder_file	模具 (锉刀刀头)	hand
direct	item.gt6.shape_extruder_foil	模具 (箔)	hand
direct	item.gt6.shape_extruder_gear	模具 (齿轮)	hand
direct	item.gt6.shape_extruder_gear_small	模具 (小型齿轮)	hand
direct	item.gt6.shape_extruder_hammer	模具 (锤头)	hand
direct	item.gt6.shape_extruder_hoe	模具 (锄头)	hand
direct	item.gt6.shape_extruder_ingot	模具 (锭)	hand
direct	item.gt6.shape_extruder_pickaxe	模具 (镐头)	hand
direct	item.gt6.shape_extruder_pipe_huge	模具 (巨型管道)	hand
direct	item.gt6.shape_extruder_pipe_large	模具 (大型管道)	hand
direct	item.gt6.shape_extruder_pipe_medium	模具 (管道)	hand
direct	item.gt6.shape_extruder_pipe_small	模具 (小型管道)	hand
direct	item.gt6.shape_extruder_pipe_tiny	模具 (微型管道)	hand
direct	item.gt6.shape_extruder_plate	模具 (板)	hand
direct	item.gt6.shape_extruder_plate_curved	模具 (弯曲板)	hand
direct	item.gt6.shape_extruder_plate_tiny	模具 (小块板)	hand
direct	item.gt6.shape_extruder_ring	模具 (环)	hand
direct	item.gt6.shape_extruder_rod	模具 (杆)	hand
direct	item.gt6.shape_extruder_rod_long	模具 (长杆)	hand
direct	item.gt6.shape_extruder_saw	模具 (锯刃)	hand
direct	item.gt6.shape_extruder_shovel	模具 (锹头)	hand
direct	item.gt6.shape_extruder_sword	模具 (剑身)	hand
direct	item.gt6.shape_extruder_wire	模具 (线缆)	hand
direct	item.gt6.shape_extruder_wire_fine	模具 (精细线缆)	hand
direct	item.gt6.shape_foodmold_baguette	食物模具 (法式长棍)	hand
direct	item.gt6.shape_foodmold_bread	食物模具 (面包)	hand
direct	item.gt6.shape_foodmold_bun	食物模具 (小面包)	hand
direct	item.gt6.shape_foodmold_cylinder	食物模具 (圆柱体)	hand
direct	item.gt6.shape_foodmold_empty	空白食物模具	hand
direct	item.gt6.shape_foodmold_toast	食物模具 (吐司)	hand
direct	item.gt6.shape_press_bullet_casing_large	弹壳模具 (大型)	hand
direct	item.gt6.shape_press_bullet_casing_medium	弹壳模具 (中型)	hand
direct	item.gt6.shape_press_bullet_casing_small	弹壳模具 (小型)	hand
direct	item.gt6.shape_simple_ex_axe	低热容压模模具 (斧头)	hand
direct	item.gt6.shape_simple_ex_block	低热容压模模具 (方块)	hand
direct	item.gt6.shape_simple_ex_bolt	低热容压模模具 (螺栓)	hand
direct	item.gt6.shape_simple_ex_bottle	低热容压模模具 (瓶子)	hand
direct	item.gt6.shape_simple_ex_casing	低热容压模模具 (外壳)	hand
direct	item.gt6.shape_simple_ex_ccc	低热容压模模具 (单元式流体容器)	hand
direct	item.gt6.shape_simple_ex_cell	低热容压模模具 (槽)	hand
direct	item.gt6.shape_simple_ex_empty	空白压模模具	hand
direct	item.gt6.shape_simple_ex_file	低热容压模模具 (锉刀刀头)	hand
direct	item.gt6.shape_simple_ex_foil	低热容压模模具 (箔)	hand
direct	item.gt6.shape_simple_ex_gear	低热容压模模具 (齿轮)	hand
direct	item.gt6.shape_simple_ex_gear_small	低热容压模模具 (小型齿轮)	hand
direct	item.gt6.shape_simple_ex_hammer	低热容压模模具 (锤头)	hand
direct	item.gt6.shape_simple_ex_hoe	低热容压模模具 (锄头)	hand
direct	item.gt6.shape_simple_ex_ingot	低热容压模模具 (锭)	hand
direct	item.gt6.shape_simple_ex_pickaxe	低热容压模模具 (镐头)	hand
direct	item.gt6.shape_simple_ex_pipe_huge	低热容压模模具 (巨型管道)	hand
direct	item.gt6.shape_simple_ex_pipe_large	低热容压模模具 (大型管道)	hand
direct	item.gt6.shape_simple_ex_pipe_medium	低热容压模模具 (管道)	hand
direct	item.gt6.shape_simple_ex_pipe_small	低热容压模模具 (小型管道)	hand
direct	item.gt6.shape_simple_ex_pipe_tiny	低热容压模模具 (微型管道)	hand
direct	item.gt6.shape_simple_ex_plate	低热容压模模具 (板)	hand
direct	item.gt6.shape_simple_ex_plate_curved	低热容压模模具 (弯曲板)	hand
direct	item.gt6.shape_simple_ex_plate_tiny	低热容压模模具 (小块板)	hand
direct	item.gt6.shape_simple_ex_ring	低热容压模模具 (环)	hand
direct	item.gt6.shape_simple_ex_rod	低热容压模模具 (杆)	hand
direct	item.gt6.shape_simple_ex_rod_long	低热容压模模具 (长杆)	hand
direct	item.gt6.shape_simple_ex_saw	低热容压模模具 (锯刃)	hand
direct	item.gt6.shape_simple_ex_shovel	低热容压模模具 (锹头)	hand
direct	item.gt6.shape_simple_ex_sword	低热容压模模具 (剑身)	hand
direct	item.gt6.shape_simple_ex_wire	低热容压模模具 (线缆)	hand
direct	item.gt6.shape_simple_ex_wire_fine	低热容压模模具 (精细线缆)	hand
direct	item.gt6.shape_slicer_eigths	切片器刀片 (八分之一)	hand
direct	item.gt6.shape_slicer_eigths_hollow	切片器刀片 (中空八分之一)	hand
direct	item.gt6.shape_slicer_empty	切片器刀片框架	hand
direct	item.gt6.shape_slicer_flat	切片器刀片 (扁平式)	hand
direct	item.gt6.shape_slicer_grid	切片器刀片 (栅格式)	hand
direct	item.gt6.shape_slicer_quarters	切片器刀片 (四分之一)	hand
direct	item.gt6.shape_slicer_quarters_hollow	切片器刀片 (中空四分之一)	hand
direct	item.gt6.shape_slicer_split	切片器刀片 (分割)	hand
direct	item.gt6.short_mead	蜂蜜酒	hand
direct	item.gt6.shovel	锹	hand
direct	item.gt6.signal_emitter_ev	信号发射器 (EV)	hand
direct	item.gt6.signal_emitter_hv	信号发射器 (HV)	hand
direct	item.gt6.signal_emitter_iv	信号发射器 (IV)	hand
direct	item.gt6.signal_emitter_luv	信号发射器 (LuV)	hand
direct	item.gt6.signal_emitter_lv	信号发射器 (LV)	hand
direct	item.gt6.signal_emitter_mv	信号发射器 (MV)	hand
direct	item.gt6.signal_emitter_puv1	信号发射器 (PUV1)	hand
direct	item.gt6.signal_emitter_ulv	信号发射器 (ULV)	hand
direct	item.gt6.signal_emitter_uv	信号发射器 (UV)	hand
direct	item.gt6.signal_emitter_zpm	信号发射器 (ZPM)	hand
direct	item.gt6.single_use_blade	一次性刀	hand
direct	item.gt6.single_use_blade.tooltip	该工具只能用于合成	hand
direct	item.gt6.single_use_chisel	一次性凿子	hand
direct	item.gt6.single_use_chisel.tooltip	该工具只能用于合成	hand
direct	item.gt6.single_use_cutter	一次性剪线钳	hand
direct	item.gt6.single_use_cutter.tooltip	该工具只能用于合成	hand
direct	item.gt6.single_use_drill	一次性钻头	hand
direct	item.gt6.single_use_drill.tooltip	该工具只能用于合成	hand
direct	item.gt6.single_use_file	一次性锉刀	hand
direct	item.gt6.single_use_file.tooltip	该工具只能用于合成	hand
direct	item.gt6.single_use_hammer	一次性锤子	hand
direct	item.gt6.single_use_hammer.tooltip	该工具只能用于合成	hand
direct	item.gt6.single_use_rubber	一次性软锤	hand
direct	item.gt6.single_use_rubber.tooltip	该工具只能用于合成	hand
direct	item.gt6.single_use_saw	一次性锯	hand
direct	item.gt6.single_use_saw.tooltip	该工具只能用于合成	hand
direct	item.gt6.single_use_screwdriver	一次性螺丝刀	hand
direct	item.gt6.single_use_screwdriver.tooltip	该工具只能用于合成	hand
direct	item.gt6.single_use_wrench	一次性扳手	hand
direct	item.gt6.single_use_wrench.tooltip	该工具只能用于合成	hand
direct	item.gt6.soda	苏打水	hand
direct	item.gt6.soft_hammer	软锤	hand
direct	item.gt6.soymilk	豆浆	hand
direct	item.gt6.spade	铲	hand
direct	item.gt6.spdew	光谱露	hand
direct	item.gt6.spoiledmilk	牛奶	hand
direct	item.gt6.spray_can_empty	空喷罐	hand
direct	item.gt6.spray_paint_black	喷漆（黑）	hand
direct	item.gt6.spray_paint_blue	喷漆（蓝）	hand
direct	item.gt6.spray_paint_brown	喷漆（棕）	hand
direct	item.gt6.spray_paint_cyan	喷漆（青）	hand
direct	item.gt6.spray_paint_gray	喷漆（灰）	hand
direct	item.gt6.spray_paint_green	喷漆（绿）	hand
direct	item.gt6.spray_paint_light_blue	喷漆（淡蓝）	hand
direct	item.gt6.spray_paint_light_gray	喷漆（淡灰）	hand
direct	item.gt6.spray_paint_lime	喷漆（黄绿）	hand
direct	item.gt6.spray_paint_magenta	喷漆（品红）	hand
direct	item.gt6.spray_paint_orange	喷漆（橙）	hand
direct	item.gt6.spray_paint_pink	喷漆（粉）	hand
direct	item.gt6.spray_paint_purple	喷漆（紫）	hand
direct	item.gt6.spray_paint_red	喷漆（红）	hand
direct	item.gt6.spray_paint_remover	除漆喷剂	hand
direct	item.gt6.spray_paint_white	喷漆（白）	hand
direct	item.gt6.spray_paint_yellow	喷漆（黄）	hand
direct	item.gt6.stagnantwater	死水	hand
direct	item.gt6.starfruitjuice	杨桃汁	hand
direct	item.gt6.starfruitsmoothie	杨桃冰沙	hand
direct	item.gt6.strawberryjuice	草莓汁	hand
direct	item.gt6.strawberrysmoothie	草莓冰沙	hand
direct	item.gt6.swampwater	沼泽污水	hand
direct	item.gt6.sword	剑	hand
direct	item.gt6.thorium_232_breeder_rod	钍-232增殖棒	hand
direct	item.gt6.thorium_232_fuel_rod	钍-232燃料棒	hand
direct	item.gt6.trimmer_lv	修剪器 (LV)	hand
direct	item.gt6.tritium_enriched_rod	氚浓缩燃料棒	hand
direct	item.gt6.universal_spade	万用铲	hand
direct	item.gt6.uranium_233_enriched_rod	铀-233浓缩燃料棒	hand
direct	item.gt6.uranium_233_fuel_rod	铀-233燃料棒	hand
direct	item.gt6.uranium_235_fuel_rod	铀-235燃料棒	hand
direct	item.gt6.uranium_238_breeder_rod	铀-238增殖棒	hand
direct	item.gt6.uranium_238_fuel_rod	铀-238燃料棒	hand
direct	item.gt6.usb_cable_1	USB 1.0 数据线	hand
direct	item.gt6.usb_cable_1.tooltip	与USB接口连接时自动替换USB	hand
direct	item.gt6.usb_cable_2	USB 2.0 数据线	hand
direct	item.gt6.usb_cable_2.tooltip	与USB接口连接时自动替换USB	hand
direct	item.gt6.usb_cable_3	USB 3.0 数据线	hand
direct	item.gt6.usb_cable_3.tooltip	与USB接口连接时自动替换USB	hand
direct	item.gt6.usb_cable_4	USB 4.0 数据线	hand
direct	item.gt6.usb_cable_4.tooltip	与USB接口连接时自动替换USB	hand
direct	item.gt6.usb_drive_1	USB 1.0 驱动器	hand
direct	item.gt6.usb_drive_1.tooltip	同时存储16项文件	hand
direct	item.gt6.usb_drive_2	USB 2.0 驱动器	hand
direct	item.gt6.usb_drive_2.tooltip	同时存储16项文件	hand
direct	item.gt6.usb_drive_3	USB 3.0 驱动器	hand
direct	item.gt6.usb_drive_3.tooltip	同时存储16项文件	hand
direct	item.gt6.usb_drive_4	USB 4.0 驱动器	hand
direct	item.gt6.usb_drive_4.tooltip	同时存储16项文件	hand
direct	item.gt6.usb_stick_1	USB 1.0	hand
direct	item.gt6.usb_stick_1.tooltip	储存数据	hand
direct	item.gt6.usb_stick_2	USB 2.0	hand
direct	item.gt6.usb_stick_2.tooltip	储存数据	hand
direct	item.gt6.usb_stick_3	USB 3.0	hand
direct	item.gt6.usb_stick_3.tooltip	储存数据	hand
direct	item.gt6.usb_stick_4	USB 4.0	hand
direct	item.gt6.usb_stick_4.tooltip	储存数据	hand
direct	item.gt6.vinegar	醋	hand
direct	item.gt6.vodka	伏特加	hand
direct	item.gt6.waterdirty	脏水	hand
direct	item.gt6.wheathopsmash	加了小麦的啤酒花汁	hand
direct	item.gt6.whiskeywheat	威士忌	hand
direct	item.gt6.whitegrapesmoothie	葡萄冰沙	hand
direct	item.gt6.wine	葡萄酒	hand
direct	item.gt6.winepineapple	菠萝苹果酒	hand
direct	item.gt6.winered	红葡萄酒	hand
direct	item.gt6.winewhite	葡萄酒	hand
direct	item.gt6.wrench	扳手	hand
direct	item.gt6.wrench_hv	扳手 (HV)	hand
direct	item.gt6.wrench_hv.tooltip	潜行右键切换为活动扳手	hand
direct	item.gt6.wrench_lv	扳手 (LV)	hand
direct	item.gt6.wrench_lv.tooltip	潜行右键切换为活动扳手	hand
direct	item.gt6.wrench_mv	扳手 (MV)	hand
direct	item.gt6.wrench_mv.tooltip	潜行右键切换为活动扳手	hand
direct	item.gt6.yellorium_fuel_rod	黄铀燃料棒	hand
direct	item.gt6.zpm	零点模块 (ZPM)	hand
direct	itemGroup.gt6.bee	蜜蜂	hand
direct	itemGroup.gt6.billet	坯料	hand
direct	itemGroup.gt6.books	说明书	hand
direct	itemGroup.gt6.bottles	格雷牌饮料	hand
direct	itemGroup.gt6.cells	单元	hand
direct	itemGroup.gt6.chests	箱子	hand
direct	itemGroup.gt6.crops	格雷科技: 作物	hand
direct	itemGroup.gt6.electric_wires	导线	hand
direct	itemGroup.gt6.fluid_containers	储罐	hand
direct	itemGroup.gt6.fluid_pipes	流体管道	hand
direct	itemGroup.gt6.foam_sprays	建筑泡沫喷罐	hand
direct	itemGroup.gt6.food	格雷食品店	hand
direct	itemGroup.gt6.food_cans	格雷科技: 罐头	hand
direct	itemGroup.gt6.item_pipes	物品管道	hand
direct	itemGroup.gt6.laser_wires	激光导线	hand
direct	itemGroup.gt6.machines	机器	hand
direct	itemGroup.gt6.multiblocks	多方块	hand
direct	itemGroup.gt6.redstone_wires	红石导线	hand
direct	itemGroup.gt6.spray_cans	喷漆罐	hand
direct	itemGroup.gt6.tools	工具	hand
material	AbyssalOat	深渊燕麦	auto
material	AbyssalOats	深渊燕麦	auto
material	Abyssalnite	深渊	auto
material	Acacia	金合欢木	auto
material	Acenaphthylene	苊	auto
material	Acetaldehyde	乙醛	auto
material	Acetone	丙酮	auto
material	Acetylene	乙炔	auto
material	AcidPickledBauxide	酸洗铝土矿	auto
material	Actinium	锕	auto
material	Adamant	血石	auto
material	Adamantine	阿达曼金	hand
material	Adamantite	精金	auto
material	Adamantium	艾德曼合金	auto
material	Adamite	水砷锌矿	auto
material	Adluorite	神秘蓝金	auto
material	Advanced	进阶	auto
material	AdvancedAlloy	高级合金	auto
material	Aerotheum	气元素	hand
material	Agate	玛瑙	auto
material	Air	空气	auto
material	AirSteel	Air Steel	review
material	Alder	桤木	auto
material	Alduorite	神秘蓝金	auto
material	Alexandrite	紫翠玉	auto
material	Alfium	Alfium	review
material	AllylChloride	氯丙烯	auto
material	Almandine	铁铝榴石	auto
material	Almond	杏仁	auto
material	Alumina	氧化铝	auto
material	Aluminium	铝	auto
material	AluminiumAlloy	铝合金	auto
material	AluminiumBrass	铝黄铜	auto
material	AluminiumFluoride	氟化铝	auto
material	AluminiumHydroxide	氢氧化铝	auto
material	Aluminum	铝	auto
material	AluminumBrass	铝黄铜	auto
material	AluminumChloride	氯化铝	auto
material	Alumite	耐酸铝	auto
material	Alunite	明矾石	auto
material	Am241	Am241	review
material	Am242	Am242	review
material	Amazonite	天河石	auto
material	Amber	琥珀	auto
material	Ambrosium	神能晶	auto
material	Americium	镅	auto
material	Americium241	镅-241	auto
material	Americium242	镅-242	auto
material	Amethyst	紫水晶	auto
material	AmethystEnder	末影紫晶	auto
material	Ammonia	氨	auto
material	Ammonium	铵	auto
material	AmmoniumChloride	氯化铵	auto
material	AmmoniumChromicSulfate	硫酸铬铵	auto
material	AmmoniumDichromate	重铬酸铵	auto
material	AmmoniumHexachloroiridate	六氯铱酸铵	auto
material	AmmoniumHexachloropalladate	六氯钯酸铵	auto
material	AmmoniumHexachlororhodate	六氯铑酸铵	auto
material	AmmoniumIronIIISulfate	硫酸铁铵	auto
material	AmmoniumNitrate	硝酸铵	auto
material	AmmoniumSulfate	硫酸铵	auto
material	Amordrine	魔力之石	auto
material	Ancient	远古	auto
material	AncientDebris	远古残骸	auto
material	Andesite	安山岩	auto
material	AndesiteBricks	AndesiteBricks	review
material	AndesiteChiseled	AndesiteChiseled	review
material	AndesitePolished	AndesitePolished	review
material	Andradite	钙铁榴石	auto
material	Angmallen	神圣之金	auto
material	AnnealedCopper	退火铜	auto
material	Anthracite	无烟煤	auto
material	AntiActinium	反物质锕	auto
material	AntiAdamant	反物质血石	auto
material	AntiAdamantine	反物质血石	auto
material	AntiAdamantium	反物质艾德曼合金	auto
material	AntiAluminium	反物质铝	auto
material	AntiAluminum	反物质铝	auto
material	AntiAmericium	反物质镅	auto
material	AntiAmericium241	反物质镅-241	auto
material	AntiAntimony	反物质锑	auto
material	AntiArgon	反物质氩	auto
material	AntiArsenic	反物质砷	auto
material	AntiAstatine	反物质砹	auto
material	AntiBarium	反物质钡	auto
material	AntiBerkelium	反物质锫	auto
material	AntiBeryllium	反物质铍	auto
material	AntiBibibium	反物质222号元素(Bbb)	auto
material	AntiBibiennium	反物质229号元素(Bbe)	auto
material	AntiBibihexium	反物质226号元素(Bbh)	auto
material	AntiBibinilium	反物质220号元素(Bbn)	auto
material	AntiBibioctium	反物质228号元素(Bbo)	auto
material	AntiBibipentium	反物质225号元素(Bbp)	auto
material	AntiBibiquadium	反物质224号元素(Bbq)	auto
material	AntiBibiseptium	反物质227号元素(Bbs)	auto
material	AntiBibitrium	反物质223号元素(Bbt)	auto
material	AntiBibiunium	反物质221号元素(Bbu)	auto
material	AntiBiennbium	反物质292号元素(Beb)	auto
material	AntiBiennennium	反物质299号元素(Bee)	auto
material	AntiBiennhexium	反物质296号元素(Beh)	auto
material	AntiBiennilium	反物质290号元素(Ben)	auto
material	AntiBiennoctium	反物质298号元素(Beo)	auto
material	AntiBiennpentium	反物质295号元素(Bep)	auto
material	AntiBiennquadium	反物质294号元素(Beq)	auto
material	AntiBiennseptium	反物质297号元素(Bes)	auto
material	AntiBienntrium	反物质293号元素(Bet)	auto
material	AntiBiennunium	反物质291号元素(Beu)	auto
material	AntiBihexbium	反物质262号元素(Bhb)	auto
material	AntiBihexennium	反物质269号元素(Bhe)	auto
material	AntiBihexhexium	反物质266号元素(Bhh)	auto
material	AntiBihexnilium	反物质260号元素(Bhn)	auto
material	AntiBihexoctium	反物质268号元素(Bho)	auto
material	AntiBihexpentium	反物质265号元素(Bhp)	auto
material	AntiBihexquadium	反物质264号元素(Bhq)	auto
material	AntiBihexseptium	反物质267号元素(Bhs)	auto
material	AntiBihextrium	反物质263号元素(Bht)	auto
material	AntiBihexunium	反物质261号元素(Bhu)	auto
material	AntiBinilbium	反物质202号元素(Bnb)	auto
material	AntiBinilennium	反物质209号元素(Bne)	auto
material	AntiBinilhexium	反物质206号元素(Bnh)	auto
material	AntiBinilnilium	反物质200号元素(Bnn)	auto
material	AntiBiniloctium	反物质208号元素(Bno)	auto
material	AntiBinilpentium	反物质205号元素(Bnp)	auto
material	AntiBinilquadium	反物质204号元素(Bnq)	auto
material	AntiBinilseptium	反物质207号元素(Bns)	auto
material	AntiBiniltrium	反物质203号元素(Bnt)	auto
material	AntiBinilunium	反物质201号元素(Bnu)	auto
material	AntiBioctbium	反物质282号元素(Bob)	auto
material	AntiBioctennium	反物质289号元素(Boe)	auto
material	AntiBiocthexium	反物质286号元素(Boh)	auto
material	AntiBioctnilium	反物质280号元素(Bon)	auto
material	AntiBioctoctium	反物质288号元素(Boo)	auto
material	AntiBioctpentium	反物质285号元素(Bop)	auto
material	AntiBioctquadium	反物质284号元素(Boq)	auto
material	AntiBioctseptium	反物质287号元素(Bos)	auto
material	AntiBiocttrium	反物质283号元素(Bot)	auto
material	AntiBioctunium	反物质281号元素(Bou)	auto
material	AntiBipentbium	反物质252号元素(Bpb)	auto
material	AntiBipentennium	反物质259号元素(Bpe)	auto
material	AntiBipenthexium	反物质256号元素(Bph)	auto
material	AntiBipentnilium	反物质250号元素(Bpn)	auto
material	AntiBipentoctium	反物质258号元素(Bpo)	auto
material	AntiBipentpentium	反物质255号元素(Bpp)	auto
material	AntiBipentquadium	反物质254号元素(Bpq)	auto
material	AntiBipentseptium	反物质257号元素(Bps)	auto
material	AntiBipenttrium	反物质253号元素(Bpt)	auto
material	AntiBipentunium	反物质251号元素(Bpu)	auto
material	AntiBiquadbium	反物质242号元素(Bqb)	auto
material	AntiBiquadennium	反物质249号元素(Bqe)	auto
material	AntiBiquadhexium	反物质246号元素(Bqh)	auto
material	AntiBiquadnilium	反物质240号元素(Bqn)	auto
material	AntiBiquadoctium	反物质248号元素(Bqo)	auto
material	AntiBiquadpentium	反物质245号元素(Bqp)	auto
material	AntiBiquadquadium	反物质244号元素(Bqq)	auto
material	AntiBiquadseptium	反物质247号元素(Bqs)	auto
material	AntiBiquadtrium	反物质243号元素(Bqt)	auto
material	AntiBiquadunium	反物质241号元素(Bqu)	auto
material	AntiBiseptbium	反物质272号元素(Bsb)	auto
material	AntiBiseptennium	反物质279号元素(Bse)	auto
material	AntiBisepthexium	反物质276号元素(Bsh)	auto
material	AntiBiseptnilium	反物质270号元素(Bsn)	auto
material	AntiBiseptoctium	反物质278号元素(Bso)	auto
material	AntiBiseptpentium	反物质275号元素(Bsp)	auto
material	AntiBiseptquadium	反物质274号元素(Bsq)	auto
material	AntiBiseptseptium	反物质277号元素(Bss)	auto
material	AntiBisepttrium	反物质273号元素(Bst)	auto
material	AntiBiseptunium	反物质271号元素(Bsu)	auto
material	AntiBismuth	反物质铋	auto
material	AntiBitribium	反物质232号元素(Btb)	auto
material	AntiBitriennium	反物质239号元素(Bte)	auto
material	AntiBitrihexium	反物质236号元素(Bth)	auto
material	AntiBitrinilium	反物质230号元素(Btn)	auto
material	AntiBitrioctium	反物质238号元素(Bto)	auto
material	AntiBitripentium	反物质235号元素(Btp)	auto
material	AntiBitriquadium	反物质234号元素(Btq)	auto
material	AntiBitriseptium	反物质237号元素(Bts)	auto
material	AntiBitritrium	反物质233号元素(Btt)	auto
material	AntiBitriunium	反物质231号元素(Btu)	auto
material	AntiBiunbium	反物质212号元素(Bub)	auto
material	AntiBiunennium	反物质219号元素(Bue)	auto
material	AntiBiunhexium	反物质216号元素(Buh)	auto
material	AntiBiunnilium	反物质210号元素(Bun)	auto
material	AntiBiunoctium	反物质218号元素(Buo)	auto
material	AntiBiunpentium	反物质215号元素(Bup)	auto
material	AntiBiunquadium	反物质214号元素(Buq)	auto
material	AntiBiunseptium	反物质217号元素(Bus)	auto
material	AntiBiuntrium	反物质213号元素(But)	auto
material	AntiBiununium	反物质211号元素(Buu)	auto
material	AntiBohrium	反物质𬭛	auto
material	AntiBoron	反物质硼	auto
material	AntiBromine	反物质溴	auto
material	AntiCadmium	反物质镉	auto
material	AntiCaesium	反物质铯	auto
material	AntiCalcium	反物质钙	auto
material	AntiCalifornium	反物质锎	auto
material	AntiCarbon	反物质碳	auto
material	AntiCarbon13	反物质碳-13	auto
material	AntiCarbon14	反物质碳-14	auto
material	AntiCerium	反物质铈	auto
material	AntiChlorine	反物质氯	auto
material	AntiChrome	反物质铬	auto
material	AntiChromium	反物质铬	auto
material	AntiCobalt	反物质钴	auto
material	AntiCobalt60	反物质钴-60	auto
material	AntiCopernicium	反物质鎶	auto
material	AntiCopper	反物质铜	auto
material	AntiCurium	反物质锔	auto
material	AntiDarmstadtium	反物质鐽	auto
material	AntiDeuterium	反物质氘	auto
material	AntiDubnium	反物质𬭊	auto
material	AntiDysprosium	反物质镝	auto
material	AntiEinsteinium	反物质锿	auto
material	AntiElectron	正电子	auto
material	AntiErbium	反物质铒	auto
material	AntiEuropium	反物质铕	auto
material	AntiFarnsium	反物质钫	auto
material	AntiFermium	反物质镄	auto
material	AntiFlerovium	反物质鈇	auto
material	AntiFlerovium298	反物质鈇-298	auto
material	AntiFluorine	反物质氟	auto
material	AntiFrancium	反物质钫	auto
material	AntiGadolinium	反物质钆	auto
material	AntiGallium	反物质镓	auto
material	AntiGermanium	反物质锗	auto
material	AntiGold	反物质金	auto
material	AntiGravitonium	反物质重力金属	auto
material	AntiGregorium	反物质格雷金属	auto
material	AntiHafnium	反物质铪	auto
material	AntiHassium	反物质𬭶	auto
material	AntiHelium	反物质氦	auto
material	AntiHelium3	反物质氦-3	auto
material	AntiHolmium	反物质钬	auto
material	AntiHydrogen	反物质氢	auto
material	AntiIndium	反物质铟	auto
material	AntiIodine	反物质碘	auto
material	AntiIridium	反物质铱	auto
material	AntiIron	反物质铁	auto
material	AntiKalium	反物质钾	auto
material	AntiKrypton	反物质氪	auto
material	AntiLanthanum	反物质镧	auto
material	AntiLawrencium	反物质铹	auto
material	AntiLead	反物质铅	auto
material	AntiLithium	反物质锂	auto
material	AntiLithium6	反物质锂-6	auto
material	AntiLivermorium	反物质鉝	auto
material	AntiLutetium	反物质镥	auto
material	AntiMacGuffium	反物质乌有岩	auto
material	AntiMagnesium	反物质镁	auto
material	AntiManganese	反物质锰	auto
material	AntiMeitnerium	反物质䥑	auto
material	AntiMendelevium	反物质钔	auto
material	AntiMercury	反物质汞	auto
material	AntiMolybdenum	反物质钼	auto
material	AntiNaquadah	反物质硅岩金属	auto
material	AntiNaquadahEnriched	浓缩反物质硅岩金属	auto
material	AntiNaquadria	反物质硅岩金属化合物	auto
material	AntiNatrium	反物质钠	auto
material	AntiNeodymium	反物质钕	auto
material	AntiNeon	反物质氖	auto
material	AntiNeptunium	反物质镎	auto
material	AntiNeutrino	反中微子	auto
material	AntiNeutron	反中子	auto
material	AntiNickel	反物质镍	auto
material	AntiNiobium	反物质铌	auto
material	AntiNitrogen	反物质氮	auto
material	AntiNobelium	反物质锘	auto
material	AntiOsmium	反物质锇	auto
material	AntiOxygen	反物质氧气	auto
material	AntiPalladium	反物质钯	auto
material	AntiPhosphor	反物质磷	auto
material	AntiPhoton	反光子	auto
material	AntiPlatinum	反物质铂	auto
material	AntiPlutonium	反物质钚	auto
material	AntiPlutonium241	反物质钚-241	auto
material	AntiPlutonium243	反物质钚-243	auto
material	AntiPlutonium244	反物质钚-244	auto
material	AntiPolonium	反物质钋	auto
material	AntiPotassium	反物质钾	auto
material	AntiPraseodymium	反物质镨	auto
material	AntiPromethium	反物质钷	auto
material	AntiProtactinium	反物质镤	auto
material	AntiProton	反质子	auto
material	AntiQuickSilver	反物质水银(汞)	auto
material	AntiQuicksilver	反物质水银(汞)	auto
material	AntiRadium	反物质镭	auto
material	AntiRadon	反物质氡	auto
material	AntiRhenium	反物质铼	auto
material	AntiRhodium	反物质铑	auto
material	AntiRoentgenium	反物质錀	auto
material	AntiRubidium	反物质铷	auto
material	AntiRuthenium	反物质钌	auto
material	AntiRutherfordium	反物质鑪	auto
material	AntiSamarium	反物质钐	auto
material	AntiScandium	反物质钪	auto
material	AntiSeaborgium	反物质𬭳	auto
material	AntiSelenium	反物质硒	auto
material	AntiSilicon	反物质硅	auto
material	AntiSilver	反物质银	auto
material	AntiSodium	反物质钠	auto
material	AntiStrontium	反物质锶	auto
material	AntiSulfur	反物质硫	auto
material	AntiTantalum	反物质钽	auto
material	AntiTechnetium	反物质锝	auto
material	AntiTellurium	反物质碲	auto
material	AntiTerbium	反物质铽	auto
material	AntiThallium	反物质铊	auto
material	AntiThorium	反物质钍	auto
material	AntiThulium	反物质铥	auto
material	AntiTin	反物质锡	auto
material	AntiTitan	反物质铌钛合金	auto
material	AntiTitanium	反物质钛	auto
material	AntiTribibium	反物质322号元素(Tbb)	auto
material	AntiTribiennium	反物质329号元素(Tbe)	auto
material	AntiTribihexium	反物质326号元素(Tbh)	auto
material	AntiTribinilium	反物质320号元素(Tbn)	auto
material	AntiTribioctium	反物质328号元素(Tbo)	auto
material	AntiTribipentium	反物质325号元素(Tbp)	auto
material	AntiTribiquadium	反物质324号元素(Tbq)	auto
material	AntiTribiseptium	反物质327号元素(Tbs)	auto
material	AntiTribitrium	反物质323号元素(Tbt)	auto
material	AntiTribiunium	反物质321号元素(Tbu)	auto
material	AntiTriennbium	反物质392号元素(Teb)	auto
material	AntiTriennennium	反物质399号元素(Tee)	auto
material	AntiTriennhexium	反物质396号元素(Teh)	auto
material	AntiTriennilium	反物质390号元素(Ten)	auto
material	AntiTriennoctium	反物质398号元素(Teo)	auto
material	AntiTriennpentium	反物质395号元素(Tep)	auto
material	AntiTriennquadium	反物质394号元素(Teq)	auto
material	AntiTriennseptium	反物质397号元素(Tes)	auto
material	AntiTrienntrium	反物质393号元素(Tet)	auto
material	AntiTriennunium	反物质391号元素(Teu)	auto
material	AntiTrihexbium	反物质362号元素(Thb)	auto
material	AntiTrihexennium	反物质369号元素(The)	auto
material	AntiTrihexhexium	反物质366号元素(Thh)	auto
material	AntiTrihexnilium	反物质360号元素(Thn)	auto
material	AntiTrihexoctium	反物质368号元素(Tho)	auto
material	AntiTrihexpentium	反物质365号元素(Thp)	auto
material	AntiTrihexquadium	反物质364号元素(Thq)	auto
material	AntiTrihexseptium	反物质367号元素(Ths)	auto
material	AntiTrihextrium	反物质363号元素(Tht)	auto
material	AntiTrihexunium	反物质361号元素(Thu)	auto
material	AntiTrinilbium	反物质302号元素(Tnb)	auto
material	AntiTrinilennium	反物质309号元素(Tne)	auto
material	AntiTrinilhexium	反物质306号元素(Tnh)	auto
material	AntiTrinilnilium	反物质300号元素(Tnn)	auto
material	AntiTriniloctium	反物质308号元素(Tno)	auto
material	AntiTrinilpentium	反物质305号元素(Tnp)	auto
material	AntiTrinilquadium	反物质304号元素(Tnq)	auto
material	AntiTrinilseptium	反物质307号元素(Tns)	auto
material	AntiTriniltrium	反物质303号元素(Tnt)	auto
material	AntiTrinilunium	反物质301号元素(Tnu)	auto
material	AntiTrioctbium	反物质382号元素(Tob)	auto
material	AntiTrioctennium	反物质389号元素(Toe)	auto
material	AntiTriocthexium	反物质386号元素(Toh)	auto
material	AntiTrioctnilium	反物质380号元素(Ton)	auto
material	AntiTrioctoctium	反物质388号元素(Too)	auto
material	AntiTrioctpentium	反物质385号元素(Top)	auto
material	AntiTrioctquadium	反物质384号元素(Toq)	auto
material	AntiTrioctseptium	反物质387号元素(Tos)	auto
material	AntiTriocttrium	反物质383号元素(Tot)	auto
material	AntiTrioctunium	反物质381号元素(Tou)	auto
material	AntiTripentbium	反物质352号元素(Tpb)	auto
material	AntiTripentennium	反物质359号元素(Tpe)	auto
material	AntiTripenthexium	反物质356号元素(Tph)	auto
material	AntiTripentnilium	反物质350号元素(Tpn)	auto
material	AntiTripentoctium	反物质358号元素(Tpo)	auto
material	AntiTripentpentium	反物质355号元素(Tpp)	auto
material	AntiTripentquadium	反物质354号元素(Tpq)	auto
material	AntiTripentseptium	反物质357号元素(Tps)	auto
material	AntiTripenttrium	反物质353号元素(Tpt)	auto
material	AntiTripentunium	反物质351号元素(Tpu)	auto
material	AntiTriquadbium	反物质342号元素(Tqb)	auto
material	AntiTriquadennium	反物质349号元素(Tqe)	auto
material	AntiTriquadhexium	反物质346号元素(Tqh)	auto
material	AntiTriquadnilium	反物质340号元素(Tqn)	auto
material	AntiTriquadoctium	反物质348号元素(Tqo)	auto
material	AntiTriquadpentium	反物质345号元素(Tqp)	auto
material	AntiTriquadquadium	反物质344号元素(Tqq)	auto
material	AntiTriquadseptium	反物质347号元素(Tqs)	auto
material	AntiTriquadtrium	反物质343号元素(Tqt)	auto
material	AntiTriquadunium	反物质341号元素(Tqu)	auto
material	AntiTriseptbium	反物质372号元素(Tsb)	auto
material	AntiTriseptennium	反物质379号元素(Tse)	auto
material	AntiTrisepthexium	反物质376号元素(Tsh)	auto
material	AntiTriseptnilium	反物质370号元素(Tsn)	auto
material	AntiTriseptoctium	反物质378号元素(Tso)	auto
material	AntiTriseptpentium	反物质375号元素(Tsp)	auto
material	AntiTriseptquadium	反物质374号元素(Tsq)	auto
material	AntiTriseptseptium	反物质377号元素(Tss)	auto
material	AntiTrisepttrium	反物质373号元素(Tst)	auto
material	AntiTriseptunium	反物质371号元素(Tsu)	auto
material	AntiTritium	反物质氚	auto
material	AntiTritribium	反物质332号元素(Ttb)	auto
material	AntiTritriennium	反物质339号元素(Tte)	auto
material	AntiTritrihexium	反物质336号元素(Tth)	auto
material	AntiTritrinilium	反物质330号元素(Ttn)	auto
material	AntiTritrioctium	反物质338号元素(Tto)	auto
material	AntiTritripentium	反物质335号元素(Ttp)	auto
material	AntiTritriquadium	反物质334号元素(Ttq)	auto
material	AntiTritriseptium	反物质337号元素(Tts)	auto
material	AntiTritritrium	反物质333号元素(Ttt)	auto
material	AntiTritriunium	反物质331号元素(Ttu)	auto
material	AntiTriunbium	反物质312号元素(Tub)	auto
material	AntiTriunennium	反物质319号元素(Tue)	auto
material	AntiTriunhexium	反物质316号元素(Tuh)	auto
material	AntiTriunnilium	反物质310号元素(Tun)	auto
material	AntiTriunoctium	反物质318号元素(Tuo)	auto
material	AntiTriunpentium	反物质315号元素(Tup)	auto
material	AntiTriunquadium	反物质314号元素(Tuq)	auto
material	AntiTriunseptium	反物质317号元素(Tus)	auto
material	AntiTriuntrium	反物质313号元素(Tut)	auto
material	AntiTriununium	反物质311号元素(Tuu)	auto
material	AntiTungsten	反物质钨	auto
material	AntiUnbibium	反物质122号元素(Ubb)	auto
material	AntiUnbiennium	反物质129号元素(Ube)	auto
material	AntiUnbihexium	反物质126号元素(Ubx)	auto
material	AntiUnbinilium	反物质120号元素(Ubn)	auto
material	AntiUnbioctium	反物质128号元素(Ubo)	auto
material	AntiUnbipentium	反物质125号元素(Ubp)	auto
material	AntiUnbiquadium	反物质124号元素(Ubq)	auto
material	AntiUnbiseptium	反物质127号元素(Ubs)	auto
material	AntiUnbitrium	反物质123号元素(Ubt)	auto
material	AntiUnbiunium	反物质121号元素(Ubu)	auto
material	AntiUnennbium	反物质192号元素(Ueb)	auto
material	AntiUnennennium	反物质199号元素(Uee)	auto
material	AntiUnennhexium	反物质196号元素(Ueh)	auto
material	AntiUnennilium	反物质190号元素(Uen)	auto
material	AntiUnennoctium	反物质198号元素(Ueo)	auto
material	AntiUnennpentium	反物质195号元素(Uep)	auto
material	AntiUnennquadium	反物质194号元素(Ueq)	auto
material	AntiUnennseptium	反物质197号元素(Ues)	auto
material	AntiUnenntrium	反物质193号元素(Uet)	auto
material	AntiUnennunium	反物质191号元素(Ueu)	auto
material	AntiUnhexbium	反物质162号元素(Uhb)	auto
material	AntiUnhexennium	反物质169号元素(Uhe)	auto
material	AntiUnhexhexium	反物质166号元素(Uhh)	auto
material	AntiUnhexnilium	反物质160号元素(Uhn)	auto
material	AntiUnhexoctium	反物质168号元素(Uho)	auto
material	AntiUnhexpentium	反物质165号元素(Uhp)	auto
material	AntiUnhexquadium	反物质164号元素(Uhq)	auto
material	AntiUnhexseptium	反物质167号元素(Uhs)	auto
material	AntiUnhextrium	反物质163号元素(Uht)	auto
material	AntiUnhexunium	反物质161号元素(Uhu)	auto
material	AntiUnoctbium	反物质182号元素(Uob)	auto
material	AntiUnoctennium	反物质189号元素(Uoe)	auto
material	AntiUnocthexium	反物质186号元素(Uoh)	auto
material	AntiUnoctnilium	反物质180号元素(Uon)	auto
material	AntiUnoctoctium	反物质188号元素(Uoo)	auto
material	AntiUnoctpentium	反物质185号元素(Uop)	auto
material	AntiUnoctquadium	反物质184号元素(Uoq)	auto
material	AntiUnoctseptium	反物质187号元素(Uos)	auto
material	AntiUnocttrium	反物质183号元素(Uot)	auto
material	AntiUnoctunium	反物质181号元素(Uou)	auto
material	AntiUnpentbium	反物质152号元素(Upb)	auto
material	AntiUnpentennium	反物质159号元素(Upe)	auto
material	AntiUnpenthexium	反物质156号元素(Uph)	auto
material	AntiUnpentnilium	反物质150号元素(Upn)	auto
material	AntiUnpentoctium	反物质158号元素(Upo)	auto
material	AntiUnpentpentium	反物质155号元素(Upp)	auto
material	AntiUnpentquadium	反物质154号元素(Upq)	auto
material	AntiUnpentseptium	反物质157号元素(Ups)	auto
material	AntiUnpenttrium	反物质153号元素(Upt)	auto
material	AntiUnpentunium	反物质151号元素(Upu)	auto
material	AntiUnquadbium	反物质142号元素(Uqb)	auto
material	AntiUnquadennium	反物质149号元素(Uqe)	auto
material	AntiUnquadhexium	反物质146号元素(Uqh)	auto
material	AntiUnquadnilium	反物质140号元素(Uqn)	auto
material	AntiUnquadoctium	反物质148号元素(Uqo)	auto
material	AntiUnquadpentium	反物质145号元素(Uqp)	auto
material	AntiUnquadquadium	反物质144号元素(Uqq)	auto
material	AntiUnquadseptium	反物质147号元素(Uqs)	auto
material	AntiUnquadtrium	反物质143号元素(Uqt)	auto
material	AntiUnquadunium	反物质141号元素(Uqu)	auto
material	AntiUnseptbium	反物质172号元素(Usb)	auto
material	AntiUnseptennium	反物质179号元素(Use)	auto
material	AntiUnsepthexium	反物质176号元素(Ush)	auto
material	AntiUnseptnilium	反物质170号元素(Usn)	auto
material	AntiUnseptoctium	反物质178号元素(Uso)	auto
material	AntiUnseptpentium	反物质175号元素(Usp)	auto
material	AntiUnseptquadium	反物质174号元素(Usq)	auto
material	AntiUnseptseptium	反物质177号元素(Uss)	auto
material	AntiUnsepttrium	反物质173号元素(Ust)	auto
material	AntiUnseptunium	反物质171号元素(Usu)	auto
material	AntiUntribium	反物质132号元素(Utb)	auto
material	AntiUntriennium	反物质139号元素(Ute)	auto
material	AntiUntrihexium	反物质136号元素(Uth)	auto
material	AntiUntrinilium	反物质130号元素(Utn)	auto
material	AntiUntrioctium	反物质138号元素(Uto)	auto
material	AntiUntripentium	反物质135号元素(Utp)	auto
material	AntiUntriquadium	反物质134号元素(Utq)	auto
material	AntiUntriseptium	反物质137号元素(Uts)	auto
material	AntiUntritrium	反物质133号元素(Utt)	auto
material	AntiUntriunium	反物质131号元素(Utu)	auto
material	AntiUnunennium	反物质119号元素(Uue)	auto
material	AntiUnunoctium	反物质118号元素(Og)	auto
material	AntiUnunpentium	反物质镆	auto
material	AntiUnunseptium	反物质117号元素(Ts)	auto
material	AntiUnuntrium	反物质鉨	auto
material	AntiUran	反物质乌兰	auto
material	AntiUranium	反物质铀	auto
material	AntiUranium235	反物质铀-235	auto
material	AntiUranium238	反物质铀-238	auto
material	AntiVanadium	反物质钒	auto
material	AntiVibranium	反物质振金	auto
material	AntiWolfram	反物质钨	auto
material	AntiWolframium	反物质耐蚀含钨铝合金	auto
material	AntiXenon	反物质氙	auto
material	AntiYtterbium	反物质镱	auto
material	AntiYttrium	反物质钇	auto
material	AntiZinc	反物质锌	auto
material	AntiZirconium	反物质锆	auto
material	Antimatter	反物质	auto
material	Antimony	锑	auto
material	Any	任意	auto
material	AnyAmber	Amber	review
material	AnyAmethyst	紫水晶	auto
material	AnyAshes	灰烬	auto
material	AnyAventurine	任意东陵石	auto
material	AnyBlackSteel	黑钢	auto
material	AnyBlaze	烈焰棒	auto
material	AnyBlueSteel	蓝钢	auto
material	AnyBronze	任意青铜	auto
material	AnyCalcite	方解石	auto
material	AnyCarbon	碳	auto
material	AnyClay	粘土	auto
material	AnyCoalCarbon	碳	auto
material	AnyCopper	铜	auto
material	AnyDefaultWood	任意木头	auto
material	AnyDiamond	钻石	auto
material	AnyEmerald	绿宝石	auto
material	AnyFlour	任意面粉	auto
material	AnyFlourOrGrains	任意谷物或面粉	auto
material	AnyFluorite	氟石	auto
material	AnyGarnet	石榴子石	auto
material	AnyGlowstone	萤石	auto
material	AnyGrains	任意谷物	auto
material	AnyHardPlastic	硬塑料	auto
material	AnyIron	铁	auto
material	AnyIronOrSteel	铁	auto
material	AnyIronSteel	钢	auto
material	AnyJasper	碧玉	auto
material	AnyMagicIron	Magic Iron	review
material	AnyMagicalWood	任意魔法木头	auto
material	AnyMetal	任意金属	auto
material	AnyNormalWood	任意木头	auto
material	AnyPhosphorus	磷酸钙	auto
material	AnyPlastic	塑料	auto
material	AnyPrismarine	海晶石	auto
material	AnyRedSteel	红钢	auto
material	AnyRubber	橡胶	auto
material	AnySalt	盐	auto
material	AnySand	沙	auto
material	AnySapphire	蓝宝石	auto
material	AnySilicon	硅	auto
material	AnySiliconDioxide	二氧化硅	auto
material	AnySteel	任意钢	auto
material	AnyStone	石头	auto
material	AnyThaumicCrystal	任意神秘碎片	auto
material	AnyTigerEye	虎眼石	auto
material	AnyTreatedWood	防腐木	auto
material	AnyTungsten	钨	auto
material	AnyUntreatedWood	任意未防腐木头	auto
material	AnyWax	蜡	auto
material	AnyWood	木	auto
material	AnyWoodOrPlastic	任意木头或者塑料	auto
material	Apalachia	附魔山脉	auto
material	Apatite	磷灰石	auto
material	Applewood	苹果树木	auto
material	AquaMiddle	水蓝元素宝石	auto
material	AquaRegia	王水	auto
material	Aquamarine	海蓝宝石	auto
material	Aragonite	霰石	auto
material	ArcaneAsh	奥术灰	auto
material	ArcaneAshes	奥术灰	auto
material	ArcaneCompound	压缩奥术灰	auto
material	Arcanium	秘金	auto
material	Ardaite	Ardaite	review
material	Ardite	阿迪特	auto
material	Aredrite	希尔金	auto
material	Argon	氩	auto
material	Arlemite	阿勒	auto
material	Arsenic	砷	auto
material	ArsenicBronze	砷青铜	auto
material	ArsenicCopper	砷铜	auto
material	Arsenopyrite	砷黄铁	auto
material	Asbestos	石棉	auto
material	Ash	梣树	auto
material	AshDark	黑色灰烬	auto
material	AshVolcanic	火山灰	auto
material	Ashes	灰烬	auto
material	AshesDark	黑色灰烬	auto
material	AshesVolcanic	火山灰	auto
material	Ashwood	梣树木	auto
material	Aspen	白杨木	auto
material	Asphalt	沥青	auto
material	Astatine	砹	auto
material	Astatine209	Astatine209	review
material	AstralSilver	星银	auto
material	At209	At209	review
material	Atlarus	深金	auto
material	Au198	Au198	review
material	Australium	Australium	review
material	Autumnwood	秋树木	auto
material	Aventurine	东陵石	auto
material	Azurite	石青	auto
material	BPA	双酚A	auto
material	BakedPlatinumGroupSludge	焙烧铂族泥	auto
material	Bakelite	电木	auto
material	BalasRuby	红宝石	auto
material	Balsa	巴尔杉	auto
material	Bamboo	竹	auto
material	BandedIron	带状铁	auto
material	Baobab	猴面包木	auto
material	Barite	重晶石	auto
material	Barium	钡	auto
material	BariumAcetate	醋酸钡	auto
material	BariumTitanate	钛酸钡	auto
material	Bark	树皮	auto
material	Barley	大麦	auto
material	Basalt	玄武岩	auto
material	BasaltBricks	BasaltBricks	review
material	BasaltChiseled	BasaltChiseled	review
material	BasaltPolished	BasaltPolished	review
material	BasalticMineralSand	玄武岩砂	auto
material	Basalz	岩石元素	hand
material	Basic	基础的	auto
material	Bastnasite	氟碳铈	auto
material	BatteryAlloy	电池合金	auto
material	Bauxite	铝土	auto
material	BauxiteRedMud	铝土矿红泥	auto
material	Bedrock	基岩	auto
material	BedrockHSLAAlloy	基岩合金	auto
material	Bedrockium	基岩	auto
material	BeeWax	蜂蜡	auto
material	Beech	山毛榉	auto
material	BeesWax	蜂蜡	auto
material	Beeswax	蜂蜡	auto
material	Beewax	蜂蜡	auto
material	Bentonite	膨润土粘土	auto
material	Benzene	苯	auto
material	Berkelium	锫	auto
material	Beryl	Beryl	review
material	Beryllium	铍	auto
material	Beryllium7	铍-7	auto
material	Beryllium8	铍-8	auto
material	Betweenstone	交错石	auto
material	Bibibium	222号元素(Bbb)	auto
material	Bibiennium	229号元素(Bbe)	auto
material	Bibihexium	226号元素(Bbh)	auto
material	Bibinilium	220号元素(Bbn)	auto
material	Bibioctium	228号元素(Bbo)	auto
material	Bibipentium	225号元素(Bbp)	auto
material	Bibiquadium	224号元素(Bbq)	auto
material	Bibiseptium	227号元素(Bbs)	auto
material	Bibitrium	223号元素(Bbt)	auto
material	Bibiunium	221号元素(Bbu)	auto
material	Biennbium	292号元素(Beb)	auto
material	Biennennium	299号元素(Bee)	auto
material	Biennhexium	296号元素(Beh)	auto
material	Biennnilium	290号元素(Ben)	auto
material	Biennoctium	298号元素(Beo)	auto
material	Biennpentium	295号元素(Bep)	auto
material	Biennquadium	294号元素(Beq)	auto
material	Biennseptium	297号元素(Bes)	auto
material	Bienntrium	293号元素(Bet)	auto
material	Biennunium	291号元素(Beu)	auto
material	Bihexbium	262号元素(Bhb)	auto
material	Bihexennium	269号元素(Bhe)	auto
material	Bihexhexium	266号元素(Bhh)	auto
material	Bihexnilium	260号元素(Bhn)	auto
material	Bihexoctium	268号元素(Bho)	auto
material	Bihexpentium	265号元素(Bhp)	auto
material	Bihexquadium	264号元素(Bhq)	auto
material	Bihexseptium	267号元素(Bhs)	auto
material	Bihextrium	263号元素(Bht)	auto
material	Bihexunium	261号元素(Bhu)	auto
material	Binilbium	202号元素(Bnb)	auto
material	Binilennium	209号元素(Bne)	auto
material	Binilhexium	206号元素(Bnh)	auto
material	Binilnilium	200号元素(Bnn)	auto
material	Biniloctium	208号元素(Bno)	auto
material	Binilpentium	205号元素(Bnp)	auto
material	Binilquadium	204号元素(Bnq)	auto
material	Binilseptium	207号元素(Bns)	auto
material	Biniltrium	203号元素(Bnt)	auto
material	Binilunium	201号元素(Bnu)	auto
material	BioFuel	生物柴油	auto
material	BioMass	生物质	auto
material	Bioctbium	282号元素(Bob)	auto
material	Bioctennium	289号元素(Boe)	auto
material	Biocthexium	286号元素(Boh)	auto
material	Bioctnilium	280号元素(Bon)	auto
material	Bioctoctium	288号元素(Boo)	auto
material	Bioctpentium	285号元素(Bop)	auto
material	Bioctquadium	284号元素(Boq)	auto
material	Bioctseptium	287号元素(Bos)	auto
material	Biocttrium	283号元素(Bot)	auto
material	Bioctunium	281号元素(Bou)	auto
material	Biomass	生物质	auto
material	Biotite	黑云母	auto
material	Bipentbium	252号元素(Bpb)	auto
material	Bipentennium	259号元素(Bpe)	auto
material	Bipenthexium	256号元素(Bph)	auto
material	Bipentnilium	250号元素(Bpn)	auto
material	Bipentoctium	258号元素(Bpo)	auto
material	Bipentpentium	255号元素(Bpp)	auto
material	Bipentquadium	254号元素(Bpq)	auto
material	Bipentseptium	257号元素(Bps)	auto
material	Bipenttrium	253号元素(Bpt)	auto
material	Bipentunium	251号元素(Bpu)	auto
material	Biquadbium	242号元素(Bqb)	auto
material	Biquadennium	249号元素(Bqe)	auto
material	Biquadhexium	246号元素(Bqh)	auto
material	Biquadnilium	240号元素(Bqn)	auto
material	Biquadoctium	248号元素(Bqo)	auto
material	Biquadpentium	245号元素(Bqp)	auto
material	Biquadquadium	244号元素(Bqq)	auto
material	Biquadseptium	247号元素(Bqs)	auto
material	Biquadtrium	243号元素(Bqt)	auto
material	Biquadunium	241号元素(Bqu)	auto
material	Birch	白桦木	auto
material	Bischofite	水氯镁石	auto
material	Biseptbium	272号元素(Bsb)	auto
material	Biseptennium	279号元素(Bse)	auto
material	Bisepthexium	276号元素(Bsh)	auto
material	Biseptnilium	270号元素(Bsn)	auto
material	Biseptoctium	278号元素(Bso)	auto
material	Biseptpentium	275号元素(Bsp)	auto
material	Biseptquadium	274号元素(Bsq)	auto
material	Biseptseptium	277号元素(Bss)	auto
material	Bisepttrium	273号元素(Bst)	auto
material	Biseptunium	271号元素(Bsu)	auto
material	Bismuth	铋	auto
material	BismuthBronze	铋青铜	auto
material	Bitribium	232号元素(Btb)	auto
material	Bitriennium	239号元素(Bte)	auto
material	Bitrihexium	236号元素(Bth)	auto
material	Bitrinilium	230号元素(Btn)	auto
material	Bitrioctium	238号元素(Bto)	auto
material	Bitripentium	235号元素(Btp)	auto
material	Bitriquadium	234号元素(Btq)	auto
material	Bitriseptium	237号元素(Bts)	auto
material	Bitritrium	233号元素(Btt)	auto
material	Bitriunium	231号元素(Btu)	auto
material	Bitumen	沥青	auto
material	Biunbium	212号元素(Bub)	auto
material	Biunennium	219号元素(Bue)	auto
material	Biunhexium	216号元素(Buh)	auto
material	Biunnilium	210号元素(Bun)	auto
material	Biunoctium	218号元素(Buo)	auto
material	Biunpentium	215号元素(Bup)	auto
material	Biunquadium	214号元素(Buq)	auto
material	Biunseptium	217号元素(Bus)	auto
material	Biuntrium	213号元素(But)	auto
material	Biununium	211号元素(Buu)	auto
material	Bixbite	红绿柱石	auto
material	Black	黑色	auto
material	BlackAventurine	黑色东陵石	auto
material	BlackBronze	黑青铜	auto
material	BlackEndSand	黑色末地沙	auto
material	BlackEye	黑色虎眼石	auto
material	BlackFluorite	黑色氟石	auto
material	BlackSteel	黑钢	auto
material	BlackTigerEye	BlackTigerEye	review
material	BlackVitriol	黑矾	auto
material	Blackstone	黑石	auto
material	Blaze	烈焰棒	auto
material	BlazeQuartz	烈焰石英	auto
material	Blitz	狂风	auto
material	Blizz	暴雪	auto
material	Blood	Blood	review
material	Bloodgem	血宝石	auto
material	Bloodstone	鸡血石	auto
material	Blue	蓝色	auto
material	BlueAlloy	蓝石合金	auto
material	BlueAventurine	蓝色东陵石	auto
material	BlueCY11	蓝色试剂Y-11	auto
material	BlueDiamond	蓝色钻石	auto
material	BlueFluorite	蓝色氟石	auto
material	BlueJasper	蓝色碧玉	auto
material	BlueMahoe	高红槿	auto
material	BluePhosphorus	蓝磷	auto
material	BlueSapphire	蓝宝石	auto
material	BlueSpruce	北美云杉	auto
material	BlueSteel	蓝钢	auto
material	BlueTigerEye	BlueTigerEye	review
material	BlueTopaz	蓝色黄玉	auto
material	BlueVitriol	五水合硫酸铜	auto
material	Blueschist	蓝片岩	auto
material	Bluestone	蓝石	auto
material	Blutonium	蓝钚	auto
material	BogIron	BogIron	review
material	Bohrium	𬭛	auto
material	Bone	骨	auto
material	Borax	硼砂	auto
material	BoricAcid	硼酸	auto
material	Boron	硼	auto
material	Boron11	硼-11	auto
material	Boxwood	黄杨木	auto
material	Brass	黄铜	auto
material	Brazilwood	巴西红木	auto
material	BreedingSoilGold	BreedingSoil Gold	review
material	Breeze	Breeze	review
material	Brick	砖	auto
material	BrickNether	地狱砖	auto
material	Brine	Brine	review
material	Bromargyrite	溴银矿	auto
material	Bromine	溴	auto
material	Bronze	青铜	auto
material	Brown	褐色	auto
material	BrownAventurine	褐色东陵石	auto
material	BrownLimonite	褐铁	auto
material	Butadiene	丁二烯	auto
material	Butane	丁烷	auto
material	Butanol	丁醇	auto
material	Butter	黄油	auto
material	Butternutwood	灰核桃树木	auto
material	CMBSteel	CMB钢	auto
material	Cadmium	镉	auto
material	Caesium	铯	auto
material	Calcite	方解石	auto
material	Calcium	钙	auto
material	CalciumAcetate	醋酸钙	auto
material	CalciumCarbide	电石	auto
material	CalciumChloride	氯化钙	auto
material	CalciumHydroxide	氢氧化钙	auto
material	CalciumSulfate	硫酸钙	auto
material	CalciumSulphate	硫酸钙	auto
material	CalciumTungstate	钨酸钙	auto
material	Californium	锎	auto
material	CallistoRock	木卫四	auto
material	Carbide	碳化物	auto
material	Carbon	碳	auto
material	Carbon13	碳-13	auto
material	Carbon14	碳-14	auto
material	CarbonDioxide	二氧化碳	auto
material	CarbonMonoxide	一氧化碳	auto
material	CarbonTrioxide	三氧化碳	auto
material	Carborundum	碳化硅	auto
material	Carminite	Carminite	review
material	Carmot	闪耀金	auto
material	Cassiterite	锡石	auto
material	CassiteriteSand	锡石沙矿	auto
material	CastIron	铸铁	auto
material	Castlerock	城堡石头	auto
material	CatsEye	猫眼石	auto
material	Cavenium	Cavenium	review
material	CaveniumRefined	Refined Cavenium	review
material	CdInAgAlloy	镉铟银合金	auto
material	Cedar	雪松木	auto
material	Celenegil	幽冥毒结晶	auto
material	Celestine	天青石	auto
material	Ceramic	陶瓷	auto
material	CeresRock	谷神星	auto
material	Cerium	铈	auto
material	CertusQuartz	赛特斯石英	auto
material	Ceruclase	暗影秘银	auto
material	Chalcopyrite	黄铜矿	auto
material	Chalk	白垩	auto
material	Charcoal	木炭	auto
material	ChargedCertusQuartz	充能赛特斯石英	auto
material	Cheese	奶酪	auto
material	ChemicalX	试剂X	auto
material	ChemicalY	试剂Y	auto
material	ChemicalY1	试剂Y-1	auto
material	ChemicalY10	试剂Y-10	auto
material	ChemicalY2	试剂Y-2	auto
material	ChemicalY3	试剂Y-3	auto
material	ChemicalY4	试剂Y-4	auto
material	ChemicalY5	试剂Y-5	auto
material	ChemicalY6	试剂Y-6	auto
material	ChemicalY7	试剂Y-7	auto
material	ChemicalY8	试剂Y-8	auto
material	ChemicalY9	试剂Y-9	auto
material	ChemicalZ	试剂Z	auto
material	Cherrywood	樱桃树木	auto
material	Chert	硅质岩	hand
material	Chestnutwood	栗树木	auto
material	Chili	辣椒	auto
material	Chimerite	精灵石	auto
material	ChloricAcid	氯酸	auto
material	Chlorine	氯	auto
material	ChloroPhenylethane	一氯乙苯	auto
material	ChloroauricAcid	氯金酸	auto
material	Chloroethanol	氯乙醇	auto
material	Chloroform	三氯甲烷/氯仿	auto
material	Chloromethane	一氯甲烷	auto
material	ChloroplatinicAcid	氯铂酸	auto
material	Chocolate	巧克力	auto
material	Chrome	铬	auto
material	Chromite	铬铁矿	hand
material	Chromium	铬	auto
material	ChromiumDioxide	二氧化铬	auto
material	Chrysocolla	硅孔雀石	auto
material	Chrysotile	温石棉	auto
material	Cinnabar	朱砂	auto
material	Cinnamon	肉桂	auto
material	Cinnamonwood	肉桂木	auto
material	Citrine	黄水晶	auto
material	Citruswood	柑橘树木	auto
material	Clay	粘土	auto
material	ClayBrick	粘土砖	auto
material	ClayBrown	褐色粘土	auto
material	ClayCompound	导管粘合胚料	auto
material	ClayRed	红色粘土	auto
material	Cluster	矿簇	auto
material	Co60	Co60	review
material	Coal	煤	auto
material	CoalCoke	焦煤	auto
material	Cobalt	钴	auto
material	Cobalt60	钴-60	auto
material	CobaltBrass	钴黄铜	auto
material	CobaltHexahydrate	六水合钴	auto
material	Cobaltite	辉砷钴	auto
material	Cobblestone	圆石	auto
material	Cocaine	可卡因	auto
material	Cocoa	可可	auto
material	Cocobolowood	黄檀树木	auto
material	Coconutwood	椰子树木	auto
material	Coffee	咖啡	auto
material	CoffeeDust	咖啡粉	auto
material	Coke	炭	auto
material	Coltan	钶钽铁矿	auto
material	Columbite	铌铁矿	auto
material	Columbium	Columbium	review
material	Compost	堆肥	auto
material	CompostRaw	可堆肥材料	auto
material	Concrete	混凝土	auto
material	ConductiveIron	导电铁	auto
material	Constantan	康铜	auto
material	ConstructionFoam	建筑泡沫	auto
material	Continuum	连续体	hand
material	CookedBauxide	已处理铝土矿	auto
material	CookedLimonite	CookedLimonite	review
material	Cooperite	硫砷铂	auto
material	Copernicium	鎶	auto
material	Copper	铜	auto
material	Coral	珊瑚	auto
material	Coralium	珊瑚	auto
material	Corn	玉米	auto
material	CosmicNeutronium	宇宙中子态素	auto
material	Cragrock	峭壁岩	auto
material	Craponite	克拉邦石	hand
material	Cream	Cream	review
material	Creosote	杂酚油	auto
material	CreosoteOil	杂酚油	auto
material	CrimsonMiddle	深红元素	auto
material	Crimsonwood	绯红木	auto
material	CrudeOil	原油	auto
material	CrudeSteel	粗钢	auto
material	Cryolite	冰晶石	auto
material	Cryotheum	冰元素	hand
material	Crystal	水晶	auto
material	CrystalFlux	变化水晶	auto
material	CrystalMatrix	水晶矩阵	auto
material	CrystallineAlloy	晶化合金	auto
material	CrystallinePinkSlime	晶化粉红史莱姆	auto
material	Cupronickel	白铜	auto
material	Curium	锔	auto
material	Curry	咖喱	auto
material	Cyan	青色	auto
material	CyanVitriol	硫酸镍	auto
material	Cyanite	蓝晶石	auto
material	Cyclohexanol	环己醇	auto
material	Cyclohexanone	环己酮	auto
material	Cypress	柏树	auto
material	CyprusVitriol	五水合硫酸铜	auto
material	DNQPhotoresist	重氮系光刻胶	auto
material	Dacite	英安岩	auto
material	Daffergon	Daffergon	review
material	DamascusSteel	大马士革钢	auto
material	Dark	暗色	auto
material	DarkAsh	黑暗灰烬	auto
material	DarkAshes	黑色灰烬	auto
material	DarkIron	玄铁	auto
material	DarkMatter	暗物质	auto
material	DarkOak	深色橡木	auto
material	DarkSteel	玄钢	auto
material	DarkStone	黑暗石头	auto
material	DarkThaumium	黑暗神秘	auto
material	Darkwood	黑树	auto
material	Darmstadtium	鐽	auto
material	Data	数据	auto
material	Datolite	硅钙硼石	auto
material	Deadrock	死岩	auto
material	DeepIron	深层铁	hand
material	Deepslate	深板岩	auto
material	DeimosRock	火卫二	auto
material	Demonite	暗影	auto
material	Desh	戴斯	auto
material	Desichalkos	虚空之魂石	auto
material	Deuterium	氘	auto
material	Diamantine	钻石水晶	auto
material	Diamond	钻石	auto
material	DiamondCopper	钻石铜	auto
material	DiamondIndustrial	工业钻石	auto
material	Diatomite	硅藻土	auto
material	DiazoNaphthol	2-重氮, 1-萘酚	auto
material	DichloroEthane	二氯乙烷	auto
material	DichloroPropane	二氯丙烷	auto
material	DichloroPropanol	二氯丙醇	auto
material	Dichlorodimethylsilane	二甲二氯硅烷	auto
material	Dichloromethane	二氯甲烷	auto
material	DiduraniumTrioxide	三氧化二钍瑞铌	auto
material	Diesel	柴油	auto
material	Diketene	双乙烯酮	auto
material	Dilithium	二锂	hand
material	Dimethylamine	二甲胺	auto
material	DimethylaminomethylStyrene	二甲基-4-乙烯基苯甲胺	auto
material	Dimethylglycine	二甲基乙酸胺	auto
material	Dineutronium	双聚中子态素	auto
material	DinhexylSulfide	二正己基硫醚	auto
material	Dioptase	翠铜石	auto
material	Diorite	闪长岩	auto
material	DioriteBricks	DioriteBricks	review
material	DioriteChiseled	DioriteChiseled	review
material	DioritePolished	DioritePolished	review
material	DiphenylCarbonate	碳酸二苯酯	auto
material	DisulfuricAcid	焦硫酸	auto
material	Dolamide	多拉迈德	hand
material	Dolomite	白云岩	auto
material	DominicanAmber	多米尼加蓝琥珀	auto
material	DouglasFir	花旗松	auto
material	Draconic	龙矿	auto
material	Draconium	龙	auto
material	DraconiumAwakened	觉醒龙	auto
material	DragonEye	龙眼石	auto
material	Dreadium	恐惧素	hand
material	Dreamwood	梦之木	auto
material	Dubnium	𬭊	auto
material	Dull	枯竭碎片	auto
material	DuraSteel	高速钢	auto
material	Duralumin	硬铝合金	auto
material	Duranium	钍瑞铌合金	auto
material	DuraniumElemental	钍瑞铌	auto
material	DuraniumHexaastatide	六砹化钍瑞铌	auto
material	DuraniumHexabromide	六溴化钍瑞铌	auto
material	DuraniumHexachloride	六氯化钍瑞铌	auto
material	DuraniumHexafluoride	六氟化钍瑞铌	auto
material	DuraniumHexaiodide	六碘化钍瑞铌	auto
material	Dynamite	锯末炸药	auto
material	Dysprosium	镝	auto
material	EarthSteel	Earth Steel	review
material	Ebony	乌檀木	auto
material	Eclogite	榴辉岩	auto
material	Ectoplasm	灵外质	hand
material	Eden	伊甸	auto
material	Efrine	绿晶	auto
material	Einsteinium	锿	auto
material	Elderwood	接骨木	auto
material	ElectricalSteel	电工钢	hand
material	Electron	电子	auto
material	Electrotine	蓝石	auto
material	ElectrotineAlloy	蓝石荧合金	hand
material	Electrum	琥珀金	auto
material	ElectrumFlux	通量琥珀金	hand
material	Elementium	源质钢	auto
material	Elite	精华	auto
material	Elm	榆树	auto
material	ElnTungsten	Eln钨	auto
material	ElvenDragonstone	龙石	auto
material	ElvenElementium	源质钢	auto
material	ElvenQuartz	精灵石英	auto
material	Elvorium	魔灵	auto
material	Emeradic	绿宝石水晶	auto
material	Emerald	绿宝石	auto
material	Emery	金刚砂	auto
material	Empty	空	auto
material	EndSteel	末影钢	auto
material	Ender	末影	auto
material	EnderEye	末影之眼	auto
material	EnderPearl	末影珍珠	auto
material	Enderium	末影	auto
material	EnderiumBase	末影粗胚	auto
material	Endium	末金	auto
material	Endstone	末地石	hand
material	EnergeticAlloy	充能合金	auto
material	EnergeticSilver	充能银	auto
material	EnergiumCyan	青色能量水晶	auto
material	EnergiumRed	红色能量水晶	hand
material	Energized	充能	auto
material	Enori	铁晶	auto
material	EnrichedCopper	浓缩铜	auto
material	Epichlorohydrin	环氧氯丙烷	auto
material	Epidote	绿帘石	auto
material	EpoxyResin	环氧树脂	auto
material	Erbium	铒	auto
material	ErisRock	阋神星	auto
material	Ethane	乙烷	auto
material	Ethanol	乙醇	auto
material	Ethaxium	伊桑斯	auto
material	Etherealwood	天域树木	auto
material	EthylChloroacetate	一氯乙酸乙酯	auto
material	EthylOleate	油酸乙酯	auto
material	Ethylbenzene	乙苯	auto
material	Ethylene	乙烯	auto
material	EthyleneGlycol	乙二醇	auto
material	Eucalyptus	桉树	auto
material	Eudialyte	异性石	auto
material	Euphemium	Ep	review
material	EuropaRock	木卫二	auto
material	Europium	铕	auto
material	Eximite	虚空石	auto
material	FZDarkIron	FZ暗影铁	auto
material	Fairy	精灵	auto
material	Farnsium	钫	auto
material	Ferberite	钨铁矿	hand
material	Fermium	镄	auto
material	FerricChloride	氯化铁	auto
material	FerricOxyhydroxide	氢氧化铁	auto
material	Ferrite	铁氧体	auto
material	FerrousChloride	氯化亚铁	auto
material	Ferrovanadium	钒磁铁	auto
material	Fettelite	Fettelite	review
material	Fiery	Fiery	review
material	FierySteel	炙热钢	auto
material	Figwood	无花果树木	auto
material	Fir	冷杉木	auto
material	Fireleaf	Fireleaf	review
material	Firestone	火石	auto
material	FishCooked	熟鱼粉	hand
material	FishOil	鱼油	auto
material	FishRaw	生鱼粉	hand
material	FishRotten	腐鱼粉	hand
material	FlamascusSteel	炙热大马士革钢	auto
material	Flerovium	鈇	auto
material	Flerovium298	鈇-298	auto
material	Flint	燧石	auto
material	Flour	面粉	auto
material	FluidCoalGas	煤气	auto
material	FluidCoalLiquid	液态煤炭	auto
material	FluidMolotovMixture	易燃液体	auto
material	Fluix	福鲁伊克斯	auto
material	Fluorine	氟	auto
material	Fluorite	氟石	auto
material	Flux	助焊剂	auto
material	FoolsRuby	伪·红宝石	auto
material	Force	力量	auto
material	Forcicium	力素	hand
material	Forcillium	力晶	hand
material	Formaldehyde	甲醛	auto
material	Fossil	化石	auto
material	Foxfirewood	狐火木	auto
material	Francium	钫	auto
material	FreshWater	淡水	auto
material	Frezarite	冰霜陨石	auto
material	FrozenIron	冰霜之铁	auto
material	FryingOilHot	热食用油	auto
material	Fuel	燃油	auto
material	FuelOil	燃油	auto
material	FullersEarth	漂白土	auto
material	FzDarkIron	Fz暗影铁	auto
material	Gabbro	辉长岩	auto
material	Gadolinium	钆	auto
material	GaiaSpirit	盖亚之魂	auto
material	Galena	方铅	auto
material	Gallium	镓	auto
material	GanymedeRock	木卫三	auto
material	Garnet	石榴子石	auto
material	GarnetGreen	GarnetGreen	review
material	GarnetOrange	GarnetOrange	review
material	GarnetPurple	GarnetPurple	review
material	GarnetRed	红石榴石	auto
material	GarnetSand	石榴子石沙	auto
material	GarnetYellow	黄石榴石	auto
material	Garnierite	硅镁镍	auto
material	Gasoline	汽油	auto
material	Gelatine	明胶	auto
material	Germanium	锗	auto
material	Gibbsite	水铝矿	auto
material	Giganteumwood	巨杉树木	auto
material	GildedIron	镀金铁	auto
material	Gingko	银杏	auto
material	Glass	玻璃	auto
material	Glauconite	海绿石	auto
material	GlauconiteSand	海绿石沙	auto
material	Gloomstone	阴郁荧石	auto
material	Glowstone	萤石	auto
material	GlowstoneCeres	谷神星萤石	auto
material	GlowstoneEnceladus	土卫二萤石	auto
material	GlowstoneIo	木卫一萤石	auto
material	GlowstonePluto	冥王星萤石	auto
material	GlowstoneProteus	海卫八萤石	auto
material	GlowstoneRefined	精致萤石	auto
material	Glue	胶水	auto
material	Glycerol	丙三醇	auto
material	Glyceryl	硝化甘油	auto
material	Gneiss	片麻岩	auto
material	Gol198	Gol198	review
material	Gold	金	auto
material	Gold198	金-198	auto
material	GoldInductive	感应合金	auto
material	GoldenAmber	Golden Amber	review
material	Goldwood	金木	auto
material	Good	不错	auto
material	Goshen	Goshen	review
material	Goshenite	透绿柱石	auto
material	Granite	花岗岩	auto
material	GraniteBlack	黑色花岗岩	auto
material	GraniteBricks	GraniteBricks	review
material	GraniteChiseled	GraniteChiseled	review
material	GranitePolished	GranitePolished	review
material	GraniteRed	红色花岗岩	auto
material	GraniticMineralSand	花岗岩类矿砂	auto
material	Graphene	石墨烯	auto
material	Graphite	石墨	auto
material	GraveyardDirt	墓地土	auto
material	Gravitite	重力晶	auto
material	Gravitonium	重力金属	auto
material	Gray	灰色	auto
material	GrayVitriol	硫酸锰	auto
material	Grayschist	灰色片岩	auto
material	Greatwood	宏伟之木	auto
material	Green	绿色	auto
material	GreenAventurine	绿色东陵石	auto
material	GreenCY11	绿色试剂Y-11	auto
material	GreenDiamond	绿色钻石	auto
material	GreenFluorite	绿色氟石	auto
material	GreenJasper	绿色碧玉	auto
material	GreenMiddle	翠绿元素宝石	auto
material	GreenSapphire	绿色蓝宝石	auto
material	GreenTigerEye	GreenTigerEye	review
material	GreenVitriol	硫酸亚铁	auto
material	Greenheart	绿樟木	auto
material	Greenschist	绿片岩	auto
material	Greenstone	绿岩	auto
material	Gregorium	格雷金属	auto
material	Greywacke	杂砂岩	auto
material	Grossular	钙铝榴石	auto
material	Gunpowder	火药	auto
material	Gypsum	石膏	auto
material	Gyubnera	钨锰铁矿	auto
material	HFPO	全氟环氧丙烷	auto
material	HOPGraphite	HOP石墨	auto
material	HPF	六氟丙烯	auto
material	HSLA	HSLA	review
material	HSLASpringSteel	弹簧钢	auto
material	HSLASteel	HSLA钢	auto
material	HSLATungstenAlloy	钨合金	auto
material	HSSE	高速钢-E	auto
material	HSSG	高速钢-G	auto
material	HSSS	高速钢-S	auto
material	Haderoth	幻铜	auto
material	Hafnium	铪	auto
material	HardPlastic	硬塑料	auto
material	Hassium	𬭶	auto
material	HawksEye	鹰眼石	auto
material	Hawthorn	山楂木	auto
material	Hazel	榛树	auto
material	Hazelnut	榛子	auto
material	HeavyWater	重水	auto
material	HeeEndium	末影矿	auto
material	Heliodor	金绿柱石	auto
material	Helium	氦	auto
material	Helium3	氦-3	auto
material	HeliumNeon	氦氖混合气体	auto
material	Hellbark	地狱皮木	auto
material	Hematite	赤铁	auto
material	Hemlock	铁杉	auto
material	HempOil	大麻籽油	auto
material	HenSoPretty	锗铟铌钛镁	auto
material	Hepatizon	幽魂结晶	auto
material	HexafluorosilicicAcid	六氟硅酸	auto
material	Hexane	正己烷	auto
material	Hexcite	Hexcite	review
material	Hexorium	黑克斯	auto
material	HexoriumBlack	黑色黑克斯	auto
material	HexoriumBlue	蓝色黑克斯	auto
material	HexoriumGreen	绿色黑克斯	auto
material	HexoriumRed	红色黑克斯	auto
material	HexoriumWhite	白色黑克斯	auto
material	Hickory	山核桃	auto
material	Holly	冬青	auto
material	Holmium	钬	auto
material	HolyWater	圣水	auto
material	Holystone	圣石	auto
material	Honey	蜂蜜	auto
material	Honeydew	蜜露	hand
material	Hornbeam	鹅耳枥	auto
material	Huebnerite	钨锰矿	hand
material	HydratedCoal	水合煤	auto
material	HydrobromicAcid	氢溴酸	auto
material	HydrochloricAcid	盐酸	auto
material	Hydrogen	氢气	auto
material	HydrogenBorate	硼酸氢盐	auto
material	HydrogenFluoride	氟化氢	auto
material	HydrogenPeroxide	过氧化氢	auto
material	HydrosulfuricAcid	硫化氢	auto
material	HypochlorousAcid	次氯酸	auto
material	IapetusRock	土卫八	auto
material	Ice	冰	auto
material	Iffesal	伊夫萨尔	auto
material	Ignatius	伊格内修斯	auto
material	Illmenite	钛铁矿	auto
material	Ilmenite	钛铁矿	hand
material	Indigo	靛蓝	auto
material	Indium	铟	auto
material	Infernal	地狱	auto
material	Infinite	无尽	auto
material	Infinity	无尽	auto
material	Infitite	Infitite	review
material	Infuscolium	因弗斯科姆	hand
material	InfusedAir	风之碎片	auto
material	InfusedBalance	平衡碎片	auto
material	InfusedDull	枯竭碎片	auto
material	InfusedEarth	地之碎片	auto
material	InfusedEntropy	混沌碎片	auto
material	InfusedFire	火之碎片	auto
material	InfusedGold	附魔金	auto
material	InfusedOrder	秩序碎片	auto
material	InfusedTeslatite	特斯拉金属	auto
material	InfusedVis	魔力碎片	auto
material	InfusedWater	水之碎片	auto
material	Inolashite	影秘蓝金	hand
material	Intellite	智金	auto
material	Invar	殷钢	auto
material	Invisium	隐形	auto
material	IoRock	木卫一	auto
material	Iodine	碘	auto
material	IodineSalt	碘盐	auto
material	Ipe	重蚁木	auto
material	Iridium	铱	auto
material	IridiumIron	铱铁	auto
material	IridiumIronReinforced	强化铱铁	auto
material	IridiumSodiumOxide	铱氧化钠	auto
material	Iritanium	钛铱合金	auto
material	Iroko	大绿柄桑木	auto
material	Iron	铁	auto
material	IronCompressed	压缩铁	auto
material	IronMagnetic	磁化铁	auto
material	IronOxide	氧化铁	auto
material	IronSharp	锋利铁	auto
material	IronWood	铁木	auto
material	Ironwood	铁木	auto
material	IrridantReinforced	强化铱板	auto
material	IrridantUranium	铱-铀	auto
material	Isoprene	异戊二烯	auto
material	Itarius	Itarius	review
material	Ium	ium	review
material	Jacaranda	蓝花楹木	auto
material	Jade	翡翠	auto
material	JapaneseMaple	日本枫木	auto
material	Jasper	碧玉	auto
material	Jet	黑玉	auto
material	Joshen	Joshen	review
material	Junglewood	丛林木	auto
material	JupiterRock	木星	auto
material	Kalendrite	幽冥魂石	auto
material	Kalium	钾	auto
material	Kanthal	铁铬铝合金	auto
material	Kaolinite	高岭石粘土	auto
material	Kapok	木棉木	auto
material	Kepler22bRock	开普勒-22b	auto
material	Kerosine	煤油	auto
material	Kesterite	锌黄锡	auto
material	Ketene	乙烯酮	auto
material	Kimberlite	金伯利岩	auto
material	KnightMetal	骑士金属	auto
material	Knightmetal	骑士金属	auto
material	Komatiite	科马提岩	auto
material	Kreknorite	炽焰陨石	auto
material	Krypton	氪	auto
material	Kyanite	蓝晶石	auto
material	Lantanium	镧	auto
material	Lantanum	镧	auto
material	Lanthanium	镧	auto
material	Lanthanum	镧	auto
material	Lapis	青金石	auto
material	Larch	落叶松	auto
material	Latex	胶乳	auto
material	Lava	岩浆	auto
material	LavenderQuartz	薰衣草石英	hand
material	Lawrencium	铹	auto
material	Lazurite	天蓝青金石	auto
material	Lead	铅	auto
material	Leather	皮革	auto
material	Legendary	传奇的	auto
material	Lemurite	利莫里亚	auto
material	Lepidolite	锂云母	auto
material	Licorice	甘草	hand
material	LightBlue	淡蓝色	auto
material	LightGray	淡灰色	auto
material	Lignite	褐煤	auto
material	LigniteCoke	焦化褐煤	auto
material	Lime	黄绿色	auto
material	LimePure	纯石灰	auto
material	Limestone	石灰石	auto
material	Limewood	酸橙树木	auto
material	LinOil	亚麻籽油	auto
material	LiquifiedCoralium	液化珊瑚	auto
material	Lithium	锂	auto
material	Lithium6	锂-6	auto
material	LithiumCarbonate	碳酸锂	auto
material	LithiumChlorate	氯酸锂	auto
material	LithiumChloride	氯化锂	auto
material	LithiumHydroxide	氢氧化锂	auto
material	LithiumOxide	氧化锂	auto
material	LithiumPerchlorate	高氯酸锂	auto
material	LiveRoot	活根	auto
material	Livermorium	鉝	auto
material	Livingrock	活石	auto
material	Livingwood	活木	auto
material	Locust	刺槐	auto
material	Lodestone	天然磁石	auto
material	Logwood	墨水树	auto
material	Lonsdaleite	六方碳	auto
material	Lubricant	润滑油	auto
material	Ludicrite	路德里特	hand
material	Luminite	流明	auto
material	Lumium	流明	auto
material	Lutetium	镥	auto
material	MacGuffium	乌有岩	auto
material	Maclura	桑橙	auto
material	Magenta	品红	auto
material	MagentaFluorite	品红氟石	auto
material	Magic	魔法	auto
material	Magicwood	魔法树木	auto
material	Magma	岩浆	auto
material	Magnalium	镁铝合金	auto
material	Magnesite	菱镁	auto
material	Magnesium	镁	auto
material	MagnesiumCarbonate	碳酸镁	auto
material	MagnesiumChloride	氯化镁	auto
material	MagnesiumDihydroxide	氢氧化镁	auto
material	MagnesiumSilicide	硅化镁	auto
material	Magnetite	磁铁矿	hand
material	MagnetizedTungsten	磁化钨	auto
material	Magnite	Magnite	review
material	Mahoe	高槿木	auto
material	Mahogany	桃心木	auto
material	Malachite	孔雀石	auto
material	ManaDiamond	魔力钻石	auto
material	ManaQuartz	魔力石英	auto
material	Manasteel	魔力钢	auto
material	Manganese	锰	auto
material	ManganeseChloride	氯化锰	auto
material	Mangrove	红树	auto
material	MansusSteel	Mansus Steel	review
material	Manyullyn	玛玉灵	auto
material	Maple	枫树	auto
material	Marble	大理石	auto
material	MarsSand	火星沙	auto
material	MarsStone	火星	auto
material	Marshmallow	棉花糖	auto
material	MartianVitriol	硫酸铁	auto
material	Master	大师	auto
material	Mauftrium	始源魂灵	auto
material	Mawsitsit	钠长硬玉	auto
material	Maxixe	马克西绿柱石	hand
material	Mazestone	遗迹石头	auto
material	Meat	肉	auto
material	MeatCooked	熟肉	auto
material	MeatRaw	生肉	auto
material	MeatRotten	腐肉	auto
material	Meitnerium	䥑	auto
material	MelodicAlloy	旋律合金	auto
material	Mendelevium	钔	auto
material	Mercassium	Mercassium	review
material	Mercury	汞	auto
material	MercuryIIChloride	氯化汞	auto
material	MercuryRock	水星	auto
material	MetatitanicAcid	钛酸	auto
material	MeteoflameBlackSteel	炙热陨黑钢	auto
material	MeteoflameBlueSteel	炙热陨蓝钢	auto
material	MeteoflameRedSteel	炙热陨红钢	auto
material	MeteoflameSteel	炙热陨钢	auto
material	MeteoricBlackSteel	陨黑钢	auto
material	MeteoricBlueSteel	陨蓝钢	auto
material	MeteoricIron	陨铁	auto
material	MeteoricRedSteel	陨红钢	auto
material	MeteoricSteel	陨钢	auto
material	Meteorite	陨石	auto
material	Methane	甲烷	auto
material	MethaneIce	甲烷冰	auto
material	Methanol	甲醇	auto
material	MethoxyPropanol	丙二醇甲醚	auto
material	MethylTertiaryAmine	甲基叔胺	auto
material	Methylamine	Methylamine	review
material	MethylmagnesiumChloride	甲基氯化镁	auto
material	Methyltrichlorosilane	一甲三氯硅烷	auto
material	Meutoite	龙之魂石	auto
material	Mica	云母	auto
material	Microcline	微斜长石	auto
material	Midasium	溶火金	auto
material	Migmatite	混合岩	auto
material	Milk	牛奶	auto
material	MilkyQuartz	乳白色石英	auto
material	Mimichite	模仿石	auto
material	Mingrade	紫铜	auto
material	Mint	薄荷	auto
material	Mirabilite	芒硝	auto
material	Mithril	秘银	auto
material	Molybdenite	辉钼	auto
material	Molybdenum	钼	auto
material	MolybdenumOxide	二氧化钼	auto
material	Monazite	独居石	auto
material	MoonStone	月球	auto
material	MoonTurf	月面草皮	auto
material	Moonstone	月亮石	auto
material	Morganite	铯绿柱石	auto
material	Mortum	死域	auto
material	Moscovium	镆	auto
material	Mud	淤泥	auto
material	MuspelheimPower	炽热魔灵	auto
material	MutatedIron	突变铁	auto
material	Mutation	突变	auto
material	Mythril	Mythril	review
material	NULL	无	auto
material	NanoBariumTitanate	纳米钛酸钡	auto
material	Naphthalene	萘	auto
material	Naphthalenol	1-萘酚	auto
material	NaphthalenolAminoHydrochloride	2-氨基, 1-萘酚盐酸盐	auto
material	Naquadah	硅岩金属	auto
material	NaquadahAlloy	硅岩金属合金	auto
material	NaquadahEnriched	浓缩硅岩金属	auto
material	Naquadria	硅岩金属化合物	auto
material	Natrium	钠	auto
material	NaturalAluminum	原生铝	auto
material	Neodymium	钕	auto
material	NeodymiumMagnetic	磁化钕	auto
material	Neon	氖	auto
material	NeptuneRock	海王星	auto
material	Neptunium	镎	auto
material	Neptunium237	Neptunium237	review
material	Nether	下界	auto
material	NetherBrick	地狱砖	auto
material	NetherQuartz	下界石英	auto
material	NetherStar	下界之星	auto
material	Netherite	下界合金	auto
material	NetherizedDiamond	下界钻石	auto
material	Netherrack	下界岩	hand
material	Netheryte	下界合金	auto
material	Neutrino	中微子	auto
material	Neutron	中子	auto
material	Neutronium	0号元素	auto
material	Nichrome	镍铬合金	auto
material	Nickel	镍	auto
material	NickelFlake	NickelFlake	review
material	NiflheimPower	极寒魔灵	auto
material	Nihonium	鉨	auto
material	NikolineAlloy	蓝石镍合金	hand
material	Nikolite	蓝石	auto
material	Niobium	铌	auto
material	NiobiumNitride	氮化铌	auto
material	NiobiumPentoxide	五氧化二铌	auto
material	NiobiumTitanium	铌钛合金	auto
material	Niter	硝石	auto
material	Nitrate	硝酸盐	auto
material	Nitre	Nitre	review
material	NitricAcid	硝酸	auto
material	NitroCarbon	氮化碳	auto
material	NitroFuel	硝基燃油	auto
material	Nitroacenaphthene	5-硝基苊	auto
material	Nitrogen	氮	auto
material	NitrogenDioxide	二氧化氮	auto
material	NitrogenMonoxide	一氧化氮	auto
material	Nobelium	锘	auto
material	Normal	Normal	review
material	Nougat	牛轧糖	auto
material	Np237	Np237	review
material	NutOil	坚果油	auto
material	Nutmeg	肉豆蔻	auto
material	Oak	橡木	auto
material	Oat	燕麦	auto
material	Oats	燕麦	auto
material	OberonRock	天卫四	auto
material	Obsidian	黑曜石	auto
material	ObsidianFlux	黑曜石助焊剂	auto
material	ObsidianRefined	精致黑曜石	auto
material	ObsidianSteel	黑曜石钢	auto
material	OceanJasper	海蓝色碧玉	auto
material	Octine	奥克廷	hand
material	Oganesson	118号元素(Og)	auto
material	Ogrewood	食人魔树木	auto
material	Oil	油	auto
material	OilSand	油砂	auto
material	OilScarp	石油底渣	auto
material	OilShale	含油页岩	auto
material	Oilsands	油砂	auto
material	Oilshale	含油页岩	auto
material	OleicAcid	油酸	auto
material	OliveOil	橄榄油	auto
material	Olivewood	橄榄树木	auto
material	Olivine	橄榄石	auto
material	Onyx	缟玛瑙	auto
material	OnyxBlack	黑色缟玛瑙	auto
material	OnyxRed	红色缟玛瑙	auto
material	Opal	蛋白石	auto
material	Orange	橙色	auto
material	OrangeCY11	橙色试剂Y-11	auto
material	OrangeFluorite	橙色氟石	auto
material	OrangeSapphire	橙色蓝宝石	auto
material	Organic	有机	auto
material	Orichalcum	奥利哈刚	hand
material	Oriharukon	山铜	auto
material	Osmiridium	铱锇合金	auto
material	Osmium	锇	auto
material	OsmiumElemental	锇	auto
material	OsmiumTetraoxide	四氧化锇	auto
material	OsmiumTetroxide	四氧化锇	auto
material	Osmonium	Osmonium	review
material	Oureclase	大地结晶	auto
material	Oxygen	氧气	auto
material	PEZ	皮礼士糖	auto
material	PFSA	全氟树脂	auto
material	PGMEA	丙二醇甲醚醋酸酯	auto
material	PMMAPhotoresist	PMMA系光刻胶	auto
material	PSVE	全氟磺酸单体	auto
material	PTFE	聚四氟乙烯	auto
material	PVA	聚乙烯醇	auto
material	PVC	聚氯乙烯	auto
material	Padauk	紫檀木	auto
material	Paduak	紫檀木	auto
material	Painite	硅硼钙铝石	auto
material	Palis	青金石水晶	auto
material	Palladium	钯	auto
material	Palm	棕榈木	auto
material	Palygorskite	坡缕石粘土	auto
material	Papayawood	木瓜树木	auto
material	Paper	纸	auto
material	ParaffinWax	石蜡	auto
material	Paraffinwax	石蜡	auto
material	Peanut	花生	auto
material	PeanutWood	花生木	auto
material	Peanutwood	花生木	auto
material	Pearwood	梨树木	auto
material	Peat	泥炭	auto
material	PeatBituminous	沥青泥炭	auto
material	Pentlandite	镍黄铁	auto
material	Pepper	胡椒	auto
material	PepperBlack	黑胡椒	auto
material	PerchloricAcid	高氯酸	auto
material	PerditioAluminum	Perditio Aluminum	review
material	Perfluorocyclobutane	八氟环丁烷	auto
material	Peridot	橄榄石	auto
material	Perlite	珍珠岩	auto
material	PetCoke	石油焦炭	auto
material	PetrifiedWood	石化木	auto
material	Petrol	汽油	auto
material	Petroleum	石油	auto
material	PetroleumCoke	石油焦炭	auto
material	Petrotheum	地元素	hand
material	Pewter	白镴	auto
material	PhasedGold	脉冲金	auto
material	PhasedIron	脉冲铁	auto
material	PhobosRock	火卫一	auto
material	Phoenixite	凤凰石	auto
material	Phosgene	光气	auto
material	Phosphate	磷酸盐	auto
material	Phosphor	磷	auto
material	Phosphorite	磷灰石	auto
material	Phosphorous	磷	auto
material	Phosphorus	磷	hand
material	PhosphorusPentoxide	五氧化二磷	auto
material	Photon	光子	auto
material	PigIron	生铁	auto
material	Pinalite	氯钨铅	auto
material	Pine	松树木	auto
material	Pink	粉色	auto
material	PinkCY11	粉色试剂Y-11	auto
material	PinkDiamond	粉钻	auto
material	PinkFluorite	粉色氟石	auto
material	PinkIvory	象牙粉红木	auto
material	PinkVitriol	硫酸镁	auto
material	Pinkschist	粉色片岩	auto
material	Pistachio	开心果	auto
material	Pitchblende	沥青铀	auto
material	PitchblendeCinder	沥青铀浸渣	auto
material	Pitstone	麻纹石	auto
material	Plastic	塑料	auto
material	Platinum	铂	auto
material	PlatinumGroupSludge	铂族泥	auto
material	Plumwood	李子树木	auto
material	PlutoRock	冥王星	auto
material	Plutonium	钚	auto
material	Plutonium238	钚-238	auto
material	Plutonium239	钚-239	auto
material	Plutonium240	钚-240	auto
material	Plutonium241	钚-241	auto
material	Plutonium243	钚-243	auto
material	Plutonium244	钚-244	auto
material	Poison	Poison	review
material	Pokefennium	铁血	auto
material	Pollucite	铯榴石	auto
material	Polonium	钋	auto
material	PolyVinylAcetate	聚乙酸乙烯	auto
material	Polycarbonate	聚碳酸酯	auto
material	Polymer	聚合物	auto
material	PolymethylMethacrylate	聚甲基丙烯酸甲酯	auto
material	Poplar	白杨木	auto
material	Porcelain	瓷器	auto
material	Positron	正电子	auto
material	Potash	钾碱	auto
material	Potassium	钾	auto
material	PotassiumAluminate	偏铝酸钾	auto
material	PotassiumBisulfate	硫酸氢钾	auto
material	PotassiumBisulphate	硫酸氢钾	auto
material	PotassiumCarbonate	碳酸钾	auto
material	PotassiumFeldspar	钾长石	auto
material	PotassiumFluoride	氟化钾	auto
material	PotassiumHeptafluorotantalate	氟钽酸钾	auto
material	PotassiumHydroxide	氢氧化钾	auto
material	PotassiumNitrate	硝酸钾	auto
material	PotassiumPersulfate	过硫酸钾	auto
material	PotassiumPersulphate	过硫酸钾	auto
material	PotassiumPyrosulfate	焦硫酸钾	auto
material	PotassiumPyrosulphate	焦硫酸钾	auto
material	PotassiumSodium	钠钾合金	auto
material	PotassiumSulfate	硫酸钾	auto
material	PotassiumSulfide	硫化钾	auto
material	PotassiumSulfite	亚硫酸钾	auto
material	PotassiumSulphate	硫酸钾	auto
material	PotassiumSulphide	硫肝石	auto
material	PotassiumSulphite	亚硫酸钾	auto
material	Potato	土豆	auto
material	Powellite	钼钙	auto
material	Praseodymium	镨	auto
material	PrecursorPSVE	全氟磺酸单体前体	auto
material	Primitive	远古	auto
material	Prismane	棱柱烷	auto
material	Prismarine	亮海晶石	hand
material	PrismarineDark	深色海晶石	auto
material	Prometheum	幻金	auto
material	Promethium	钷	auto
material	Propane	丙烷	auto
material	Propanediol	丙二醇	auto
material	Propanol	丙醇	auto
material	Propionaldehyde	丙醛	auto
material	Propylene	丙烯	auto
material	Protactinium	镤	auto
material	Proton	质子	auto
material	Pu238	Pu238	review
material	Pu239	Pu239	review
material	Pu240	Pu240	review
material	Pu241	Pu241	review
material	PulsatingIron	脉冲铁	auto
material	Pumice	浮石	auto
material	Purple	紫色	auto
material	PurpleAlloy	紫色合金	auto
material	PurpleCY11	紫色试剂Y-11	auto
material	PurpleDiamond	紫色钻石	auto
material	PurpleSapphire	紫色蓝宝石	auto
material	Purpleheart	紫心檀木	auto
material	Pyrite	黄铁	auto
material	Pyrolusite	软锰	auto
material	Pyrope	镁铝榴石	auto
material	Pyrotheum	炎元素	hand
material	Quantum	量子	auto
material	Quartz	石英	auto
material	QuartzBlack	黑色石英	hand
material	QuartzSand	石英砂	auto
material	QuartzSmoky	烟熏石英	auto
material	Quartzite	石英岩	auto
material	QuickSilver	水银(汞)	auto
material	Quicklime	生石灰	auto
material	Quicksilver	水银(汞)	auto
material	Radium	镭	auto
material	Radium226	镭226	auto
material	Radon	氡	auto
material	RainbowEucalyptus	彩虹桉	auto
material	Rainbowood	彩虹树	auto
material	RainforestJasper	雨林碧玉	auto
material	Randomite	随机	auto
material	RareEarth	稀土	auto
material	Raspite	斜钨铅矿	auto
material	RawTerrasteelAlloy	粗制泰拉钢合金	auto
material	Realgar	雄黄	auto
material	Realmite	现石	auto
material	Red	红色	auto
material	RedAlloy	红色合金	auto
material	RedAventurine	红色东陵石	auto
material	RedCY11	红色试剂Y-11	auto
material	RedDiamond	红色钻石	auto
material	RedFluorite	红色氟石	auto
material	RedJasper	红色碧玉	auto
material	RedMatter	红物质	auto
material	RedMeteor	红色陨石	auto
material	RedPhosphorus	红磷	auto
material	RedQuartz	红色石英	auto
material	RedRock	红岩	auto
material	RedSand	红沙	auto
material	RedSteel	红钢	auto
material	RedTigerEye	RedTigerEye	review
material	RedVitriol	硫酸钴	auto
material	Redrock	红岩	auto
material	Redstone	红石	auto
material	RedstoneAlloy	红石合金	auto
material	Redstonia	红石水晶	auto
material	Redwood	红木	auto
material	RefinedCavenium	RefinedCavenium	review
material	RefinedIron	精致铁	auto
material	RefractoryWax	高温蜡	auto
material	Refractorywax	高温蜡	auto
material	Reiium	Reiium	review
material	Reinforced	高强度	auto
material	RheaRock	土卫五	auto
material	Rhenium	铼	auto
material	Rhodium	铑	auto
material	Rhyolite	流纹岩	auto
material	Rice	米	auto
material	RockSalt	岩盐	auto
material	Roentgenium	錀	auto
material	RomanVitriol	硫酸铜	auto
material	RoseGold	玫瑰金	auto
material	Rosewood	蔷薇木	auto
material	RoughGlass	Rough Glass	review
material	Rowan	花楸木	auto
material	Rubber	橡胶	auto
material	RubberTreeSap	橡胶树苗	auto
material	Rubidium	铷	auto
material	Rubracium	褐铜	auto
material	Ruby	红宝石	auto
material	Rupee	卢比	auto
material	Russellite	钨铋	auto
material	Ruthenium	钌	auto
material	Rutherfordium	鑪	auto
material	Rutile	金红石	auto
material	Rye	黑麦	hand
material	Ryu	Ryu	review
material	RyuDragonRyder	RyuDragonRyder	review
material	SBR	丁苯橡胶	auto
material	SacredOak	神圣橡树	auto
material	Sakura	樱花木	auto
material	Salpeter	萨尔皮特	auto
material	Salt	盐	auto
material	SaltWater	盐水	auto
material	SaltedButter	盐味黄油	auto
material	SaltedWater	盐水	auto
material	Saltedwater	盐水	auto
material	Saltpeter	硝石	auto
material	Saltwater	盐水	auto
material	Samarium	钐	auto
material	Sand	沙	auto
material	Sanguinite	狱炎石	auto
material	Saphire	蓝宝石	auto
material	Sapphire	蓝宝石	auto
material	Satinspar	石膏纤维	auto
material	SaturnRock	土星	auto
material	Saturnite	土星	auto
material	Scabyst	痂壳晶	auto
material	Scandium	钪	auto
material	ScarletEmerald	红翡翠	auto
material	Scheelite	白钨	auto
material	Schrabidium	Sa326	review
material	SeaWater	海水	auto
material	Seaborgium	𬭳	auto
material	SeedOil	种子油	auto
material	Selenite	透石膏	auto
material	Selenium	硒	auto
material	SemiheavyWater	半重水	auto
material	Sequoia	红杉	auto
material	Serpentine	蛇纹石	auto
material	ShadowIron	暗影铁	auto
material	ShadowSteel	暗影钢	auto
material	Shale	页岩	auto
material	Sheldonite	硫砷铂	auto
material	Shimmerwood	微光木	auto
material	Signalum	信素	auto
material	Silane	硅烷	auto
material	Silicon	硅	auto
material	SiliconDioxide	二氧化硅	auto
material	SiliconTetrafluoride	四氟化硅	auto
material	SiliconeRubber	硅橡胶液	auto
material	Siltstone	粉砂岩	auto
material	Silver	银	auto
material	SilverChloride	Silver Chloride	review
material	SilverFlake	SilverFlake	review
material	SilverIodide	碘化银	auto
material	SilverPine	银松	auto
material	Silverwood	银树	auto
material	SkyStone	天空石	hand
material	Skyroot	天根木	auto
material	Skythern	空境	auto
material	Slate	板岩	auto
material	SlimyBone	粘骨	auto
material	SluiceSand	矿物杂质沙	auto
material	Smithsonite	菱锌	auto
material	SmokeyQuartz	烟熏石英	auto
material	SmokyQuartz	SmokyQuartz	review
material	Snow	雪	auto
material	Soapstone	皂石	auto
material	Soda	碳酸氢钠	auto
material	Sodalite	方钠石	auto
material	Sodium	钠	auto
material	SodiumAcetate	醋酸钠	auto
material	SodiumAluminate	偏铝酸钠	auto
material	SodiumAluminiumHydride	四氢铝钠	auto
material	SodiumBisulfate	硫酸氢钠	auto
material	SodiumBisulphate	硫酸氢钠	auto
material	SodiumCarbonate	碳酸钠	auto
material	SodiumFluoride	氟化钠	auto
material	SodiumHydrogenSulfate	硫酸氢钠	auto
material	SodiumHydrogenSulphate	硫酸氢钠	auto
material	SodiumHydrogencarbonate	碳酸氢钠	auto
material	SodiumHydroxide	氢氧化钠	auto
material	SodiumNitrate	硝酸钠	auto
material	SodiumPeroxide	过氧化钠	auto
material	SodiumPersulfate	过硫酸钠	auto
material	SodiumPersulphate	过硫酸钠	auto
material	SodiumPyrosulfate	焦硫酸钠	auto
material	SodiumPyrosulphate	焦硫酸钠	auto
material	SodiumSulfate	硫酸钠	auto
material	SodiumSulfide	硫化钠	auto
material	SodiumSulfite	亚硫酸钠	auto
material	SodiumSulphate	硫酸钠	auto
material	SodiumSulphide	硫化钠	auto
material	SodiumSulphite	亚硫酸钠	auto
material	SolderingAlloy	钎焊合金	auto
material	SolutionBlueVitriol	蓝矾溶液	auto
material	SolutionNickelSulfate	硫酸镍溶液	auto
material	SolutionNickelSulphate	硫酸镍溶液	auto
material	Soularium	魂金	auto
material	SouledAirBismuth	SouledAir Bismuth	review
material	Soulium	灵魂	auto
material	Soulsand	灵魂沙	auto
material	SoylentGreen	祖母绿	hand
material	SpaceStone	太空	auto
material	SpectreIron	灵魂之铁	auto
material	Sperrylite	砷铂	auto
material	Spessartine	锰铝榴石	auto
material	Sphalerite	闪锌	auto
material	Spinel	尖晶石	auto
material	Spodumene	锂辉	auto
material	Spruce	云杉木	auto
material	StainlessSteel	不锈钢	auto
material	StannicChloride	四氯化锡	auto
material	Stannite	黄锡	auto
material	Starconium	Starconium	review
material	Starmetal	星辉	auto
material	Steam	蒸汽	auto
material	Steel	钢	auto
material	SteelGalvanized	镀锌钢	auto
material	SteelMagnetic	磁化钢	auto
material	Steeleaf	钢叶	auto
material	StellarAlloy	恒星合金	auto
material	SterlingSilver	纯银	auto
material	Stibnite	辉锑	auto
material	Stolzite	钨铅	auto
material	Stone	石头	auto
material	StoneBrick	StoneBrick	review
material	StrengthenedTerrasteelAlloy	强化泰拉钢合金	auto
material	Strontium	锶	auto
material	Styrene	乙烯苯	auto
material	Sugar	糖	auto
material	Sugilite	杉石	auto
material	Sulfur	硫	auto
material	SulfurDioxide	二氧化硫	auto
material	SulfurTrioxide	三氧化硫	auto
material	SulfuricAcid	硫酸	auto
material	Sulphur	硫	auto
material	SulphurDioxide	二氧化硫	auto
material	SulphurTrioxide	三氧化硫	auto
material	SulphuricAcid	硫酸	auto
material	SunflowerOil	向日葵油	auto
material	Sunnarium	太阳合金	auto
material	SunnyQuartz	金黄石英	auto
material	Sunstone	太阳石	auto
material	Superconductor	超导体	auto
material	Sweet	糖果	auto
material	Sweetgum	枫香木	auto
material	Sycamore	悬铃木	auto
material	Sylvine	Sylvine	review
material	Sylvite	钾石盐	auto
material	Syrmorite	赛摩铜	auto
material	Syzgium	蒲桃木	auto
material	TFES	四氟磺内酯	auto
material	TNT	TNT	review
material	Talc	滑石	auto
material	Tallow	魔法油脂	auto
material	Tantalite	钽铁	auto
material	Tantalium	Tantalium	review
material	Tantalum	钽	auto
material	TantalumHafniumCarbide	碳化钽铪	auto
material	TantalumPentoxide	五氧化二钽	auto
material	Tanzanite	坦桑石	auto
material	Tapazite	磷酸钙	auto
material	Tar	焦油	auto
material	TarPitch	焦油沥青	auto
material	Tartarite	溶火之石	auto
material	Tea	茶	auto
material	Teak	柚树	auto
material	Technetium	锝	auto
material	Teflon	聚四氟乙烯	auto
material	Tellurium	碲	auto
material	Templerock	圣殿岩	auto
material	Tennantite	砷黝铜矿	auto
material	Tennessine	石田(Unicode 未收录字)	auto
material	Terbium	铽	auto
material	Terrasteel	泰拉钢	auto
material	TerrasteelAlloyRaw	粗制泰拉钢合金	auto
material	TerrasteelAlloyStrengthened	强化泰拉钢合金	auto
material	TeslatineAlloy	特斯拉合金	auto
material	Teslatite	特斯拉金属	auto
material	Tetrachorosilane	四氯化硅	auto
material	Tetrafluoroethylene	四氟乙烯	auto
material	Tetrahedrite	黝铜	auto
material	Th232	Th232	review
material	Thallium	铊	auto
material	Thaumium	神秘锭	auto
material	Thermite	Thermite	review
material	Thorium	钍	auto
material	Thorium232	钍-232	auto
material	Thorntree	荆棘树	auto
material	Thulium	铥	auto
material	Thyrium	Thyrium	review
material	TigerEye	虎眼石	auto
material	TigerIron	虎铁石	auto
material	Tin	锡	auto
material	TinAlloy	锡合金	auto
material	Titan	土卫六	auto
material	TitanRock	土卫六	auto
material	TitaniaRock	天卫三	auto
material	TitanicSulfate	硫酸钛	auto
material	Titanium	钛	auto
material	TitaniumAcylate	酰化钛	auto
material	TitaniumAluminide	钛铝合金	auto
material	TitaniumGold	钛金	auto
material	TitaniumIridium	钛铱合金	auto
material	TitaniumIron	钛铁合金	auto
material	TitaniumTetrachloride	四氯化钛	auto
material	Tofu	豆腐	auto
material	Toluene	甲苯	auto
material	Topaz	黄玉	auto
material	Tourmaline	碧玺	auto
material	Towerwood	塔木	auto
material	Tribibium	322号元素(Tbb)	auto
material	Tribiennium	329号元素(Tbe)	auto
material	Tribihexium	326号元素(Tbh)	auto
material	Tribinilium	320号元素(Tbn)	auto
material	Tribioctium	328号元素(Tbo)	auto
material	Tribipentium	325号元素(Tbp)	auto
material	Tribiquadium	324号元素(Tbq)	auto
material	Tribiseptium	327号元素(Tbs)	auto
material	Tribitrium	323号元素(Tbt)	auto
material	Tribiunium	321号元素(Tbu)	auto
material	TributylPhosphate	磷酸三丁酯	auto
material	Triennbium	392号元素(Teb)	auto
material	Triennennium	399号元素(Tee)	auto
material	Triennhexium	396号元素(Teh)	auto
material	Triennnilium	390号元素(Ten)	auto
material	Triennoctium	398号元素(Teo)	auto
material	Triennpentium	395号元素(Tep)	auto
material	Triennquadium	394号元素(Teq)	auto
material	Triennseptium	397号元素(Tes)	auto
material	Trienntrium	393号元素(Tet)	auto
material	Triennunium	391号元素(Teu)	auto
material	TriethylAluminium	三乙基铝	auto
material	Trihexbium	362号元素(Thb)	auto
material	Trihexennium	369号元素(The)	auto
material	Trihexhexium	366号元素(Thh)	auto
material	Trihexnilium	360号元素(Thn)	auto
material	Trihexoctium	368号元素(Tho)	auto
material	Trihexpentium	365号元素(Thp)	auto
material	Trihexquadium	364号元素(Thq)	auto
material	Trihexseptium	367号元素(Ths)	auto
material	Trihextrium	363号元素(Tht)	auto
material	Trihexunium	361号元素(Thu)	auto
material	Trimethylamine	三甲胺	auto
material	Trinaquadalloy	特林-硅岩-钍瑞铌合金	hand
material	Trinilbium	302号元素(Tnb)	auto
material	Trinilennium	309号元素(Tne)	auto
material	Trinilhexium	306号元素(Tnh)	auto
material	Trinilnilium	300号元素(Tnn)	auto
material	Triniloctium	308号元素(Tno)	auto
material	Trinilpentium	305号元素(Tnp)	auto
material	Trinilquadium	304号元素(Tnq)	auto
material	Trinilseptium	307号元素(Tns)	auto
material	Triniltrium	303号元素(Tnt)	auto
material	Trinilunium	301号元素(Tnu)	auto
material	Trinitanium	特林钛合金	auto
material	Trinium	特林金属	auto
material	Trioctbium	382号元素(Tob)	auto
material	Trioctennium	389号元素(Toe)	auto
material	Triocthexium	386号元素(Toh)	auto
material	Trioctnilium	380号元素(Ton)	auto
material	Trioctoctium	388号元素(Too)	auto
material	Trioctpentium	385号元素(Top)	auto
material	Trioctquadium	384号元素(Toq)	auto
material	Trioctseptium	387号元素(Tos)	auto
material	Triocttrium	383号元素(Tot)	auto
material	Trioctunium	381号元素(Tou)	auto
material	Tripentbium	352号元素(Tpb)	auto
material	Tripentennium	359号元素(Tpe)	auto
material	Tripenthexium	356号元素(Tph)	auto
material	Tripentnilium	350号元素(Tpn)	auto
material	Tripentoctium	358号元素(Tpo)	auto
material	Tripentpentium	355号元素(Tpp)	auto
material	Tripentquadium	354号元素(Tpq)	auto
material	Tripentseptium	357号元素(Tps)	auto
material	Tripenttrium	353号元素(Tpt)	auto
material	Tripentunium	351号元素(Tpu)	auto
material	Triquadbium	342号元素(Tqb)	auto
material	Triquadennium	349号元素(Tqe)	auto
material	Triquadhexium	346号元素(Tqh)	auto
material	Triquadnilium	340号元素(Tqn)	auto
material	Triquadoctium	348号元素(Tqo)	auto
material	Triquadpentium	345号元素(Tqp)	auto
material	Triquadquadium	344号元素(Tqq)	auto
material	Triquadseptium	347号元素(Tqs)	auto
material	Triquadtrium	343号元素(Tqt)	auto
material	Triquadunium	341号元素(Tqu)	auto
material	Triseptbium	372号元素(Tsb)	auto
material	Triseptennium	379号元素(Tse)	auto
material	Trisepthexium	376号元素(Tsh)	auto
material	Triseptnilium	370号元素(Tsn)	auto
material	Triseptoctium	378号元素(Tso)	auto
material	Triseptpentium	375号元素(Tsp)	auto
material	Triseptquadium	374号元素(Tsq)	auto
material	Triseptseptium	377号元素(Tss)	auto
material	Trisepttrium	373号元素(Tst)	auto
material	Triseptunium	371号元素(Tsu)	auto
material	Tritanium	三钛合金	hand
material	TritaniumDioxide	二氧化三钛	auto
material	TritaniumElemental	三钛	auto
material	TritaniumHexaastatide	六砹化三钛	auto
material	TritaniumHexabromide	六溴化三钛	auto
material	TritaniumHexachloride	六氯化三钛	auto
material	TritaniumHexafluoride	六氟化三钛	auto
material	TritaniumHexaiodide	六碘化三钛	auto
material	TritiatedWater	超重水	auto
material	Tritium	氚	auto
material	TritonRock	海卫一	auto
material	Tritribium	332号元素(Ttb)	auto
material	Tritriennium	339号元素(Tte)	auto
material	Tritrihexium	336号元素(Tth)	auto
material	Tritrinilium	330号元素(Ttn)	auto
material	Tritrioctium	338号元素(Tto)	auto
material	Tritripentium	335号元素(Ttp)	auto
material	Tritriquadium	334号元素(Ttq)	auto
material	Tritriseptium	337号元素(Tts)	auto
material	Tritritrium	333号元素(Ttt)	auto
material	Tritriunium	331号元素(Ttu)	auto
material	Triunbium	312号元素(Tub)	auto
material	Triunennium	319号元素(Tue)	auto
material	Triunhexium	316号元素(Tuh)	auto
material	Triunnilium	310号元素(Tun)	auto
material	Triunoctium	318号元素(Tuo)	auto
material	Triunpentium	315号元素(Tup)	auto
material	Triunquadium	314号元素(Tuq)	auto
material	Triunseptium	317号元素(Tus)	auto
material	Triuntrium	313号元素(Tut)	auto
material	Triununium	311号元素(Tuu)	auto
material	Trona	天然碱	auto
material	Tumbaga	Tumbaga	review
material	Tungstate	钨酸盐	auto
material	Tungsten	钨	auto
material	TungstenCarbide	碳化钨	auto
material	TungstenOxide	氧化钨	auto
material	TungstenSintered	烧结钨	hand
material	TungstenSteel	钨钢	auto
material	TungstenTrioxide	三氧化钨	auto
material	Tungstensteel	钨钢	auto
material	TungsticAcid	钨酸	auto
material	Turquoise	绿松石	auto
material	U233	U233	review
material	U235	U235	review
material	U238	U238	review
material	UUAmplifier	UU增殖液	auto
material	UUMatter	UU物质	auto
material	Ultimate	极限	auto
material	Ultimet	钴铬钨合金	hand
material	Umber	棕石	auto
material	Unbibium	122号元素(Ubb)	auto
material	Unbiennium	129号元素(Ube)	auto
material	Unbihexium	126号元素(Ubx)	auto
material	Unbinilium	120号元素(Ubn)	auto
material	Unbioctium	128号元素(Ubo)	auto
material	Unbipentium	125号元素(Ubp)	auto
material	Unbiquadium	124号元素(Ubq)	auto
material	Unbiseptium	127号元素(Ubs)	auto
material	Unbitrium	123号元素(Ubt)	auto
material	Unbiunium	121号元素(Ubu)	auto
material	Unennbium	192号元素(Ueb)	auto
material	Unennennium	199号元素(Uee)	auto
material	Unennhexium	196号元素(Ueh)	auto
material	Unennnilium	190号元素(Uen)	auto
material	Unennoctium	198号元素(Ueo)	auto
material	Unennpentium	195号元素(Uep)	auto
material	Unennquadium	194号元素(Ueq)	auto
material	Unennseptium	197号元素(Ues)	auto
material	Unenntrium	193号元素(Uet)	auto
material	Unennunium	191号元素(Ueu)	auto
material	Unhexbium	162号元素(Uhb)	auto
material	Unhexennium	169号元素(Uhe)	auto
material	Unhexhexium	166号元素(Uhh)	auto
material	Unhexnilium	160号元素(Uhn)	auto
material	Unhexoctium	168号元素(Uho)	auto
material	Unhexpentium	165号元素(Uhp)	auto
material	Unhexquadium	164号元素(Uhq)	auto
material	Unhexseptium	167号元素(Uhs)	auto
material	Unhextrium	163号元素(Uht)	auto
material	Unhexunium	161号元素(Uhu)	auto
material	Unknown	未知	auto
material	Unobtainium	难得素	auto
material	Unoctbium	182号元素(Uob)	auto
material	Unoctennium	189号元素(Uoe)	auto
material	Unocthexium	186号元素(Uoh)	auto
material	Unoctnilium	180号元素(Uon)	auto
material	Unoctoctium	188号元素(Uoo)	auto
material	Unoctpentium	185号元素(Uop)	auto
material	Unoctquadium	184号元素(Uoq)	auto
material	Unoctseptium	187号元素(Uos)	auto
material	Unocttrium	183号元素(Uot)	auto
material	Unoctunium	181号元素(Uou)	auto
material	Unpentbium	152号元素(Upb)	auto
material	Unpentennium	159号元素(Upe)	auto
material	Unpenthexium	156号元素(Uph)	auto
material	Unpentnilium	150号元素(Upn)	auto
material	Unpentoctium	158号元素(Upo)	auto
material	Unpentpentium	155号元素(Upp)	auto
material	Unpentquadium	154号元素(Upq)	auto
material	Unpentseptium	157号元素(Ups)	auto
material	Unpenttrium	153号元素(Upt)	auto
material	Unpentunium	151号元素(Upu)	auto
material	Unquadbium	142号元素(Uqb)	auto
material	Unquadennium	149号元素(Uqe)	auto
material	Unquadhexium	146号元素(Uqh)	auto
material	Unquadnilium	140号元素(Uqn)	auto
material	Unquadoctium	148号元素(Uqo)	auto
material	Unquadpentium	145号元素(Uqp)	auto
material	Unquadquadium	144号元素(Uqq)	auto
material	Unquadseptium	147号元素(Uqs)	auto
material	Unquadtrium	143号元素(Uqt)	auto
material	Unquadunium	141号元素(Uqu)	auto
material	Unseptbium	172号元素(Usb)	auto
material	Unseptennium	179号元素(Use)	auto
material	Unsepthexium	176号元素(Ush)	auto
material	Unseptnilium	170号元素(Usn)	auto
material	Unseptoctium	178号元素(Uso)	auto
material	Unseptpentium	175号元素(Usp)	auto
material	Unseptquadium	174号元素(Usq)	auto
material	Unseptseptium	177号元素(Uss)	auto
material	Unsepttrium	173号元素(Ust)	auto
material	Unseptunium	171号元素(Usu)	auto
material	Unstable	不稳定金属	auto
material	Unstableingot	不稳定锭	auto
material	Untribium	132号元素(Utb)	auto
material	Untriennium	139号元素(Ute)	auto
material	Untrihexium	136号元素(Uth)	auto
material	Untrinilium	130号元素(Utn)	auto
material	Untrioctium	138号元素(Uto)	auto
material	Untripentium	135号元素(Utp)	auto
material	Untriquadium	134号元素(Utq)	auto
material	Untriseptium	137号元素(Uts)	auto
material	Untritrium	133号元素(Utt)	auto
material	Untriunium	131号元素(Utu)	auto
material	Ununennium	119号元素(Uue)	auto
material	Uran	乌兰	auto
material	Uraninite	晶质铀	auto
material	UraniniteCinder	晶质铀浸渣	auto
material	Uranium	铀	auto
material	Uranium233	铀-233	auto
material	Uranium235	铀-235	auto
material	Uranium235Hexafluoride	六氟化铀-235	auto
material	Uranium235Tetrafluoride	四氟化铀-235	auto
material	Uranium238	铀-238	auto
material	Uranium238Hexafluoride	六氟化铀-238	auto
material	Uranium238Tetrafluoride	四氟化铀-238	auto
material	UraniumEnriched	浓缩铀	auto
material	UraniumHexafluoride	六氟化铀	auto
material	UraniumNitrateHexahydrate	水合硝酸铀	auto
material	UraniumTetrafluoride	四氟化铀	auto
material	UranusRock	天王星	auto
material	UranylCarbonateSolution	碳酸铀酰络合离子溶液	auto
material	Uvarovite	钙铬榴石	auto
material	Valerite	Valerite	review
material	Valonite	瓦罗奈特	hand
material	Vanadium	钒	auto
material	VanadiumGallium	钒镓合金	auto
material	VanadiumMagnetite	钒磁铁矿	hand
material	VanadiumPentoxide	五氧化二钒	auto
material	VanadiumSteel	钒钢	auto
material	Vanilla	香草	auto
material	VenusRock	金星	auto
material	Vermiculite	蛭石	auto
material	Verticium	韦德赛	auto
material	Vibramantium	艾德曼振金	auto
material	Vibranium	振金	auto
material	VibraniumSilver	银振金合金	auto
material	VibraniumSteel	振金钢	auto
material	Vibrant	Vibrant	review
material	VibrantAlloy	脉冲合金	hand
material	Vile	邪恶	auto
material	Vinteum	温特姆	auto
material	VinteumPurified	纯净温特姆	auto
material	VinylAcetate	乙酸乙烯酯	auto
material	VinylChloride	氯乙烯	auto
material	VinylbenzylChloride	对氯甲基苯乙烯	auto
material	Vis	魔力	auto
material	VitriolOfClay	硫酸铝	auto
material	VividAlloy	生动合金	hand
material	Void	煤晶	auto
material	VoidCrystal	虚空	hand
material	VoidMetal	虚空金属	auto
material	VoidQuartz	虚空石英	auto
material	Voidstone	虚空石	auto
material	VolcanicAsh	火山灰	auto
material	VolcanicAshes	火山灰	auto
material	Vulcanite	熔岩结晶	auto
material	Vyroxeres	幽冥剧毒结晶	auto
material	Walnutwood	核桃木	auto
material	Warpedwood	诡异木	auto
material	Water	水	auto
material	WaterDirty	污水	auto
material	WaterDistilled	蒸馏水	auto
material	Wax	蜡	auto
material	WaxAmnesic	遗忘蜜蜡	auto
material	WaxBee	蜂蜡	auto
material	WaxMagic	魔力蜂蜡	auto
material	WaxParaffin	石蜡	auto
material	WaxPlant	植物蜡	auto
material	WaxRefractory	耐高温蜡	auto
material	WaxSoulful	灵魂蜜蜡	auto
material	Weedwood	杂草木	auto
material	Weidanium	韦丹	auto
material	Wenge	崖豆木	auto
material	WhaleOil	鲸油	auto
material	Wheat	小麦	auto
material	White	白色	auto
material	WhiteCY11	白色试剂Y-11	auto
material	WhiteCedar	北美香柏木	auto
material	WhiteElm	榆树	auto
material	WhiteEndSand	白色末地沙	auto
material	WhiteFluorite	白色氟石	auto
material	WhitePhosphorus	白磷	auto
material	WhiteVitriol	硫酸锌	auto
material	Whitebeam	白面子树	auto
material	Wildwood	原始森林	auto
material	Willow	柳树	auto
material	Wimalite	Wimalite	review
material	Witchwood	巫魂木	auto
material	Witheria	Witheria	review
material	Wolfram	钨	auto
material	WolframCarbide	碳化钨	auto
material	WolframSteel	钨钢	auto
material	Wolframite	钨锰铁	auto
material	Wolframium	耐蚀含钨铝合金	auto
material	Wolframsteel	钨钢	auto
material	Wollastonite	硅灰石	auto
material	Wood	木	auto
material	WoodBleached	漂白木	hand
material	WoodCompressed	压缩木	auto
material	WoodDead	枯木	auto
material	WoodFrozen	冻木	auto
material	WoodMossy	苔痕木	auto
material	WoodPolished	抛光木	auto
material	WoodRotten	腐木	auto
material	WoodRubber	橡胶木	auto
material	WoodScorched	烧焦木	hand
material	WoodSealed	防腐木	auto
material	WoodTainted	腐化木	auto
material	WoodTreated	防腐木	auto
material	WoodVarnished	上漆木	hand
material	WorkersAlloy	工人合金	auto
material	WroughtIron	锻铁	auto
material	WrougtIron	熟铁	auto
material	Wulfenite	钼铅	auto
material	Wyvernwood	飞龙木	auto
material	Xenon	氙	auto
material	Yellorite	黄铀	auto
material	Yellorium	黄铀	auto
material	Yellow	黄色	auto
material	YellowAventurine	黄色东陵石	auto
material	YellowCY11	黄色试剂Y-11	auto
material	YellowDiamond	黄色钻石	auto
material	YellowFluorite	黄色氟石	auto
material	YellowJasper	黄色碧玉	auto
material	YellowLimonite	黄色褐铁	auto
material	YellowSapphire	黄色蓝宝石	auto
material	YellowTigerEye	YellowTigerEye	review
material	Yew	红豆杉	auto
material	Ytterbium	镱	auto
material	Yttrium	钇	auto
material	YttriumBariumCuprate	钇钡铜氧合金	auto
material	Zanite	紫晶	auto
material	Zebrawood	斑木	auto
material	Zectium	Zectium	review
material	Zeolite	沸石	auto
material	Zinc	锌	auto
material	ZincChloride	氯化锌	auto
material	ZincChromate	铬酸锌	auto
material	ZincOxide	氧化锌	auto
material	Zircon	锆石	auto
material	Zirconium	锆	auto
itemgroup	absolutelyPureDust	Absolutely Pure Dust	review
itemgroup	analyticalPureDust	Analytical Pure Dust	review
itemgroup	arrowGtPlastic	轻质箭	auto
itemgroup	arrowGtWood	常规箭	auto
itemgroup	billet	Billets	review
itemgroup	bladeLargeTurbine	LargeTurbines	review
itemgroup	blockDust	块状粉末	auto
itemgroup	blockGem	块状宝石	auto
itemgroup	blockIngot	块状锭	auto
itemgroup	blockPlate	块状板	auto
itemgroup	blockPlateGem	块状宝石板	auto
itemgroup	blockRaw	块状矿石	auto
itemgroup	blockSolid	铸造金属块	auto
itemgroup	bolt	螺栓	auto
itemgroup	bouleGt	人造宝石	auto
itemgroup	bulletGtLarge	大型子弹	auto
itemgroup	bulletGtMedium	中型子弹	auto
itemgroup	bulletGtSmall	小型子弹	auto
itemgroup	casingMachine	机械外壳	auto
itemgroup	casingMachineDense	致密机械外壳	auto
itemgroup	casingMachineDouble	坚固机械外壳	auto
itemgroup	casingMachineQuadruple	高强度机械外壳	auto
itemgroup	casingSmall	外壳	hand
itemgroup	chain	锁链	auto
itemgroup	chemtube	试管	hand
itemgroup	chunkGt	小块矿物	auto
itemgroup	commercialPureDust	Commercial Pure Dust	review
itemgroup	crateGt64Dust	板条箱: 粉末	auto
itemgroup	crateGt64Gem	板条箱: 宝石	auto
itemgroup	crateGt64Ingot	板条箱: 锭	auto
itemgroup	crateGt64Plate	板条箱: 板	auto
itemgroup	crateGt64PlateGem	板条箱: 宝石板	auto
itemgroup	crateGt64Raw	板条箱: 矿石	auto
itemgroup	crushed	粉碎矿石	auto
itemgroup	crushedCentrifuged	离心矿石	auto
itemgroup	crushedCentrifugedTiny	离心小撮矿石	auto
itemgroup	crushedPurified	纯净矿石	hand
itemgroup	crushedPurifiedTiny	纯净小撮矿石	hand
itemgroup	crushedTiny	粉碎小撮矿石	auto
itemgroup	dust	矿粉	auto
itemgroup	dustDiv72	1/72小撮粉末	hand
itemgroup	dustImpure	含杂粉末	auto
itemgroup	dustSmall	小堆粉末	auto
itemgroup	dustTiny	小撮粉末	auto
itemgroup	flywheel	Flywheels	review
itemgroup	foil	箔	auto
itemgroup	gearGt	齿轮	auto
itemgroup	gearGtSmall	小型齿轮	auto
itemgroup	gem	宝石	auto
itemgroup	gemChipped	碎裂的宝石	auto
itemgroup	gemExquisite	精美的宝石	auto
itemgroup	gemFlawed	有瑕疵的宝石	auto
itemgroup	gemFlawless	无瑕的宝石	auto
itemgroup	gemLegendary	传奇的宝石	auto
itemgroup	gt.multiitem.books	泛银河格雷科技出版社	auto
itemgroup	gt.multiitem.bottles	格雷牌饮料	auto
itemgroup	gt.multiitem.bumblebee	格雷科技: 大黄蜂	auto
itemgroup	gt.multiitem.cans	格雷科技: 罐头	auto
itemgroup	gt.multiitem.food	格雷食品店	auto
itemgroup	gt.multiitem.randomtools	格雷科技: 设备	auto
itemgroup	gt.multiitem.technological	格雷科技: 高科技产品	auto
itemgroup	gt.multitileentity.10001	加热器	auto
itemgroup	gt.multitileentity.10021	电动机	auto
itemgroup	gt.multitileentity.10031	磁化机	auto
itemgroup	gt.multitileentity.10041	变压器	auto
itemgroup	gt.multitileentity.10050	太阳能板	auto
itemgroup	gt.multitileentity.10060	远距传输	auto
itemgroup	gt.multitileentity.10071	镭射器	auto
itemgroup	gt.multitileentity.10081	电池盒	auto
itemgroup	gt.multitileentity.10111	发电机	auto
itemgroup	gt.multitileentity.10121	量子充能器	auto
itemgroup	gt.multitileentity.10131	晶体充能器	auto
itemgroup	gt.multitileentity.10151	激光接收器	auto
itemgroup	gt.multitileentity.10161	冷冻器	auto
itemgroup	gt.multitileentity.10180	魔法能量	auto
itemgroup	gt.multitileentity.1022	熔炼坩埚	auto
itemgroup	gt.multitileentity.1072	模具	auto
itemgroup	gt.multitileentity.1104	燃烧室	auto
itemgroup	gt.multitileentity.1204	蒸汽锅炉	auto
itemgroup	gt.multitileentity.1304	动能引擎	auto
itemgroup	gt.multitileentity.14013	电池	auto
itemgroup	gt.multitileentity.14700	便携电池	auto
itemgroup	gt.multitileentity.14999	ZPM	review
itemgroup	gt.multitileentity.15002	自动工具	auto
itemgroup	gt.multitileentity.1538	涡轮	auto
itemgroup	gt.multitileentity.16002	泵	auto
itemgroup	gt.multitileentity.17101	多方块结构	auto
itemgroup	gt.multitileentity.1722	坩埚浇铸口	auto
itemgroup	gt.multitileentity.17997	物流学	auto
itemgroup	gt.multitileentity.19000	程序设计与计算机科学	auto
itemgroup	gt.multitileentity.20001	基础机器	auto
itemgroup	gt.multitileentity.2010	保险箱	auto
itemgroup	gt.multitileentity.24819	轴和齿轮箱	auto
itemgroup	gt.multitileentity.24900	光纤	auto
itemgroup	gt.multitileentity.25202	物品管道	auto
itemgroup	gt.multitileentity.26142	流体管道	auto
itemgroup	gt.multitileentity.27050	红石线缆	auto
itemgroup	gt.multitileentity.28366	电缆	auto
itemgroup	gt.multitileentity.30000	过滤器	auto
itemgroup	gt.multitileentity.30256	分类器	auto
itemgroup	gt.multitileentity.31015	传感器	auto
itemgroup	gt.multitileentity.32011	绳子	auto
itemgroup	gt.multitileentity.32500	覆盖板	auto
itemgroup	gt.multitileentity.32700	硬币	auto
itemgroup	gt.multitileentity.32719	流体储存设备	auto
itemgroup	gt.multitileentity.32720	杂类工具方块	auto
itemgroup	gt.multitileentity.32745	箱子	auto
itemgroup	gt.multitileentity.32751	存储	auto
itemgroup	gt.multitileentity.32764	未分类	auto
itemgroup	gt.multitileentity.32765	建筑泡沫	auto
itemgroup	gt.multitileentity.32766	传送门	auto
itemgroup	gt.multitileentity.5010	合成站	auto
itemgroup	gt.multitileentity.8010	漏斗	auto
itemgroup	gt.multitileentity.8410	脚手架	auto
itemgroup	gt.multitileentity.9103	热交换器	auto
itemgroup	gt.multitileentity.9200	反应堆	auto
itemgroup	gtweaponsBulletSG	霰弹枪子弹	auto
itemgroup	gtweaponsMagazineHC	大号子弹弹匣	auto
itemgroup	gtweaponsMagazineLC	小号子弹弹匣	auto
itemgroup	gtweaponsMagazineMC	中号子弹弹匣	auto
itemgroup	gtww.multitiles.17101	多方块机器	auto
itemgroup	gtww.multitiles.32719	液体储存器	auto
itemgroup	ingot	锭	auto
itemgroup	ingotDouble	双重锭	hand
itemgroup	ingotQuadruple	四重锭	hand
itemgroup	ingotQuintuple	五重锭	hand
itemgroup	ingotTriple	三重锭	hand
itemgroup	ktfru.item.battery.pole	kTFRUAddon: 电池电极	auto
itemgroup	ktfru.item.chemistry	kTFRUAddon: 化学	auto
itemgroup	ktfru.item.compact	kTFRUAddon: 兼容物品	auto
itemgroup	ktfru.item.cover	kTFRUAddon: 覆盖板	auto
itemgroup	ktfru.item.device	kTFRUAddon: Devices	review
itemgroup	ktfru.item.it	kTFRUAddon: IT	review
itemgroup	ktfru.item.it.computer	kTFRUAddon: 计算机	auto
itemgroup	ktfru.item.particle	kTFRUAddon: 粒子	auto
itemgroup	ktfru.item.research	kTFRUAddon: Research	review
itemgroup	ktfru.item.research.0	kTFRUAddon: Tech Research	review
itemgroup	ktfru.multitileentity.1230	kTFRUAddon: 机器外壳	auto
itemgroup	ktfru.multitileentity.1304	ktfruaddon: Energy	review
itemgroup	ktfru.multitileentity.17200	kTFRUAddon: 多方块	auto
itemgroup	ktfru.multitileentity.20001	kTFRUAddon: 机器	auto
itemgroup	ktfru.multitileentity.25202	kTFRUAddon: 物品管道	auto
itemgroup	ktfru.multitileentity.26142	kTFRUAddon: 流体管道	auto
itemgroup	ktfru.multitileentity.9200	ktfruaddon: 能量	auto
itemgroup	ktfru.multitileentity.9201	kTFRUAddon: 储能设备	auto
itemgroup	lens	透镜	auto
itemgroup	link	链环	auto
itemgroup	minecartWheels	车轮	auto
itemgroup	nugget	粒	auto
itemgroup	oreRaw	粗矿石	hand
itemgroup	oreVanillastone	矿石	auto
itemgroup	plate	板	auto
itemgroup	plateCurved	弯曲板	auto
itemgroup	plateDense	致密板	auto
itemgroup	plateDouble	双重板	hand
itemgroup	plateGem	宝石板	auto
itemgroup	plateGemTiny	小块宝石板	auto
itemgroup	plateQuadruple	四重板	hand
itemgroup	plateQuintuple	五重板	hand
itemgroup	plateTiny	小块板	auto
itemgroup	plateTriple	三重板	hand
itemgroup	pu.item.it	Purification: IT	review
itemgroup	pu.mte.1304	ktfruaddon: Energy	review
itemgroup	pu.mte.17200	kTFRUAddon: Multiblock	review
itemgroup	qwertech.machines.-1	自然	auto
itemgroup	qwertech.machines.0	合成站	auto
itemgroup	railGt	单导轨	auto
itemgroup	ring	环	auto
itemgroup	rockGt	岩石	hand
itemgroup	rotor	转子	auto
itemgroup	round	垫片	auto
itemgroup	screw	螺丝钉	auto
itemgroup	shuriken	手里剑	auto
itemgroup	spring	弹簧	auto
itemgroup	springSmall	小型弹簧	auto
itemgroup	stick	杆	hand
itemgroup	stickLong	长杆	hand
itemgroup	toolHeadArrow	箭头	auto
itemgroup	toolHeadAxe	斧头	auto
itemgroup	toolHeadAxeDouble	双刃斧头	auto
itemgroup	toolHeadBuilderwand	建筑之杖帽	auto
itemgroup	toolHeadBuzzSaw	圆锯片	auto
itemgroup	toolHeadChainsaw	链锯头	auto
itemgroup	toolHeadChisel	凿子头	auto
itemgroup	toolHeadConstructionPickaxe	建筑镐头	auto
itemgroup	toolHeadDrill	钻头	auto
itemgroup	toolHeadFile	锉刀头	auto
itemgroup	toolHeadHammer	锤头	auto
itemgroup	toolHeadHoe	锄头	auto
itemgroup	toolHeadMace	狼牙棒槌头	auto
itemgroup	toolHeadMattock	鹤嘴锄头	auto
itemgroup	toolHeadPickaxe	镐头	auto
itemgroup	toolHeadPickaxeGem	镶尖镐头	hand
itemgroup	toolHeadPlow	犁头	auto
itemgroup	toolHeadRawArrow	箭头毛坯	auto
itemgroup	toolHeadRawAxe	斧头毛坯	auto
itemgroup	toolHeadRawAxeDouble	双刃斧头毛坯	auto
itemgroup	toolHeadRawChisel	凿子头毛坯	auto
itemgroup	toolHeadRawHoe	锄头毛坯	auto
itemgroup	toolHeadRawMace	狼牙棒槌头毛坯	auto
itemgroup	toolHeadRawMattock	鹤嘴锄头毛坯	auto
itemgroup	toolHeadRawPickaxe	镐头毛坯	auto
itemgroup	toolHeadRawPlow	犁头毛坯	auto
itemgroup	toolHeadRawSaw	锯片毛坯	auto
itemgroup	toolHeadRawSense	镰刀片毛坯	auto
itemgroup	toolHeadRawShovel	锹头毛坯	auto
itemgroup	toolHeadRawSpade	铲头毛坯	auto
itemgroup	toolHeadRawSword	剑身毛坯	auto
itemgroup	toolHeadRawUniversalSpade	万用铲头毛坯	auto
itemgroup	toolHeadSaw	锯片	auto
itemgroup	toolHeadScrewdriver	螺丝刀头	auto
itemgroup	toolHeadSense	镰刀刃	hand
itemgroup	toolHeadShovel	锹头	auto
itemgroup	toolHeadSpade	铲头	auto
itemgroup	toolHeadSword	剑身	auto
itemgroup	toolHeadUniversalSpade	万用铲头	hand
itemgroup	toolHeadWrench	扳手头	auto
itemgroup	turbineLargeGas	大型燃气涡轮	auto
itemgroup	turbineLargeGasChecked	已检测大型燃气涡轮	auto
itemgroup	turbineLargeGasDamaged	受损大型燃气涡轮	auto
itemgroup	turbineLargeSteam	大型蒸汽涡轮	auto
itemgroup	turbineLargeSteamChecked	已检测大型蒸汽涡轮	auto
itemgroup	turbineLargeSteamDamaged	受损大型蒸汽涡轮	auto
itemgroup	wireFine	细导线	hand
mte	0	铅箱子	auto
mte	1	铝箱子	auto
mte	10	钢箱子	auto
mte	1000	熔炼坩埚 (石头)	auto
mte	10001	电力加热器 (LV)	auto
mte	10002	电力加热器 (MV)	auto
mte	10003	电力加热器 (HV)	auto
mte	10004	电力加热器 (EV)	auto
mte	10005	电力加热器 (IV)	auto
mte	1001	熔炼坩埚 (玄武岩)	auto
mte	10011	电动引擎 (LV)	auto
mte	10012	电动引擎 (MV)	auto
mte	10013	电动引擎 (HV)	auto
mte	10014	电动引擎 (EV)	auto
mte	10015	电动引擎 (IV)	auto
mte	1002	熔炼坩埚 (黑色花岗岩)	auto
mte	10021	电动机 (LV)	auto
mte	10022	电动机 (MV)	auto
mte	10023	电动机 (HV)	auto
mte	10024	电动机 (EV)	auto
mte	10025	电动机 (IV)	auto
mte	1003	熔炼坩埚 (红色花岗岩)	auto
mte	10031	电磁铁 (LV)	auto
mte	10032	电磁铁 (MV)	auto
mte	10033	电磁铁 (HV)	auto
mte	10034	电磁铁 (EV)	auto
mte	10035	电磁铁 (IV)	auto
mte	1004	熔炼坩埚 (地狱砖)	auto
mte	10040	变压器 (ULV-LV)	auto
mte	10041	变压器 (LV-MV)	auto
mte	10042	变压器 (MV-HV)	auto
mte	10043	变压器 (HV-EV)	auto
mte	10044	变压器 (EV-IV)	auto
mte	10045	变压器 (IV-LuV)	auto
mte	10046	变压器 (LuV-ZPM)	auto
mte	10047	变压器 (ZPM-UV)	auto
mte	10048	变压器 (UV-PUV1)	auto
mte	1005	熔炼坩埚 (陶瓷)	auto
mte	10050	太阳能电池板	auto
mte	10051	太阳能电池板 (锗)	auto
mte	1006	熔炼坩埚 (棕石)	auto
mte	10060	远距传输用物品管道	auto
mte	10061	远距传输用流体管道	auto
mte	10064	远距离变压器终端 (EV)	auto
mte	10065	远距离变压器终端 (IV)	auto
mte	10066	远距离变压器终端 (LuV)	auto
mte	10067	远距离变压器终端 (ZPM)	auto
mte	10068	远距离变压器终端 (UV)	auto
mte	1007	熔炼坩埚 (活石)	auto
mte	10071	BC镭射器 (LV)	auto
mte	10072	BC镭射器 (MV)	auto
mte	10073	BC镭射器 (HV)	auto
mte	10074	BC镭射器 (EV)	auto
mte	10075	BC镭射器 (IV)	auto
mte	1008	熔炼坩埚 (圣石)	auto
mte	10080	电池盒 (ULV)	auto
mte	10081	电池盒 (LV)	auto
mte	10082	电池盒 (MV)	auto
mte	10083	电池盒 (HV)	auto
mte	10084	电池盒 (EV)	auto
mte	10085	电池盒 (IV)	auto
mte	10086	电池盒 (LuV)	auto
mte	10087	电池盒 (ZPM)	auto
mte	10088	电池盒 (UV)	auto
mte	10089	电池盒 (PUV1)	auto
mte	1009	熔炼坩埚 (交错石)	auto
mte	10090	大型电池盒 (ULV)	auto
mte	10091	大型电池盒 (LV)	auto
mte	10092	大型电池盒 (MV)	auto
mte	10093	大型电池盒 (HV)	auto
mte	10094	大型电池盒 (EV)	auto
mte	10095	大型电池盒 (IV)	auto
mte	10096	大型电池盒 (LuV)	auto
mte	10097	大型电池盒 (ZPM)	auto
mte	10098	大型电池盒 (UV)	auto
mte	10099	大型电池盒 (PUV1)	auto
mte	10101	CO2激光器 (LV)	auto
mte	10102	CO2激光器 (MV)	auto
mte	10103	CO2激光器 (HV)	auto
mte	10104	CO2激光器 (EV)	auto
mte	10105	CO2激光器 (IV)	auto
mte	10111	发电机 (LV)	auto
mte	10112	发电机 (MV)	auto
mte	10113	发电机 (HV)	auto
mte	10114	发电机 (EV)	auto
mte	10115	发电机 (IV)	auto
mte	10121	量子充能器 (T1)	auto
mte	10122	量子充能器 (T2)	auto
mte	10123	量子充能器 (T3)	auto
mte	10124	量子充能器 (T4)	auto
mte	10125	量子充能器 (T5)	auto
mte	10130	晶体充能器 (T0)	auto
mte	10131	晶体充能器 (T1)	auto
mte	10132	晶体充能器 (T2)	auto
mte	10133	晶体充能器 (T3)	auto
mte	10134	晶体充能器 (T4)	auto
mte	10135	晶体充能器 (T5)	auto
mte	10136	晶体充能器 (T6)	auto
mte	10137	晶体充能器 (T7)	auto
mte	10138	晶体充能器 (T8)	auto
mte	10139	晶体充能器 (T9)	auto
mte	10140	大型晶体充能器 (T0)	auto
mte	10141	大型晶体充能器 (T1)	auto
mte	10142	大型晶体充能器 (T2)	auto
mte	10143	大型晶体充能器 (T3)	auto
mte	10144	大型晶体充能器 (T4)	auto
mte	10145	大型晶体充能器 (T5)	auto
mte	10146	大型晶体充能器 (T6)	auto
mte	10147	大型晶体充能器 (T7)	auto
mte	10148	大型晶体充能器 (T8)	auto
mte	10149	大型晶体充能器 (T9)	auto
mte	10151	激光接收器 (LV)	auto
mte	10152	激光接收器 (MV)	auto
mte	10153	激光接收器 (HV)	auto
mte	10154	激光接收器 (EV)	auto
mte	10155	激光接收器 (IV)	auto
mte	10161	半导体制冷器 (LV)	auto
mte	10162	半导体制冷器 (MV)	auto
mte	10163	半导体制冷器 (HV)	auto
mte	10164	半导体制冷器 (EV)	auto
mte	10165	半导体制冷器 (IV)	auto
mte	1018	熔炼坩埚 (石英)	auto
mte	10180	魔法力场吸收器	auto
mte	1019	熔炼坩埚 (碳)	auto
mte	1020	熔炼坩埚 (青铜)	auto
mte	1021	熔炼坩埚 (殷钢)	auto
mte	1022	熔炼坩埚 (钢)	auto
mte	1023	熔炼坩埚 (钛)	auto
mte	1024	熔炼坩埚 (钨)	auto
mte	1025	熔炼坩埚 (不锈钢)	auto
mte	1026	熔炼坩埚 (玄铁)	auto
mte	1027	熔炼坩埚 (骑士金属)	auto
mte	1028	熔炼坩埚 (炙热钢)	auto
mte	1029	熔炼坩埚 (神秘锭)	auto
mte	1030	熔炼坩埚 (虚空金属)	auto
mte	1031	熔炼坩埚 (陨铁)	auto
mte	1032	熔炼坩埚 (陨钢)	auto
mte	1033	熔炼坩埚 (铬)	auto
mte	1034	熔炼坩埚 (钼)	auto
mte	1035	熔炼坩埚 (铌)	auto
mte	1036	熔炼坩埚 (钽)	auto
mte	1037	熔炼坩埚 (锇)	auto
mte	1038	熔炼坩埚 (钒)	auto
mte	1039	熔炼坩埚 (铱)	auto
mte	1040	熔炼坩埚 (铌钛合金)	auto
mte	1041	熔炼坩埚 (HSLA钢)	auto
mte	1042	熔炼坩埚 (炽炎铁)	auto
mte	1043	熔炼坩埚 (碳化钽铪)	auto
mte	1044	熔炼坩埚 (下界合金)	auto
mte	1048	熔炼坩埚 (基岩合金)	auto
mte	1049	熔炼坩埚 (艾德曼合金)	auto
mte	1050	模具 (石头)	auto
mte	1051	模具 (玄武岩)	auto
mte	1052	模具 (黑色花岗岩)	auto
mte	1053	模具 (红色花岗岩)	auto
mte	1054	模具 (地狱砖)	auto
mte	1055	模具 (陶瓷)	auto
mte	1056	模具 (棕石)	auto
mte	1057	模具 (活石)	auto
mte	1058	模具 (圣石)	auto
mte	1059	模具 (交错石)	auto
mte	1068	模具 (石英)	auto
mte	1069	模具 (碳)	auto
mte	1070	模具 (青铜)	auto
mte	1071	模具 (殷钢)	auto
mte	1072	模具 (钢)	auto
mte	1073	模具 (钛)	auto
mte	1074	模具 (钨)	auto
mte	1075	模具 (不锈钢)	auto
mte	1076	模具 (玄铁)	auto
mte	1077	模具 (骑士金属)	auto
mte	1078	模具 (炙热钢)	auto
mte	1079	模具 (神秘锭)	auto
mte	1080	模具 (虚空金属)	auto
mte	1081	模具 (陨铁)	auto
mte	1082	模具 (陨钢)	auto
mte	1083	模具 (铬)	auto
mte	1084	模具 (钼)	auto
mte	1085	模具 (铌)	auto
mte	1086	模具 (钽)	auto
mte	1087	模具 (锇)	auto
mte	1088	模具 (钒)	auto
mte	1089	模具 (铱)	auto
mte	1090	模具 (铌钛合金)	auto
mte	1091	模具 (HSLA钢)	auto
mte	1092	模具 (炽炎铁)	auto
mte	1093	模具 (碳化钽铪)	auto
mte	1094	模具 (下界合金)	auto
mte	1098	模具 (基岩合金)	auto
mte	1099	模具 (艾德曼合金)	auto
mte	11	不锈钢箱子	auto
mte	1100	燃烧室 (固体, 铅)	auto
mte	11001	红石通量加热器 (铅)	auto
mte	11002	红石通量加热器 (殷钢)	auto
mte	11003	红石通量加热器 (琥珀金)	auto
mte	11004	红石通量加热器 (末影粗胚)	auto
mte	11005	红石通量加热器 (末影)	auto
mte	1101	燃烧室 (固体, 铋)	auto
mte	11011	红石通量引擎 (铅)	auto
mte	11012	红石通量引擎 (殷钢)	auto
mte	11013	红石通量引擎 (琥珀金)	auto
mte	11014	红石通量引擎 (末影粗胚)	auto
mte	11015	红石通量引擎 (末影)	auto
mte	1102	燃烧室 (固体, 青铜)	auto
mte	11021	红石通量旋转动能引擎 (铅)	auto
mte	11022	红石通量旋转动能引擎 (殷钢)	auto
mte	11023	红石通量旋转动能引擎 (琥珀金)	auto
mte	11024	红石通量旋转动能引擎 (末影粗胚)	auto
mte	11025	红石通量旋转动能引擎 (末影)	auto
mte	1103	燃烧室 (固体, 殷钢)	auto
mte	11031	红石通量磁场产生器 (铅)	auto
mte	11032	红石通量磁场产生器 (殷钢)	auto
mte	11033	红石通量磁场产生器 (琥珀金)	auto
mte	11034	红石通量磁场产生器 (末影粗胚)	auto
mte	11035	红石通量磁场产生器 (末影)	auto
mte	1104	燃烧室 (固体, 钢)	auto
mte	1105	燃烧室 (固体, 铬)	auto
mte	1106	燃烧室 (固体, 钛)	auto
mte	1107	燃烧室 (固体, 钨)	auto
mte	1108	燃烧室 (固体, 钨钢)	auto
mte	1109	燃烧室 (固体, 碳化钽铪)	auto
mte	1110	燃烧室 (固体, 下界合金)	auto
mte	11101	红石通量镭射器 (铅)	auto
mte	11102	红石通量镭射器 (殷钢)	auto
mte	11103	红石通量镭射器 (琥珀金)	auto
mte	11104	红石通量镭射器 (末影粗胚)	auto
mte	11105	红石通量镭射器 (末影)	auto
mte	1111	燃烧室 (固体, 砷铜)	auto
mte	11111	红石通量发电机 (铅)	auto
mte	11112	红石通量发电机 (殷钢)	auto
mte	11113	红石通量发电机 (琥珀金)	auto
mte	11114	红石通量发电机 (末影粗胚)	auto
mte	11115	红石通量发电机 (末影)	auto
mte	1112	燃烧室 (固体, 砷青铜)	auto
mte	11161	红石通量半导体制冷器 (铅)	auto
mte	11162	红石通量半导体制冷器 (殷钢)	auto
mte	11163	红石通量半导体制冷器 (琥珀金)	auto
mte	11164	红石通量半导体制冷器 (末影粗胚)	auto
mte	11165	红石通量半导体制冷器 (末影)	auto
mte	11170	零点模块放能器 (量子能)	auto
mte	11171	零点模块放能器 (电能)	auto
mte	1150	致密燃烧室 (固体, 铅)	auto
mte	1151	致密燃烧室 (固体, 铋)	auto
mte	1152	致密燃烧室 (固体, 青铜)	auto
mte	1153	致密燃烧室 (固体, 殷钢)	auto
mte	1154	致密燃烧室 (固体, 钢)	auto
mte	1155	致密燃烧室 (固体, 铬)	auto
mte	1156	致密燃烧室 (固体, 钛)	auto
mte	1157	致密燃烧室 (固体, 钨)	auto
mte	1158	致密燃烧室 (固体, 钨钢)	auto
mte	1159	致密燃烧室 (固体, 碳化钽铪)	auto
mte	1160	致密燃烧室 (固体, 下界合金)	auto
mte	1161	致密燃烧室 (固体, 砷铜)	auto
mte	1162	致密燃烧室 (固体, 砷青铜)	auto
mte	1199	砖块燃烧室 (固体)	auto
mte	12	钛箱子	auto
mte	1200	蒸汽锅炉 (铅)	auto
mte	1201	蒸汽锅炉 (铋)	auto
mte	1202	蒸汽锅炉 (青铜)	auto
mte	1203	蒸汽锅炉 (殷钢)	auto
mte	1204	蒸汽锅炉 (钢)	auto
mte	1205	蒸汽锅炉 (铬)	auto
mte	1206	蒸汽锅炉 (钛)	auto
mte	1207	蒸汽锅炉 (钨)	auto
mte	1208	蒸汽锅炉 (钨钢)	auto
mte	1209	蒸汽锅炉 (下界合金)	auto
mte	1210	蒸汽锅炉 (砷铜)	auto
mte	1211	蒸汽锅炉 (砷青铜)	auto
mte	1212	Steam Boiler Tank (哈氏合金)	auto
mte	1250	强化蒸汽锅炉 (铅)	auto
mte	1251	强化蒸汽锅炉 (铋)	auto
mte	1252	强化蒸汽锅炉 (青铜)	auto
mte	1253	强化蒸汽锅炉 (殷钢)	auto
mte	1254	强化蒸汽锅炉 (钢)	auto
mte	1255	强化蒸汽锅炉 (铬)	auto
mte	1256	强化蒸汽锅炉 (钛)	auto
mte	1257	强化蒸汽锅炉 (钨)	auto
mte	1258	强化蒸汽锅炉 (钨钢)	auto
mte	1259	强化蒸汽锅炉 (下界合金)	auto
mte	1260	强化蒸汽锅炉 (砷铜)	auto
mte	1261	强化蒸汽锅炉 (砷青铜)	auto
mte	1262	Strong Steam Boiler Tank (哈氏合金)	auto
mte	13	铬箱子	auto
mte	1300	蒸汽引擎 (铅)	auto
mte	1301	蒸汽引擎 (锡合金)	auto
mte	1302	蒸汽引擎 (青铜)	auto
mte	1303	蒸汽引擎 (殷钢)	auto
mte	1304	蒸汽引擎 (钢)	auto
mte	1305	蒸汽引擎 (铬)	auto
mte	1306	蒸汽引擎 (钛)	auto
mte	1307	蒸汽引擎 (钨)	auto
mte	1308	蒸汽引擎 (钨钢)	auto
mte	1309	蒸汽引擎 (黄铜)	auto
mte	1310	蒸汽引擎 (铁木)	auto
mte	1311	蒸汽引擎 (炙热钢)	auto
mte	1312	蒸汽引擎 (砷铜)	auto
mte	1313	蒸汽引擎 (砷青铜)	auto
mte	1350	强化蒸汽引擎 (铅)	auto
mte	1351	强化蒸汽引擎 (锡合金)	auto
mte	1352	强化蒸汽引擎 (青铜)	auto
mte	1353	强化蒸汽引擎 (殷钢)	auto
mte	1354	强化蒸汽引擎 (钢)	auto
mte	1355	强化蒸汽引擎 (铬)	auto
mte	1356	强化蒸汽引擎 (钛)	auto
mte	1357	强化蒸汽引擎 (钨)	auto
mte	1358	强化蒸汽引擎 (钨钢)	auto
mte	1359	强化蒸汽引擎 (黄铜)	auto
mte	1360	强化蒸汽引擎 (铁木)	auto
mte	1361	强化蒸汽引擎 (炙热钢)	auto
mte	1362	强化蒸汽引擎 (砷铜)	auto
mte	1363	强化蒸汽引擎 (砷青铜)	auto
mte	14	钨钢箱子	auto
mte	14000	铅酸电池 (ULV)	auto
mte	14001	铅酸电池 (LV)	auto
mte	14002	铅酸电池 (MV)	auto
mte	14003	铅酸电池 (HV)	auto
mte	14004	铅酸电池 (EV)	auto
mte	14010	碱性电池 (ULV)	auto
mte	14011	碱性电池 (LV)	auto
mte	14012	碱性电池 (MV)	auto
mte	14013	碱性电池 (HV)	auto
mte	14014	碱性电池 (EV)	auto
mte	1402	燃烧室 (液体, 青铜)	auto
mte	14020	镍镉电池 (ULV)	auto
mte	14021	镍镉电池 (LV)	auto
mte	14022	镍镉电池 (MV)	auto
mte	14023	镍镉电池 (HV)	auto
mte	14024	镍镉电池 (EV)	auto
mte	1403	燃烧室 (液体, 殷钢)	auto
mte	14030	钴酸锂电池 (ULV)	auto
mte	14031	钴酸锂电池 (LV)	auto
mte	14032	钴酸锂电池 (MV)	auto
mte	14033	钴酸锂电池 (HV)	auto
mte	14034	钴酸锂电池 (EV)	auto
mte	1404	燃烧室 (液体, 钢)	auto
mte	14040	锂锰电池 (ULV)	auto
mte	14041	锂锰电池 (LV)	auto
mte	14042	锂锰电池 (MV)	auto
mte	14043	锂锰电池 (HV)	auto
mte	14044	锂锰电池 (EV)	auto
mte	1405	燃烧室 (液体, 铬)	auto
mte	1406	燃烧室 (液体, 钛)	auto
mte	1407	燃烧室 (液体, 钨)	auto
mte	1408	燃烧室 (液体, 钨钢)	auto
mte	1409	燃烧室 (液体, 碳化钽铪)	auto
mte	1410	燃烧室 (液体, 下界合金)	auto
mte	1411	燃烧室 (液体, 砷铜)	auto
mte	1412	燃烧室 (液体, 砷青铜)	auto
mte	14500	能量水晶 (T0)	auto
mte	14501	能量水晶 (T1)	auto
mte	14502	能量水晶 (T2)	auto
mte	14503	能量水晶 (T3)	auto
mte	14504	能量水晶 (T4)	auto
mte	14505	能量水晶 (T5)	auto
mte	14510	青能水晶 (T0)	auto
mte	14511	青能水晶 (T1)	auto
mte	14512	青能水晶 (T2)	auto
mte	14513	青能水晶 (T3)	auto
mte	14514	青能水晶 (T4)	auto
mte	14515	青能水晶 (T5)	auto
mte	1452	致密燃烧室 (液体, 青铜)	auto
mte	1453	致密燃烧室 (液体, 殷钢)	auto
mte	1454	致密燃烧室 (液体, 钢)	auto
mte	1455	致密燃烧室 (液体, 铬)	auto
mte	1456	致密燃烧室 (液体, 钛)	auto
mte	1457	致密燃烧室 (液体, 钨)	auto
mte	1458	致密燃烧室 (液体, 钨钢)	auto
mte	1459	致密燃烧室 (液体, 碳化钽铪)	auto
mte	1460	致密燃烧室 (液体, 下界合金)	auto
mte	14600	无中子聚变电池 (空)	auto
mte	14601	无中子聚变电池 (氦-3)	auto
mte	1461	致密燃烧室 (液体, 砷铜)	auto
mte	1462	致密燃烧室 (液体, 砷青铜)	auto
mte	14700	燃料电池 (空)	auto
mte	14701	燃料电池 (氢气)	auto
mte	14999	零点模块 (ZPM)	auto
mte	15	铱箱子	auto
mte	15001	自动锻造锤 (青铜)	auto
mte	15002	自动锻造锤 (钢)	auto
mte	15003	自动锻造锤 (钛)	auto
mte	15004	自动锻造锤 (钨钢)	auto
mte	15010	自动点火器 (ULV)	auto
mte	15011	自动点火器 (LV)	auto
mte	15012	自动点火器 (MV)	auto
mte	15013	自动点火器 (HV)	auto
mte	15014	自动点火器 (EV)	auto
mte	15015	自动点火器 (IV)	auto
mte	1512	蒸汽涡轮机 (青铜)	auto
mte	1515	蒸汽涡轮机 (黄铜)	auto
mte	1518	蒸汽涡轮机 (殷钢)	auto
mte	1522	蒸汽涡轮机 (钢)	auto
mte	1525	蒸汽涡轮机 (铬)	auto
mte	1527	蒸汽涡轮机 (铁木)	auto
mte	1528	蒸汽涡轮机 (钢叶)	auto
mte	1529	蒸汽涡轮机 (神秘锭)	auto
mte	1530	蒸汽涡轮机 (钛)	auto
mte	1531	蒸汽涡轮机 (炙热钢)	auto
mte	1535	蒸汽涡轮机 (铝)	auto
mte	1538	蒸汽涡轮机 (镁铝合金)	auto
mte	1540	蒸汽涡轮机 (虚空金属)	auto
mte	1545	蒸汽涡轮机 (特林钛合金)	auto
mte	1548	蒸汽涡轮机 (石墨烯)	auto
mte	16	铋箱子	auto
mte	16001	旋转泵 (青铜)	auto
mte	16002	旋转泵 (钢)	auto
mte	16003	旋转泵 (钛)	auto
mte	16004	旋转泵 (钨钢)	auto
mte	1602	燃烧室 (气体, 青铜)	auto
mte	1603	燃烧室 (气体, 殷钢)	auto
mte	1604	燃烧室 (气体, 钢)	auto
mte	1605	燃烧室 (气体, 铬)	auto
mte	1606	燃烧室 (气体, 钛)	auto
mte	1607	燃烧室 (气体, 钨)	auto
mte	1608	燃烧室 (气体, 钨钢)	auto
mte	1609	燃烧室 (气体, 碳化钽铪)	auto
mte	1610	燃烧室 (气体, 下界合金)	auto
mte	1611	燃烧室 (气体, 砷铜)	auto
mte	1612	燃烧室 (气体, 砷青铜)	auto
mte	1652	致密燃烧室 (气体, 青铜)	auto
mte	1653	致密燃烧室 (气体, 殷钢)	auto
mte	1654	致密燃烧室 (气体, 钢)	auto
mte	1655	致密燃烧室 (气体, 铬)	auto
mte	1656	致密燃烧室 (气体, 钛)	auto
mte	1657	致密燃烧室 (气体, 钨)	auto
mte	1658	致密燃烧室 (气体, 钨钢)	auto
mte	1659	致密燃烧室 (气体, 碳化钽铪)	auto
mte	1660	致密燃烧室 (气体, 下界合金)	auto
mte	1661	致密燃烧室 (气体, 砷铜)	auto
mte	1662	致密燃烧室 (气体, 砷青铜)	auto
mte	17	碳化钨箱子	auto
mte	1700	坩埚浇铸口 (石头)	auto
mte	17000	焦炉	auto
mte	17001	木制储罐主阀门	auto
mte	17002	小型不锈钢储罐主阀门	auto
mte	17003	小型钨钢储罐主阀门	auto
mte	17004	小型钨储罐主阀门	auto
mte	17005	小型艾德曼合金储罐主阀门	auto
mte	17006	小型钛储罐主阀门	auto
mte	17007	小型殷钢储罐主阀门	auto
mte	1701	坩埚浇铸口 (玄武岩)	auto
mte	1702	坩埚浇铸口 (黑色花岗岩)	auto
mte	17022	小型致密不锈钢储罐主阀门	auto
mte	17023	小型致密钨钢储罐主阀门	auto
mte	17024	小型致密钨储罐主阀门	auto
mte	17025	小型致密艾德曼合金储罐主阀门	auto
mte	17026	小型致密钛储罐主阀门	auto
mte	17027	小型致密殷钢储罐主阀门	auto
mte	1703	坩埚浇铸口 (红色花岗岩)	auto
mte	1704	坩埚浇铸口 (地狱砖)	auto
mte	17042	大型不锈钢储罐主阀门	auto
mte	17043	大型钨钢储罐主阀门	auto
mte	17044	大型钨储罐主阀门	auto
mte	17045	大型艾德曼合金储罐主阀门	auto
mte	17046	大型钛储罐主阀门	auto
mte	17047	大型殷钢储罐主阀门	auto
mte	1705	坩埚浇铸口 (陶瓷)	auto
mte	1706	坩埚浇铸口 (棕石)	auto
mte	17062	大型致密不锈钢储罐主阀门	auto
mte	17063	大型致密钨钢储罐主阀门	auto
mte	17064	大型致密钨储罐主阀门	auto
mte	17065	大型致密艾德曼合金储罐主阀门	auto
mte	17066	大型致密钛储罐主阀门	auto
mte	17067	大型致密殷钢储罐主阀门	auto
mte	1707	坩埚浇铸口 (活石)	auto
mte	1708	坩埚浇铸口 (圣石)	auto
mte	1709	坩埚浇铸口 (交错石)	auto
mte	17100	大型离心机核心	auto
mte	17101	蒸馏塔核心	auto
mte	17102	大型搅拌机	auto
mte	17103	大型电解器	auto
mte	17104	大型浸洗器	auto
mte	17105	大型凝结器	auto
mte	17106	大型电炉	auto
mte	17107	大型洗矿厂	auto
mte	17108	大型破碎机	auto
mte	17109	大型研磨机	auto
mte	17110	聚爆压缩机	auto
mte	17111	低温蒸馏塔	auto
mte	17112	大型高压釜	auto
mte	17113	大型发酵室	auto
mte	17114	大型榨汁机	auto
mte	1718	坩埚浇铸口 (石英)	auto
mte	1719	坩埚浇铸口 (碳)	auto
mte	17197	大型热交换器	auto
mte	17198	聚变反应堆	auto
mte	17199	大型物质制造器	auto
mte	1720	坩埚浇铸口 (青铜)	auto
mte	17201	不锈钢锅炉气压计核心	auto
mte	17202	钛锅炉气压计核心	auto
mte	17203	钨钢锅炉气压计核心	auto
mte	17204	艾德曼合金锅炉气压计核心	auto
mte	17205	殷钢锅炉气压计核心	auto
mte	1721	坩埚浇铸口 (殷钢)	auto
mte	17211	镁铝合金蒸汽涡轮机核心	auto
mte	17212	特林钛合金蒸汽涡轮机核心	auto
mte	17213	石墨烯蒸汽涡轮机核心	auto
mte	17214	艾德曼振金蒸汽涡轮机核心	auto
mte	1722	坩埚浇铸口 (钢)	auto
mte	17221	不锈钢发电机核心	auto
mte	17222	钛发电机核心	auto
mte	17223	钨钢发电机核心	auto
mte	17224	艾德曼合金发电机核心	auto
mte	1723	坩埚浇铸口 (钛)	auto
mte	17231	镁铝合金燃气涡轮机核心	auto
mte	17232	特林钛合金燃气涡轮机核心	auto
mte	17233	石墨烯燃气涡轮机核心	auto
mte	17234	艾德曼振金燃气涡轮机核心	auto
mte	1724	坩埚浇铸口 (钨)	auto
mte	17241	Non-explosive Stainless Steel Boiler Main Barometer	review
mte	17242	Non-explosive Titanium Boiler Main Barometer	review
mte	17243	Non-explosive Tungstensteel Boiler Main Barometer	review
mte	17244	Non-explosive Adamantium Boiler Main Barometer	review
mte	17245	Non-explosive Invar Boiler Main Barometer	review
mte	1725	坩埚浇铸口 (不锈钢)	auto
mte	1726	坩埚浇铸口 (玄铁)	auto
mte	1727	坩埚浇铸口 (骑士金属)	auto
mte	1728	坩埚浇铸口 (炙热钢)	auto
mte	1729	坩埚浇铸口 (神秘锭)	auto
mte	1730	坩埚浇铸口 (虚空金属)	auto
mte	17302	大型不锈钢坩埚	auto
mte	17303	大型钨钢坩埚	auto
mte	17304	大型钨坩埚	auto
mte	17305	大型艾德曼合金坩埚	auto
mte	17306	大型钛坩埚	auto
mte	17307	大型殷钢坩埚	auto
mte	17309	大型钢坩埚	auto
mte	1731	坩埚浇铸口 (陨铁)	auto
mte	17312	大型碳化钽铪坩埚	auto
mte	1732	坩埚浇铸口 (陨钢)	auto
mte	1733	坩埚浇铸口 (铬)	auto
mte	1734	坩埚浇铸口 (钼)	auto
mte	1735	坩埚浇铸口 (铌)	auto
mte	1736	坩埚浇铸口 (钽)	auto
mte	1737	坩埚浇铸口 (锇)	auto
mte	1738	坩埚浇铸口 (钒)	auto
mte	1739	坩埚浇铸口 (铱)	auto
mte	1740	坩埚浇铸口 (铌钛合金)	auto
mte	1741	坩埚浇铸口 (HSLA钢)	auto
mte	1742	坩埚浇铸口 (炽炎铁)	auto
mte	1743	坩埚浇铸口 (碳化钽铪)	auto
mte	1744	坩埚浇铸口 (下界合金)	auto
mte	1748	坩埚浇铸口 (基岩合金)	auto
mte	1749	坩埚浇铸口 (艾德曼合金)	auto
mte	1750	浇铸盆 (石头)	auto
mte	1751	浇铸盆 (玄武岩)	auto
mte	1752	浇铸盆 (黑色花岗岩)	auto
mte	1753	浇铸盆 (红色花岗岩)	auto
mte	1754	浇铸盆 (地狱砖)	auto
mte	1755	浇铸盆 (陶瓷)	auto
mte	1756	浇铸盆 (棕石)	auto
mte	1757	浇铸盆 (活石)	auto
mte	1758	浇铸盆 (圣石)	auto
mte	1759	浇铸盆 (交错石)	auto
mte	1768	浇铸盆 (石英)	auto
mte	1769	浇铸盆 (碳)	auto
mte	1770	浇铸盆 (青铜)	auto
mte	1771	浇铸盆 (殷钢)	auto
mte	1772	浇铸盆 (钢)	auto
mte	1773	浇铸盆 (钛)	auto
mte	1774	浇铸盆 (钨)	auto
mte	1775	浇铸盆 (不锈钢)	auto
mte	1776	浇铸盆 (玄铁)	auto
mte	1777	浇铸盆 (骑士金属)	auto
mte	1778	浇铸盆 (炙热钢)	auto
mte	1779	浇铸盆 (神秘锭)	auto
mte	1780	浇铸盆 (虚空金属)	auto
mte	1781	浇铸盆 (陨铁)	auto
mte	1782	浇铸盆 (陨钢)	auto
mte	1783	浇铸盆 (铬)	auto
mte	1784	浇铸盆 (钼)	auto
mte	1785	浇铸盆 (铌)	auto
mte	1786	浇铸盆 (钽)	auto
mte	1787	浇铸盆 (锇)	auto
mte	1788	浇铸盆 (钒)	auto
mte	1789	浇铸盆 (铱)	auto
mte	1790	浇铸盆 (铌钛合金)	auto
mte	1791	浇铸盆 (HSLA钢)	auto
mte	1792	浇铸盆 (炽炎铁)	auto
mte	1793	浇铸盆 (碳化钽铪)	auto
mte	1794	浇铸盆 (下界合金)	auto
mte	1798	浇铸盆 (基岩合金)	auto
mte	1799	浇铸盆 (艾德曼合金)	auto
mte	17997	物流核心	auto
mte	17998	避雷针电力输出口	auto
mte	17999	主基岩钻	auto
mte	18	HSLA钢箱子	auto
mte	18000	耐火砖	auto
mte	18001	木壁板	auto
mte	18002	不锈钢壁板	auto
mte	18003	钨钢壁板	auto
mte	18004	钨壁板	auto
mte	18005	艾德曼合金壁板	auto
mte	18006	钛壁板	auto
mte	18007	殷钢壁板	auto
mte	18008	镀锌钢壁板	auto
mte	18009	钢壁板	auto
mte	18010	青铜壁板	auto
mte	18011	铅壁板	auto
mte	18012	碳化钽铪壁板	auto
mte	18022	致密不锈钢壁板	auto
mte	18023	致密钨钢壁板	auto
mte	18024	致密钨壁板	auto
mte	18025	致密艾德曼合金壁板	auto
mte	18026	致密钛壁板	auto
mte	18027	致密殷钢壁板	auto
mte	18028	致密镀锌钢壁板	auto
mte	18029	致密钢壁板	auto
mte	18030	致密青铜壁板	auto
mte	18031	致密铅壁板	auto
mte	18032	致密碳化钽铪壁板	auto
mte	18040	大型铜线圈	auto
mte	18041	大型铌钛合金线圈	auto
mte	18042	大型镍铬合金线圈	auto
mte	18043	大型碳化硅线圈	auto
mte	18044	大型锇线圈	auto
mte	18045	大型铱线圈	auto
mte	18100	大型离心机部件	auto
mte	18101	热吸收装置	auto
mte	18102	蒸馏塔壁	auto
mte	18103	基岩钻头	auto
mte	18104	避雷针	auto
mte	18105	电解器部件	auto
mte	18106	洗矿厂部件	auto
mte	18107	破碎机辊轮	auto
mte	18108	研磨机刀片	auto
mte	18200	多功能四核处理器	auto
mte	18201	逻辑四核处理器	auto
mte	18202	控制四核处理器	auto
mte	18203	存储四核处理器	auto
mte	18204	转换四核处理器	auto
mte	18299	通风单元	auto
mte	1850	坩埚浇铸道 (石头)	auto
mte	1851	坩埚浇铸道 (玄武岩)	auto
mte	1852	坩埚浇铸道 (黑色花岗岩)	auto
mte	1853	坩埚浇铸道 (红色花岗岩)	auto
mte	1854	坩埚浇铸道 (地狱砖)	auto
mte	1855	坩埚浇铸道 (陶瓷)	auto
mte	1856	坩埚浇铸道 (棕石)	auto
mte	1857	坩埚浇铸道 (活石)	auto
mte	1858	坩埚浇铸道 (圣石)	auto
mte	1859	坩埚浇铸道 (交错石)	auto
mte	1868	坩埚浇铸道 (石英)	auto
mte	1869	坩埚浇铸道 (碳)	auto
mte	1870	坩埚浇铸道 (青铜)	auto
mte	1871	坩埚浇铸道 (殷钢)	auto
mte	1872	坩埚浇铸道 (钢)	auto
mte	1873	坩埚浇铸道 (钛)	auto
mte	1874	坩埚浇铸道 (钨)	auto
mte	1875	坩埚浇铸道 (不锈钢)	auto
mte	1876	坩埚浇铸道 (玄铁)	auto
mte	1877	坩埚浇铸道 (骑士金属)	auto
mte	1878	坩埚浇铸道 (炙热钢)	auto
mte	1879	坩埚浇铸道 (神秘锭)	auto
mte	1880	坩埚浇铸道 (虚空金属)	auto
mte	1881	坩埚浇铸道 (陨铁)	auto
mte	1882	坩埚浇铸道 (陨钢)	auto
mte	1883	坩埚浇铸道 (铬)	auto
mte	1884	坩埚浇铸道 (钼)	auto
mte	1885	坩埚浇铸道 (铌)	auto
mte	1886	坩埚浇铸道 (钽)	auto
mte	1887	坩埚浇铸道 (锇)	auto
mte	1888	坩埚浇铸道 (钒)	auto
mte	1889	坩埚浇铸道 (铱)	auto
mte	1890	坩埚浇铸道 (铌钛合金)	auto
mte	1891	坩埚浇铸道 (HSLA钢)	auto
mte	1892	坩埚浇铸道 (炽炎铁)	auto
mte	1893	坩埚浇铸道 (碳化钽铪)	auto
mte	1894	坩埚浇铸道 (下界合金)	auto
mte	1898	坩埚浇铸道 (基岩合金)	auto
mte	1899	坩埚浇铸道 (艾德曼合金)	auto
mte	19	镀锌钢箱子	auto
mte	19000	USB开关	auto
mte	19001	HDD开关	auto
mte	2	金箱子	auto
mte	20	镀金铁箱子	auto
mte	2000	铅个人机械保险箱	auto
mte	20001	熔炉 (钢)	auto
mte	20002	熔炉 (殷钢)	auto
mte	20003	熔炉 (钛)	auto
mte	20004	熔炉 (碳化钨)	auto
mte	2001	铝个人机械保险箱	auto
mte	20011	研磨机 (青铜)	auto
mte	20012	研磨机 (钢)	auto
mte	20013	研磨机 (钛)	auto
mte	20014	研磨机 (钨钢)	auto
mte	2002	金个人机械保险箱	auto
mte	20021	破碎机 (青铜)	auto
mte	20022	破碎机 (钢)	auto
mte	20023	破碎机 (钛)	auto
mte	20024	破碎机 (钨钢)	auto
mte	2003	银个人机械保险箱	auto
mte	2004	铂个人机械保险箱	auto
mte	20041	车床 (青铜)	auto
mte	20042	车床 (钢)	auto
mte	20043	车床 (钛)	auto
mte	20044	车床 (钨钢)	auto
mte	2005	锡合金个人机械保险箱	auto
mte	20051	筛选机 (青铜)	auto
mte	20052	筛选机 (钢)	auto
mte	20053	筛选机 (钛)	auto
mte	20054	筛选机 (钨钢)	auto
mte	2006	殷钢个人机械保险箱	auto
mte	20061	圆锯 (青铜)	auto
mte	20062	圆锯 (钢)	auto
mte	20063	圆锯 (钛)	auto
mte	20064	圆锯 (钨钢)	auto
mte	2007	琥珀金个人机械保险箱	auto
mte	20071	榨汁机 (青铜)	auto
mte	20072	榨汁机 (钢)	auto
mte	20073	榨汁机 (钛)	auto
mte	20074	榨汁机 (钨钢)	auto
mte	2008	黄铜个人机械保险箱	auto
mte	20081	离心机 (青铜)	auto
mte	20082	离心机 (钢)	auto
mte	20083	离心机 (钛)	auto
mte	20084	离心机 (钨钢)	auto
mte	2009	青铜个人机械保险箱	auto
mte	20091	电解器 (LV)	auto
mte	20092	电解器 (MV)	auto
mte	20093	电解器 (HV)	auto
mte	20094	电解器 (EV)	auto
mte	20095	电解器 (IV)	auto
mte	2010	钢个人机械保险箱	auto
mte	20101	压缩机 (青铜)	auto
mte	20102	压缩机 (钢)	auto
mte	20103	压缩机 (钛)	auto
mte	20104	压缩机 (钨钢)	auto
mte	2011	不锈钢个人机械保险箱	auto
mte	20111	辊压机 (青铜)	auto
mte	20112	辊压机 (钢)	auto
mte	20113	辊压机 (钛)	auto
mte	20114	辊压机 (钨钢)	auto
mte	2012	钛个人机械保险箱	auto
mte	20121	辊弯机 (青铜)	auto
mte	20122	辊弯机 (钢)	auto
mte	20123	辊弯机 (钛)	auto
mte	20124	辊弯机 (钨钢)	auto
mte	2013	铬个人机械保险箱	auto
mte	20131	辊压成型机 (青铜)	auto
mte	20132	辊压成型机 (钢)	auto
mte	20133	辊压成型机 (钛)	auto
mte	20134	辊压成型机 (钨钢)	auto
mte	2014	钨钢个人机械保险箱	auto
mte	20141	多辊式轧机 (青铜)	auto
mte	20142	多辊式轧机 (钢)	auto
mte	20143	多辊式轧机 (钛)	auto
mte	20144	多辊式轧机 (钨钢)	auto
mte	2015	铱个人机械保险箱	auto
mte	20151	线缆轧制机 (青铜)	auto
mte	20152	线缆轧制机 (钢)	auto
mte	20153	线缆轧制机 (钛)	auto
mte	20154	线缆轧制机 (钨钢)	auto
mte	2016	铋个人机械保险箱	auto
mte	20161	灌装机 (LV)	auto
mte	20162	灌装机 (MV)	auto
mte	20163	灌装机 (HV)	auto
mte	20164	灌装机 (EV)	auto
mte	20165	灌装机 (IV)	auto
mte	2017	碳化钨个人机械保险箱	auto
mte	20171	焙烧炉 (钢)	auto
mte	20172	焙烧炉 (殷钢)	auto
mte	20173	焙烧炉 (钛)	auto
mte	20174	焙烧炉 (碳化钨)	auto
mte	2018	HSLA钢个人机械保险箱	auto
mte	20181	搅拌机 (青铜)	auto
mte	20182	搅拌机 (钢)	auto
mte	20183	搅拌机 (钛)	auto
mte	20184	搅拌机 (钨钢)	auto
mte	2019	镀锌钢个人机械保险箱	auto
mte	20191	蒸馏室 (钢)	auto
mte	20192	蒸馏室 (殷钢)	auto
mte	20193	蒸馏室 (钛)	auto
mte	20194	蒸馏室 (碳化钨)	auto
mte	2020	镀金铁个人机械保险箱	auto
mte	20201	压模器 (钢)	auto
mte	20202	压模器 (殷钢)	auto
mte	20203	压模器 (钛)	auto
mte	20204	压模器 (碳化钨)	auto
mte	2021	钴个人机械保险箱	auto
mte	20211	织布机 (青铜)	auto
mte	20212	织布机 (钢)	auto
mte	20213	织布机 (钛)	auto
mte	20214	织布机 (钨钢)	auto
mte	2022	镍个人机械保险箱	auto
mte	20221	电磁偏振器 (镀锌钢)	auto
mte	20222	电磁偏振器 (铝)	auto
mte	20223	电磁偏振器 (不锈钢)	auto
mte	20224	电磁偏振器 (铬)	auto
mte	20225	电磁偏振器 (钛)	auto
mte	2023	锗个人机械保险箱	auto
mte	20231	压力成型机 (青铜)	auto
mte	20232	压力成型机 (钢)	auto
mte	20233	压力成型机 (钛)	auto
mte	20234	压力成型机 (钨钢)	auto
mte	2024	陨钢个人机械保险箱	auto
mte	20241	液化炉 (钢)	auto
mte	20242	液化炉 (殷钢)	auto
mte	20243	液化炉 (钛)	auto
mte	20244	液化炉 (碳化钨)	auto
mte	2025	骑士金属个人机械保险箱	auto
mte	20251	结晶器 (钢)	auto
mte	20252	结晶器 (殷钢)	auto
mte	20253	结晶器 (钛)	auto
mte	20254	结晶器 (碳化钨)	auto
mte	2026	钨个人机械保险箱	auto
mte	20261	流体灌装机 (LV)	auto
mte	20262	流体灌装机 (MV)	auto
mte	20263	流体灌装机 (HV)	auto
mte	20264	流体灌装机 (EV)	auto
mte	20265	流体灌装机 (IV)	auto
mte	2027	神秘锭个人机械保险箱	auto
mte	20271	打印机 (LV)	auto
mte	20272	打印机 (MV)	auto
mte	20273	打印机 (HV)	auto
mte	20274	打印机 (EV)	auto
mte	20275	打印机 (IV)	auto
mte	2028	虚空金属个人机械保险箱	auto
mte	20281	扫描仪 (LV)	auto
mte	20282	扫描仪 (MV)	auto
mte	20283	扫描仪 (HV)	auto
mte	20284	扫描仪 (EV)	auto
mte	20285	扫描仪 (IV)	auto
mte	2029	锇个人机械保险箱	auto
mte	20291	洗矿厂 (青铜)	auto
mte	20292	洗矿厂 (钢)	auto
mte	20293	洗矿厂 (钛)	auto
mte	20294	洗矿厂 (钨钢)	auto
mte	2030	戴斯个人机械保险箱	auto
mte	20301	磁选机 (镀锌钢)	auto
mte	20302	磁选机 (铝)	auto
mte	20303	磁选机 (不锈钢)	auto
mte	20304	磁选机 (铬)	auto
mte	20305	磁选机 (钛)	auto
mte	2031	钍瑞铌合金个人机械保险箱	auto
mte	20311	干燥器 (钢)	auto
mte	20312	干燥器 (殷钢)	auto
mte	20313	干燥器 (钛)	auto
mte	20314	干燥器 (碳化钨)	auto
mte	2032	钛金个人机械保险箱	auto
mte	20321	激光刻蚀机 (T1)	auto
mte	20322	激光刻蚀机 (T2)	auto
mte	20323	激光刻蚀机 (T3)	auto
mte	20324	激光刻蚀机 (T4)	auto
mte	20325	激光刻蚀机 (T5)	auto
mte	2033	艾德曼合金个人机械保险箱	auto
mte	20331	激光焊接器 (T1)	auto
mte	20332	激光焊接器 (T2)	auto
mte	20333	激光焊接器 (T3)	auto
mte	20334	激光焊接器 (T4)	auto
mte	20335	激光焊接器 (T5)	auto
mte	2034	基岩合金个人机械保险箱	auto
mte	20341	自动工作台 (LV)	auto
mte	20342	自动工作台 (MV)	auto
mte	20343	自动工作台 (HV)	auto
mte	20344	自动工作台 (EV)	auto
mte	20345	自动工作台 (IV)	auto
mte	2035	龙个人机械保险箱	auto
mte	20351	电动搅拌机 (LV)	auto
mte	20352	电动搅拌机 (MV)	auto
mte	20353	电动搅拌机 (HV)	auto
mte	20354	电动搅拌机 (EV)	auto
mte	20355	电动搅拌机 (IV)	auto
mte	2036	觉醒龙个人机械保险箱	auto
mte	20361	电力织布机 (LV)	auto
mte	20362	电力织布机 (MV)	auto
mte	20363	电力织布机 (HV)	auto
mte	20364	电力织布机 (EV)	auto
mte	20365	电力织布机 (IV)	auto
mte	2037	康铜个人机械保险箱	auto
mte	20371	电动筛矿机 (LV)	auto
mte	20372	电动筛矿机 (MV)	auto
mte	20373	电动筛矿机 (HV)	auto
mte	20374	电动筛矿机 (EV)	auto
mte	20375	电动筛矿机 (IV)	auto
mte	2038	阿迪特个人机械保险箱	auto
mte	20381	切片器 (LV)	auto
mte	20382	切片器 (MV)	auto
mte	20383	切片器 (HV)	auto
mte	20384	切片器 (EV)	auto
mte	20385	切片器 (IV)	auto
mte	2039	玛玉灵个人机械保险箱	auto
mte	20391	过胶机 (钢)	auto
mte	20392	过胶机 (殷钢)	auto
mte	20393	过胶机 (钛)	auto
mte	20394	过胶机 (碳化钨)	auto
mte	2040	魔力钢个人机械保险箱	auto
mte	2041	源质钢个人机械保险箱	auto
mte	20411	物质制造器 (T1)	auto
mte	20412	物质制造器 (T2)	auto
mte	20413	物质制造器 (T3)	auto
mte	20414	物质制造器 (T4)	auto
mte	20415	物质制造器 (T5)	auto
mte	2042	泰拉钢个人机械保险箱	auto
mte	20423	分子扫描仪 (T3)	auto
mte	2043	陨石个人机械保险箱	auto
mte	20431	物质复制器 (T1)	auto
mte	20432	物质复制器 (T2)	auto
mte	20433	物质复制器 (T3)	auto
mte	20434	物质复制器 (T4)	auto
mte	20435	物质复制器 (T5)	auto
mte	2044	赛摩铜个人机械保险箱	auto
mte	20441	纳米制造机 (LV)	auto
mte	20442	纳米制造机 (MV)	auto
mte	20443	纳米制造机 (HV)	auto
mte	20444	纳米制造机 (EV)	auto
mte	20445	纳米制造机 (IV)	auto
mte	2045	炽炎铁个人机械保险箱	auto
mte	2046	锰个人机械保险箱	auto
mte	2047	锑个人机械保险箱	auto
mte	2048	哈氏合金个人机械保险箱	auto
mte	20481	催化裂解器 (钢)	auto
mte	20482	催化裂解器 (殷钢)	auto
mte	20483	催化裂解器 (钛)	auto
mte	20484	催化裂解器 (碳化钨)	auto
mte	2049	钼个人机械保险箱	auto
mte	20491	蒸汽裂解器 (钢)	auto
mte	20492	蒸汽裂解器 (殷钢)	auto
mte	20493	蒸汽裂解器 (钛)	auto
mte	20494	蒸汽裂解器 (碳化钨)	auto
mte	2050	无尽个人机械保险箱	auto
mte	20501	闪电处理器 (LV)	auto
mte	20502	闪电处理器 (MV)	auto
mte	20503	闪电处理器 (HV)	auto
mte	20504	闪电处理器 (EV)	auto
mte	20505	闪电处理器 (IV)	auto
mte	2051	下界合金个人机械保险箱	auto
mte	20511	砂轮 (青铜)	auto
mte	20512	砂轮 (钢)	auto
mte	20513	砂轮 (钛)	auto
mte	20514	砂轮 (钨钢)	auto
mte	2052	钨合金个人机械保险箱	auto
mte	20521	燃烧反应室 (青铜)	auto
mte	20522	燃烧反应室 (钢)	auto
mte	20523	燃烧反应室 (钛)	auto
mte	20524	燃烧反应室 (钨钢)	auto
mte	2053	绿晶个人机械保险箱	auto
mte	20531	植物分析仪 (LV)	auto
mte	20532	植物分析仪 (MV)	auto
mte	20533	植物分析仪 (HV)	auto
mte	20534	植物分析仪 (EV)	auto
mte	20535	植物分析仪 (IV)	auto
mte	2054	流明个人机械保险箱	auto
mte	20541	膜翅目昆虫分析仪 (LV)	auto
mte	20542	膜翅目昆虫分析仪 (MV)	auto
mte	20543	膜翅目昆虫分析仪 (HV)	auto
mte	20544	膜翅目昆虫分析仪 (EV)	auto
mte	20545	膜翅目昆虫分析仪 (IV)	auto
mte	2055	工人合金个人机械保险箱	auto
mte	20551	水压清洗机 (青铜)	auto
mte	20552	水压清洗机 (钢)	auto
mte	20553	水压清洗机 (钛)	auto
mte	20554	水压清洗机 (钨钢)	auto
mte	2056	铋青铜个人机械保险箱	auto
mte	20561	冷冻机 (T1)	auto
mte	20562	冷冻机 (T2)	auto
mte	20563	冷冻机 (T3)	auto
mte	20564	冷冻机 (T4)	auto
mte	20565	冷冻机 (T5)	auto
mte	2057	砷铜个人机械保险箱	auto
mte	20571	低温搅拌机 (T1)	auto
mte	20572	低温搅拌机 (T2)	auto
mte	20573	低温搅拌机 (T3)	auto
mte	20574	低温搅拌机 (T4)	auto
mte	20575	低温搅拌机 (T5)	auto
mte	2058	砷青铜个人机械保险箱	auto
mte	20581	装箱机 (LV)	auto
mte	20582	装箱机 (MV)	auto
mte	20583	装箱机 (HV)	auto
mte	20584	装箱机 (EV)	auto
mte	20585	装箱机 (IV)	auto
mte	2059	钯个人机械保险箱	auto
mte	20591	拆箱机 (LV)	auto
mte	20592	拆箱机 (MV)	auto
mte	20593	拆箱机 (HV)	auto
mte	20594	拆箱机 (EV)	auto
mte	20595	拆箱机 (IV)	auto
mte	21	钴箱子	auto
mte	22	镍箱子	auto
mte	22000	凝结器	auto
mte	22001	转换器	auto
mte	22002	浸洗器	auto
mte	22003	发酵器	auto
mte	22004	高压釜	auto
mte	22010	Melter	review
mte	23	锗箱子	auto
mte	24	陨钢箱子	auto
mte	24770	Small 黄铜 Axle	auto
mte	24771	Medium 黄铜 Axle	auto
mte	24772	Large 黄铜 Axle	auto
mte	24773	Huge 黄铜 Axle	auto
mte	24777	黄铜 Rotation Engine	auto
mte	24778	黄铜 Transformer Gearbox	auto
mte	24779	Custom 黄铜 Gearbox	auto
mte	24780	小型砷铜轴	auto
mte	24781	中型砷铜轴	auto
mte	24782	大型砷铜轴	auto
mte	24783	巨型砷铜轴	auto
mte	24787	旋转动能引擎 (砷铜)	auto
mte	24788	砷铜变速箱	auto
mte	24789	砷铜可调变速箱	auto
mte	24790	小型砷青铜轴	auto
mte	24791	中型砷青铜轴	auto
mte	24792	大型砷青铜轴	auto
mte	24793	巨型砷青铜轴	auto
mte	24797	旋转动能引擎 (砷青铜)	auto
mte	24798	砷青铜变速箱	auto
mte	24799	砷青铜可调变速箱	auto
mte	24800	小型木制轴	auto
mte	24801	中型木制轴	auto
mte	24802	大型木制轴	auto
mte	24803	巨型木制轴	auto
mte	24807	旋转动能引擎 (木制)	auto
mte	24808	木制变速箱	auto
mte	24809	木制可调变速箱	auto
mte	24810	小型青铜轴	auto
mte	24811	中型青铜轴	auto
mte	24812	大型青铜轴	auto
mte	24813	巨型青铜轴	auto
mte	24817	旋转动能引擎 (青铜)	auto
mte	24818	青铜变速箱	auto
mte	24819	青铜可调变速箱	auto
mte	24820	小型钢轴	auto
mte	24821	中型钢轴	auto
mte	24822	大型钢轴	auto
mte	24823	巨型钢轴	auto
mte	24827	旋转动能引擎 (钢)	auto
mte	24828	钢变速箱	auto
mte	24829	钢可调变速箱	auto
mte	24830	小型钛轴	auto
mte	24831	中型钛轴	auto
mte	24832	大型钛轴	auto
mte	24833	巨型钛轴	auto
mte	24837	旋转动能引擎 (钛)	auto
mte	24838	钛变速箱	auto
mte	24839	钛可调变速箱	auto
mte	24840	小型钨钢轴	auto
mte	24841	中型钨钢轴	auto
mte	24842	大型钨钢轴	auto
mte	24843	巨型钨钢轴	auto
mte	24847	旋转动能引擎 (钨钢)	auto
mte	24848	钨钢变速箱	auto
mte	24849	钨钢可调变速箱	auto
mte	24850	小型铱轴	auto
mte	24851	中型铱轴	auto
mte	24852	大型铱轴	auto
mte	24853	巨型铱轴	auto
mte	24857	旋转动能引擎 (铱)	auto
mte	24858	铱变速箱	auto
mte	24859	铱可调变速箱	auto
mte	24860	小型钛铱合金轴	auto
mte	24861	中型钛铱合金轴	auto
mte	24862	大型钛铱合金轴	auto
mte	24863	巨型钛铱合金轴	auto
mte	24867	旋转动能引擎 (钛铱合金)	auto
mte	24868	钛铱合金变速箱	auto
mte	24869	钛铱合金可调变速箱	auto
mte	24870	小型特林钛合金轴	auto
mte	24871	中型特林钛合金轴	auto
mte	24872	大型特林钛合金轴	auto
mte	24873	巨型特林钛合金轴	auto
mte	24877	旋转动能引擎 (特林钛合金)	auto
mte	24878	特林钛合金变速箱	auto
mte	24879	特林钛合金可调变速箱	auto
mte	24880	小型碳化特林-钍瑞铌合金轴	auto
mte	24881	中型碳化特林-钍瑞铌合金轴	auto
mte	24882	大型碳化特林-钍瑞铌合金轴	auto
mte	24883	巨型碳化特林-钍瑞铌合金轴	auto
mte	24887	旋转动能引擎 (碳化特林-钍瑞铌合金)	auto
mte	24888	碳化特林-钍瑞铌合金变速箱	auto
mte	24889	碳化特林-钍瑞铌合金可调变速箱	auto
mte	24890	小型艾德曼合金轴	auto
mte	24891	中型艾德曼合金轴	auto
mte	24892	大型艾德曼合金轴	auto
mte	24893	巨型艾德曼合金轴	auto
mte	24897	旋转动能引擎 (艾德曼合金)	auto
mte	24898	艾德曼合金变速箱	auto
mte	24899	艾德曼合金可调变速箱	auto
mte	24900	光纤	auto
mte	24901	物流线缆	auto
mte	25	骑士金属箱子	auto
mte	25002	黄铜物流管道	auto
mte	25003	大型黄铜物流管道	auto
mte	25004	巨型黄铜物流管道	auto
mte	25005	限制黄铜物流管道	auto
mte	25006	限制大型黄铜物流管道	auto
mte	25007	限制巨型黄铜物流管道	auto
mte	25027	康铜物流管道	auto
mte	25028	大型康铜物流管道	auto
mte	25029	巨型康铜物流管道	auto
mte	25030	限制康铜物流管道	auto
mte	25031	限制大型康铜物流管道	auto
mte	25032	限制巨型康铜物流管道	auto
mte	25052	钴黄铜物流管道	auto
mte	25053	大型钴黄铜物流管道	auto
mte	25054	巨型钴黄铜物流管道	auto
mte	25055	限制钴黄铜物流管道	auto
mte	25056	限制大型钴黄铜物流管道	auto
mte	25057	限制巨型钴黄铜物流管道	auto
mte	25077	锗物流管道	auto
mte	25078	大型锗物流管道	auto
mte	25079	巨型锗物流管道	auto
mte	25080	限制锗物流管道	auto
mte	25081	限制大型锗物流管道	auto
mte	25082	限制巨型锗物流管道	auto
mte	25102	琥珀金物流管道	auto
mte	25103	大型琥珀金物流管道	auto
mte	25104	巨型琥珀金物流管道	auto
mte	25105	限制琥珀金物流管道	auto
mte	25106	限制大型琥珀金物流管道	auto
mte	25107	限制巨型琥珀金物流管道	auto
mte	25127	黑青铜物流管道	auto
mte	25128	大型黑青铜物流管道	auto
mte	25129	巨型黑青铜物流管道	auto
mte	25130	限制黑青铜物流管道	auto
mte	25131	限制大型黑青铜物流管道	auto
mte	25132	限制巨型黑青铜物流管道	auto
mte	25152	铝黄铜物流管道	auto
mte	25153	大型铝黄铜物流管道	auto
mte	25154	巨型铝黄铜物流管道	auto
mte	25155	限制铝黄铜物流管道	auto
mte	25156	限制大型铝黄铜物流管道	auto
mte	25157	限制巨型铝黄铜物流管道	auto
mte	25177	玛玉灵物流管道	auto
mte	25178	大型玛玉灵物流管道	auto
mte	25179	巨型玛玉灵物流管道	auto
mte	25180	限制玛玉灵物流管道	auto
mte	25181	限制大型玛玉灵物流管道	auto
mte	25182	限制巨型玛玉灵物流管道	auto
mte	25202	铂物流管道	auto
mte	25203	大型铂物流管道	auto
mte	25204	巨型铂物流管道	auto
mte	25205	限制铂物流管道	auto
mte	25206	限制大型铂物流管道	auto
mte	25207	限制巨型铂物流管道	auto
mte	25227	纯银物流管道	auto
mte	25228	大型纯银物流管道	auto
mte	25229	巨型纯银物流管道	auto
mte	25230	限制纯银物流管道	auto
mte	25231	限制大型纯银物流管道	auto
mte	25232	限制巨型纯银物流管道	auto
mte	25252	玫瑰金物流管道	auto
mte	25253	大型玫瑰金物流管道	auto
mte	25254	巨型玫瑰金物流管道	auto
mte	25255	限制玫瑰金物流管道	auto
mte	25256	限制大型玫瑰金物流管道	auto
mte	25257	限制巨型玫瑰金物流管道	auto
mte	25277	神圣之金物流管道	auto
mte	25278	大型神圣之金物流管道	auto
mte	25279	巨型神圣之金物流管道	auto
mte	25280	限制神圣之金物流管道	auto
mte	25281	限制大型神圣之金物流管道	auto
mte	25282	限制巨型神圣之金物流管道	auto
mte	25302	锇物流管道	auto
mte	25303	大型锇物流管道	auto
mte	25304	巨型锇物流管道	auto
mte	25305	限制锇物流管道	auto
mte	25306	限制大型锇物流管道	auto
mte	25307	限制巨型锇物流管道	auto
mte	25327	镁铝合金物流管道	auto
mte	25328	大型镁铝合金物流管道	auto
mte	25329	巨型镁铝合金物流管道	auto
mte	25330	限制镁铝合金物流管道	auto
mte	25331	限制大型镁铝合金物流管道	auto
mte	25332	限制巨型镁铝合金物流管道	auto
mte	25352	砷铜物流管道	auto
mte	25353	大型砷铜物流管道	auto
mte	25354	巨型砷铜物流管道	auto
mte	25355	限制砷铜物流管道	auto
mte	25356	限制大型砷铜物流管道	auto
mte	25357	限制巨型砷铜物流管道	auto
mte	25377	砷青铜物流管道	auto
mte	25378	大型砷青铜物流管道	auto
mte	25379	巨型砷青铜物流管道	auto
mte	25380	限制砷青铜物流管道	auto
mte	25381	限制大型砷青铜物流管道	auto
mte	25382	限制巨型砷青铜物流管道	auto
mte	25402	末影物流管道	auto
mte	25403	大型末影物流管道	auto
mte	25404	巨型末影物流管道	auto
mte	25405	限制末影物流管道	auto
mte	25406	限制大型末影物流管道	auto
mte	25407	限制巨型末影物流管道	auto
mte	25427	哈氏合金物流管道	auto
mte	25428	大型哈氏合金物流管道	auto
mte	25429	巨型哈氏合金物流管道	auto
mte	25430	限制哈氏合金物流管道	auto
mte	25431	限制大型哈氏合金物流管道	auto
mte	25432	限制巨型哈氏合金物流管道	auto
mte	25477	源质钢物流管道	auto
mte	25478	大型源质钢物流管道	auto
mte	25479	巨型源质钢物流管道	auto
mte	25480	限制源质钢物流管道	auto
mte	25481	限制大型源质钢物流管道	auto
mte	25482	限制巨型源质钢物流管道	auto
mte	25502	铱锇合金物流管道	auto
mte	25503	大型铱锇合金物流管道	auto
mte	25504	巨型铱锇合金物流管道	auto
mte	25505	限制铱锇合金物流管道	auto
mte	25506	限制大型铱锇合金物流管道	auto
mte	25507	限制巨型铱锇合金物流管道	auto
mte	25902	银振金合金物流管道	auto
mte	25903	大型银振金合金物流管道	auto
mte	25904	巨型银振金合金物流管道	auto
mte	25905	限制银振金合金物流管道	auto
mte	25906	限制大型银振金合金物流管道	auto
mte	25907	限制巨型银振金合金物流管道	auto
mte	26	钨箱子	auto
mte	26000	微型木流体管道	auto
mte	26001	小型木流体管道	auto
mte	26002	木流体管道	auto
mte	26003	大型木流体管道	auto
mte	26004	巨型木流体管道	auto
mte	26005	四合一木流体管道	auto
mte	26006	九合一木流体管道	auto
mte	26007	Fluid Valve (Wood)	review
mte	26020	微型防腐木流体管道	auto
mte	26021	小型防腐木流体管道	auto
mte	26022	防腐木流体管道	auto
mte	26023	大型防腐木流体管道	auto
mte	26024	巨型防腐木流体管道	auto
mte	26025	四合一防腐木流体管道	auto
mte	26026	九合一防腐木流体管道	auto
mte	26027	Fluid Valve (Treated Wood)	review
mte	26040	微型锡合金流体管道	auto
mte	26041	小型锡合金流体管道	auto
mte	26042	锡合金流体管道	auto
mte	26043	大型锡合金流体管道	auto
mte	26044	巨型锡合金流体管道	auto
mte	26045	四合一锡合金流体管道	auto
mte	26046	九合一锡合金流体管道	auto
mte	26047	Fluid Valve (Tin Alloy)	review
mte	26060	微型塑料流体管道	auto
mte	26061	小型塑料流体管道	auto
mte	26062	塑料流体管道	auto
mte	26063	大型塑料流体管道	auto
mte	26064	巨型塑料流体管道	auto
mte	26065	四合一塑料流体管道	auto
mte	26066	九合一塑料流体管道	auto
mte	26067	Fluid Valve (Plastic)	review
mte	26080	微型铁木流体管道	auto
mte	26081	小型铁木流体管道	auto
mte	26082	铁木流体管道	auto
mte	26083	大型铁木流体管道	auto
mte	26084	巨型铁木流体管道	auto
mte	26085	四合一铁木流体管道	auto
mte	26086	九合一铁木流体管道	auto
mte	26087	Fluid Valve (Ironwood)	review
mte	26100	微型铜流体管道	auto
mte	26101	小型铜流体管道	auto
mte	26102	铜流体管道	auto
mte	26103	大型铜流体管道	auto
mte	26104	巨型铜流体管道	auto
mte	26105	四合一铜流体管道	auto
mte	26106	九合一铜流体管道	auto
mte	26107	Fluid Valve (Copper)	review
mte	26120	微型青铜流体管道	auto
mte	26121	小型青铜流体管道	auto
mte	26122	青铜流体管道	auto
mte	26123	大型青铜流体管道	auto
mte	26124	巨型青铜流体管道	auto
mte	26125	四合一青铜流体管道	auto
mte	26126	九合一青铜流体管道	auto
mte	26127	Fluid Valve (Bronze)	review
mte	26140	微型钢流体管道	auto
mte	26141	小型钢流体管道	auto
mte	26142	钢流体管道	auto
mte	26143	大型钢流体管道	auto
mte	26144	巨型钢流体管道	auto
mte	26145	四合一钢流体管道	auto
mte	26146	九合一钢流体管道	auto
mte	26147	Fluid Valve (Steel)	review
mte	26160	微型不锈钢流体管道	auto
mte	26161	小型不锈钢流体管道	auto
mte	26162	不锈钢流体管道	auto
mte	26163	大型不锈钢流体管道	auto
mte	26164	巨型不锈钢流体管道	auto
mte	26165	四合一不锈钢流体管道	auto
mte	26166	九合一不锈钢流体管道	auto
mte	26167	Fluid Valve (Stainless Steel)	review
mte	26180	微型钛流体管道	auto
mte	26181	小型钛流体管道	auto
mte	26182	钛流体管道	auto
mte	26183	大型钛流体管道	auto
mte	26184	巨型钛流体管道	auto
mte	26185	四合一钛流体管道	auto
mte	26186	九合一钛流体管道	auto
mte	26187	Fluid Valve (Titanium)	review
mte	26200	微型钨流体管道	auto
mte	26201	小型钨流体管道	auto
mte	26202	钨流体管道	auto
mte	26203	大型钨流体管道	auto
mte	26204	巨型钨流体管道	auto
mte	26205	四合一钨流体管道	auto
mte	26206	九合一钨流体管道	auto
mte	26207	Fluid Valve (Tungsten)	review
mte	26220	微型钨钢流体管道	auto
mte	26221	小型钨钢流体管道	auto
mte	26222	钨钢流体管道	auto
mte	26223	大型钨钢流体管道	auto
mte	26224	巨型钨钢流体管道	auto
mte	26225	四合一钨钢流体管道	auto
mte	26226	九合一钨钢流体管道	auto
mte	26227	Fluid Valve (Tungstensteel)	review
mte	26240	微型碳化钨流体管道	auto
mte	26241	小型碳化钨流体管道	auto
mte	26242	碳化钨流体管道	auto
mte	26243	大型碳化钨流体管道	auto
mte	26244	巨型碳化钨流体管道	auto
mte	26245	四合一碳化钨流体管道	auto
mte	26246	九合一碳化钨流体管道	auto
mte	26247	Fluid Valve (Tungsten Carbide)	review
mte	26260	微型镀锌钢流体管道	auto
mte	26261	小型镀锌钢流体管道	auto
mte	26262	镀锌钢流体管道	auto
mte	26263	大型镀锌钢流体管道	auto
mte	26264	巨型镀锌钢流体管道	auto
mte	26265	四合一镀锌钢流体管道	auto
mte	26266	九合一镀锌钢流体管道	auto
mte	26267	Fluid Valve (Galvanized Steel)	review
mte	26280	微型铬流体管道	auto
mte	26281	小型铬流体管道	auto
mte	26282	铬流体管道	auto
mte	26283	大型铬流体管道	auto
mte	26284	巨型铬流体管道	auto
mte	26285	四合一铬流体管道	auto
mte	26286	九合一铬流体管道	auto
mte	26287	Fluid Valve (Chromium)	review
mte	26300	微型艾德曼合金流体管道	auto
mte	26301	小型艾德曼合金流体管道	auto
mte	26302	艾德曼合金流体管道	auto
mte	26303	大型艾德曼合金流体管道	auto
mte	26304	巨型艾德曼合金流体管道	auto
mte	26305	四合一艾德曼合金流体管道	auto
mte	26306	九合一艾德曼合金流体管道	auto
mte	26307	Fluid Valve (Adamantium)	review
mte	26320	微型基岩合金流体管道	auto
mte	26321	小型基岩合金流体管道	auto
mte	26322	基岩合金流体管道	auto
mte	26323	大型基岩合金流体管道	auto
mte	26324	巨型基岩合金流体管道	auto
mte	26325	四合一基岩合金流体管道	auto
mte	26326	九合一基岩合金流体管道	auto
mte	26327	Fluid Valve (Bedrock-HSLA-Alloy)	review
mte	26340	微型铝流体管道	auto
mte	26341	小型铝流体管道	auto
mte	26342	铝流体管道	auto
mte	26343	大型铝流体管道	auto
mte	26344	巨型铝流体管道	auto
mte	26345	四合一铝流体管道	auto
mte	26346	九合一铝流体管道	auto
mte	26347	Fluid Valve (Aluminium)	review
mte	26360	微型HSLA钢流体管道	auto
mte	26361	小型HSLA钢流体管道	auto
mte	26362	HSLA钢流体管道	auto
mte	26363	大型HSLA钢流体管道	auto
mte	26364	巨型HSLA钢流体管道	auto
mte	26365	四合一HSLA钢流体管道	auto
mte	26366	九合一HSLA钢流体管道	auto
mte	26367	Fluid Valve (HSLA-Steel)	review
mte	26380	微型龙流体管道	auto
mte	26381	小型龙流体管道	auto
mte	26382	龙流体管道	auto
mte	26383	大型龙流体管道	auto
mte	26384	巨型龙流体管道	auto
mte	26385	四合一龙流体管道	auto
mte	26386	九合一龙流体管道	auto
mte	26387	Fluid Valve (Draconium)	review
mte	26400	微型殷钢流体管道	auto
mte	26401	小型殷钢流体管道	auto
mte	26402	殷钢流体管道	auto
mte	26403	大型殷钢流体管道	auto
mte	26404	巨型殷钢流体管道	auto
mte	26405	四合一殷钢流体管道	auto
mte	26406	九合一殷钢流体管道	auto
mte	26407	Fluid Valve (Invar)	review
mte	26420	微型觉醒龙流体管道	auto
mte	26421	小型觉醒龙流体管道	auto
mte	26422	觉醒龙流体管道	auto
mte	26423	大型觉醒龙流体管道	auto
mte	26424	巨型觉醒龙流体管道	auto
mte	26425	四合一觉醒龙流体管道	auto
mte	26426	九合一觉醒龙流体管道	auto
mte	26427	Fluid Valve (Awakened Draconium)	review
mte	26440	微型铱流体管道	auto
mte	26441	小型铱流体管道	auto
mte	26442	铱流体管道	auto
mte	26443	大型铱流体管道	auto
mte	26444	巨型铱流体管道	auto
mte	26445	四合一铱流体管道	auto
mte	26446	九合一铱流体管道	auto
mte	26447	Fluid Valve (Iridium)	review
mte	26460	微型神秘锭流体管道	auto
mte	26461	小型神秘锭流体管道	auto
mte	26462	神秘锭流体管道	auto
mte	26463	大型神秘锭流体管道	auto
mte	26464	巨型神秘锭流体管道	auto
mte	26465	四合一神秘锭流体管道	auto
mte	26466	九合一神秘锭流体管道	auto
mte	26467	Fluid Valve (Thaumium)	review
mte	26480	微型虚空金属流体管道	auto
mte	26481	小型虚空金属流体管道	auto
mte	26482	虚空金属流体管道	auto
mte	26483	大型虚空金属流体管道	auto
mte	26484	巨型虚空金属流体管道	auto
mte	26485	四合一虚空金属流体管道	auto
mte	26486	九合一虚空金属流体管道	auto
mte	26487	Fluid Valve (Void Metal)	review
mte	26500	微型碳流体管道	auto
mte	26501	小型碳流体管道	auto
mte	26502	碳流体管道	auto
mte	26503	大型碳流体管道	auto
mte	26504	巨型碳流体管道	auto
mte	26505	四合一碳流体管道	auto
mte	26506	九合一碳流体管道	auto
mte	26507	Fluid Valve (Carbon)	review
mte	26520	微型橡胶流体管道	auto
mte	26521	小型橡胶流体管道	auto
mte	26522	橡胶流体管道	auto
mte	26523	大型橡胶流体管道	auto
mte	26524	巨型橡胶流体管道	auto
mte	26525	四合一橡胶流体管道	auto
mte	26526	九合一橡胶流体管道	auto
mte	26527	Fluid Valve (Rubber)	review
mte	26540	微型魔力钢流体管道	auto
mte	26541	小型魔力钢流体管道	auto
mte	26542	魔力钢流体管道	auto
mte	26543	大型魔力钢流体管道	auto
mte	26544	巨型魔力钢流体管道	auto
mte	26545	四合一魔力钢流体管道	auto
mte	26546	九合一魔力钢流体管道	auto
mte	26547	Fluid Valve (Manasteel)	review
mte	26560	微型盖亚之魂流体管道	auto
mte	26561	小型盖亚之魂流体管道	auto
mte	26562	盖亚之魂流体管道	auto
mte	26563	大型盖亚之魂流体管道	auto
mte	26564	巨型盖亚之魂流体管道	auto
mte	26565	四合一盖亚之魂流体管道	auto
mte	26566	九合一盖亚之魂流体管道	auto
mte	26567	Fluid Valve (Gaia Spirit)	review
mte	26580	微型泰拉钢流体管道	auto
mte	26581	小型泰拉钢流体管道	auto
mte	26582	泰拉钢流体管道	auto
mte	26583	大型泰拉钢流体管道	auto
mte	26584	巨型泰拉钢流体管道	auto
mte	26585	四合一泰拉钢流体管道	auto
mte	26586	九合一泰拉钢流体管道	auto
mte	26587	Fluid Valve (Terrasteel)	review
mte	26600	微型无尽流体管道	auto
mte	26601	小型无尽流体管道	auto
mte	26602	无尽流体管道	auto
mte	26603	大型无尽流体管道	auto
mte	26604	巨型无尽流体管道	auto
mte	26605	四合一无尽流体管道	auto
mte	26606	九合一无尽流体管道	auto
mte	26607	Fluid Valve (Infinity)	review
mte	26620	微型戴斯流体管道	auto
mte	26621	小型戴斯流体管道	auto
mte	26622	戴斯流体管道	auto
mte	26623	大型戴斯流体管道	auto
mte	26624	巨型戴斯流体管道	auto
mte	26625	四合一戴斯流体管道	auto
mte	26626	九合一戴斯流体管道	auto
mte	26627	Fluid Valve (Desh)	review
mte	26640	微型碳化钽铪流体管道	auto
mte	26641	小型碳化钽铪流体管道	auto
mte	26642	碳化钽铪流体管道	auto
mte	26643	大型碳化钽铪流体管道	auto
mte	26644	巨型碳化钽铪流体管道	auto
mte	26645	四合一碳化钽铪流体管道	auto
mte	26646	九合一碳化钽铪流体管道	auto
mte	26647	Fluid Valve (Tantalum Hafnium Carbide)	review
mte	26660	微型下界合金流体管道	auto
mte	26661	小型下界合金流体管道	auto
mte	26662	下界合金流体管道	auto
mte	26663	大型下界合金流体管道	auto
mte	26664	巨型下界合金流体管道	auto
mte	26665	四合一下界合金流体管道	auto
mte	26666	九合一下界合金流体管道	auto
mte	26667	Fluid Valve (Netherite)	review
mte	26680	微型金流体管道	auto
mte	26681	小型金流体管道	auto
mte	26682	金流体管道	auto
mte	26683	大型金流体管道	auto
mte	26684	巨型金流体管道	auto
mte	26685	四合一金流体管道	auto
mte	26686	九合一金流体管道	auto
mte	26687	Fluid Valve (Gold)	review
mte	26700	微型钨合金流体管道	auto
mte	26701	小型钨合金流体管道	auto
mte	26702	钨合金流体管道	auto
mte	26703	大型钨合金流体管道	auto
mte	26704	巨型钨合金流体管道	auto
mte	26705	四合一钨合金流体管道	auto
mte	26706	九合一钨合金流体管道	auto
mte	26707	Fluid Valve (Tungsten Alloy)	review
mte	26720	微型绿晶流体管道	auto
mte	26721	小型绿晶流体管道	auto
mte	26722	绿晶流体管道	auto
mte	26723	大型绿晶流体管道	auto
mte	26724	巨型绿晶流体管道	auto
mte	26725	四合一绿晶流体管道	auto
mte	26726	九合一绿晶流体管道	auto
mte	26727	Fluid Valve (Efrine)	review
mte	26740	微型钒钢流体管道	auto
mte	26741	小型钒钢流体管道	auto
mte	26742	钒钢流体管道	auto
mte	26743	大型钒钢流体管道	auto
mte	26744	巨型钒钢流体管道	auto
mte	26745	四合一钒钢流体管道	auto
mte	26746	九合一钒钢流体管道	auto
mte	26747	Fluid Valve (Vanadiumsteel)	review
mte	26760	微型工人合金流体管道	auto
mte	26761	小型工人合金流体管道	auto
mte	26762	工人合金流体管道	auto
mte	26763	大型工人合金流体管道	auto
mte	26764	巨型工人合金流体管道	auto
mte	26765	四合一工人合金流体管道	auto
mte	26766	九合一工人合金流体管道	auto
mte	26767	Fluid Valve (Workers Alloy)	review
mte	26780	微型钯流体管道	auto
mte	26781	小型钯流体管道	auto
mte	26782	钯流体管道	auto
mte	26783	大型钯流体管道	auto
mte	26784	巨型钯流体管道	auto
mte	26785	四合一钯流体管道	auto
mte	26786	九合一钯流体管道	auto
mte	26787	Fluid Valve (Palladium)	review
mte	27	神秘锭箱子	auto
mte	27000	未绝缘红色合金线缆	auto
mte	27006	绝缘红色合金线缆	auto
mte	27050	未绝缘信素线缆	auto
mte	27056	绝缘信素线缆	auto
mte	27500	未绝缘流明线缆	auto
mte	27506	绝缘流明线缆	auto
mte	28	虚空金属箱子	auto
mte	28050	1x 未绝缘锡线缆	auto
mte	28051	2x 未绝缘锡线缆	auto
mte	28052	3x 未绝缘锡线缆	auto
mte	28053	4x 未绝缘锡线缆	auto
mte	28054	5x 未绝缘锡线缆	auto
mte	28055	6x 未绝缘锡线缆	auto
mte	28056	7x 未绝缘锡线缆	auto
mte	28057	8x 未绝缘锡线缆	auto
mte	28058	9x 未绝缘锡线缆	auto
mte	28059	10x 未绝缘锡线缆	auto
mte	28060	11x 未绝缘锡线缆	auto
mte	28061	12x 未绝缘锡线缆	auto
mte	28062	13x 未绝缘锡线缆	auto
mte	28063	14x 未绝缘锡线缆	auto
mte	28064	15x 未绝缘锡线缆	auto
mte	28065	16x 未绝缘锡线缆	auto
mte	28066	1x 已绝缘锡线缆	auto
mte	28067	2x 已绝缘锡线缆	auto
mte	28069	4x 已绝缘锡线缆	auto
mte	28073	8x 已绝缘锡线缆	auto
mte	28077	12x 已绝缘锡线缆	auto
mte	28100	1x 未绝缘铅线缆	auto
mte	28101	2x 未绝缘铅线缆	auto
mte	28102	3x 未绝缘铅线缆	auto
mte	28103	4x 未绝缘铅线缆	auto
mte	28104	5x 未绝缘铅线缆	auto
mte	28105	6x 未绝缘铅线缆	auto
mte	28106	7x 未绝缘铅线缆	auto
mte	28107	8x 未绝缘铅线缆	auto
mte	28108	9x 未绝缘铅线缆	auto
mte	28109	10x 未绝缘铅线缆	auto
mte	28110	11x 未绝缘铅线缆	auto
mte	28111	12x 未绝缘铅线缆	auto
mte	28112	13x 未绝缘铅线缆	auto
mte	28113	14x 未绝缘铅线缆	auto
mte	28114	15x 未绝缘铅线缆	auto
mte	28115	16x 未绝缘铅线缆	auto
mte	28116	1x 已绝缘铅线缆	auto
mte	28117	2x 已绝缘铅线缆	auto
mte	28119	4x 已绝缘铅线缆	auto
mte	28123	8x 已绝缘铅线缆	auto
mte	28127	12x 已绝缘铅线缆	auto
mte	28250	1x 未绝缘HSLA钢线缆	auto
mte	28251	2x 未绝缘HSLA钢线缆	auto
mte	28252	3x 未绝缘HSLA钢线缆	auto
mte	28253	4x 未绝缘HSLA钢线缆	auto
mte	28254	5x 未绝缘HSLA钢线缆	auto
mte	28255	6x 未绝缘HSLA钢线缆	auto
mte	28256	7x 未绝缘HSLA钢线缆	auto
mte	28257	8x 未绝缘HSLA钢线缆	auto
mte	28258	9x 未绝缘HSLA钢线缆	auto
mte	28259	10x 未绝缘HSLA钢线缆	auto
mte	28260	11x 未绝缘HSLA钢线缆	auto
mte	28261	12x 未绝缘HSLA钢线缆	auto
mte	28262	13x 未绝缘HSLA钢线缆	auto
mte	28263	14x 未绝缘HSLA钢线缆	auto
mte	28264	15x 未绝缘HSLA钢线缆	auto
mte	28265	16x 未绝缘HSLA钢线缆	auto
mte	28266	1x 已绝缘HSLA钢线缆	auto
mte	28267	2x 已绝缘HSLA钢线缆	auto
mte	28269	4x 已绝缘HSLA钢线缆	auto
mte	28273	8x 已绝缘HSLA钢线缆	auto
mte	28277	12x 已绝缘HSLA钢线缆	auto
mte	28300	1x 未绝缘康铜线缆	auto
mte	28301	2x 未绝缘康铜线缆	auto
mte	28302	3x 未绝缘康铜线缆	auto
mte	28303	4x 未绝缘康铜线缆	auto
mte	28304	5x 未绝缘康铜线缆	auto
mte	28305	6x 未绝缘康铜线缆	auto
mte	28306	7x 未绝缘康铜线缆	auto
mte	28307	8x 未绝缘康铜线缆	auto
mte	28308	9x 未绝缘康铜线缆	auto
mte	28309	10x 未绝缘康铜线缆	auto
mte	28310	11x 未绝缘康铜线缆	auto
mte	28311	12x 未绝缘康铜线缆	auto
mte	28312	13x 未绝缘康铜线缆	auto
mte	28313	14x 未绝缘康铜线缆	auto
mte	28314	15x 未绝缘康铜线缆	auto
mte	28315	16x 未绝缘康铜线缆	auto
mte	28316	1x 已绝缘康铜线缆	auto
mte	28317	2x 已绝缘康铜线缆	auto
mte	28319	4x 已绝缘康铜线缆	auto
mte	28323	8x 已绝缘康铜线缆	auto
mte	28327	12x 已绝缘康铜线缆	auto
mte	28350	1x 未绝缘铜线缆	auto
mte	28351	2x 未绝缘铜线缆	auto
mte	28352	3x 未绝缘铜线缆	auto
mte	28353	4x 未绝缘铜线缆	auto
mte	28354	5x 未绝缘铜线缆	auto
mte	28355	6x 未绝缘铜线缆	auto
mte	28356	7x 未绝缘铜线缆	auto
mte	28357	8x 未绝缘铜线缆	auto
mte	28358	9x 未绝缘铜线缆	auto
mte	28359	10x 未绝缘铜线缆	auto
mte	28360	11x 未绝缘铜线缆	auto
mte	28361	12x 未绝缘铜线缆	auto
mte	28362	13x 未绝缘铜线缆	auto
mte	28363	14x 未绝缘铜线缆	auto
mte	28364	15x 未绝缘铜线缆	auto
mte	28365	16x 未绝缘铜线缆	auto
mte	28366	1x 已绝缘铜线缆	auto
mte	28367	2x 已绝缘铜线缆	auto
mte	28369	4x 已绝缘铜线缆	auto
mte	28373	8x 已绝缘铜线缆	auto
mte	28377	12x 已绝缘铜线缆	auto
mte	28400	1x 未绝缘退火铜线缆	auto
mte	28401	2x 未绝缘退火铜线缆	auto
mte	28402	3x 未绝缘退火铜线缆	auto
mte	28403	4x 未绝缘退火铜线缆	auto
mte	28404	5x 未绝缘退火铜线缆	auto
mte	28405	6x 未绝缘退火铜线缆	auto
mte	28406	7x 未绝缘退火铜线缆	auto
mte	28407	8x 未绝缘退火铜线缆	auto
mte	28408	9x 未绝缘退火铜线缆	auto
mte	28409	10x 未绝缘退火铜线缆	auto
mte	28410	11x 未绝缘退火铜线缆	auto
mte	28411	12x 未绝缘退火铜线缆	auto
mte	28412	13x 未绝缘退火铜线缆	auto
mte	28413	14x 未绝缘退火铜线缆	auto
mte	28414	15x 未绝缘退火铜线缆	auto
mte	28415	16x 未绝缘退火铜线缆	auto
mte	28416	1x 已绝缘退火铜线缆	auto
mte	28417	2x 已绝缘退火铜线缆	auto
mte	28419	4x 已绝缘退火铜线缆	auto
mte	28423	8x 已绝缘退火铜线缆	auto
mte	28427	12x 已绝缘退火铜线缆	auto
mte	28450	1x 未绝缘绿晶线缆	auto
mte	28451	2x 未绝缘绿晶线缆	auto
mte	28452	3x 未绝缘绿晶线缆	auto
mte	28453	4x 未绝缘绿晶线缆	auto
mte	28454	5x 未绝缘绿晶线缆	auto
mte	28455	6x 未绝缘绿晶线缆	auto
mte	28456	7x 未绝缘绿晶线缆	auto
mte	28457	8x 未绝缘绿晶线缆	auto
mte	28458	9x 未绝缘绿晶线缆	auto
mte	28459	10x 未绝缘绿晶线缆	auto
mte	28460	11x 未绝缘绿晶线缆	auto
mte	28461	12x 未绝缘绿晶线缆	auto
mte	28462	13x 未绝缘绿晶线缆	auto
mte	28463	14x 未绝缘绿晶线缆	auto
mte	28464	15x 未绝缘绿晶线缆	auto
mte	28465	16x 未绝缘绿晶线缆	auto
mte	28466	1x 已绝缘绿晶线缆	auto
mte	28467	2x 已绝缘绿晶线缆	auto
mte	28469	4x 已绝缘绿晶线缆	auto
mte	28473	8x 已绝缘绿晶线缆	auto
mte	28477	12x 已绝缘绿晶线缆	auto
mte	28600	1x 未绝缘铁铬铝合金线缆	auto
mte	28601	2x 未绝缘铁铬铝合金线缆	auto
mte	28602	3x 未绝缘铁铬铝合金线缆	auto
mte	28603	4x 未绝缘铁铬铝合金线缆	auto
mte	28604	5x 未绝缘铁铬铝合金线缆	auto
mte	28605	6x 未绝缘铁铬铝合金线缆	auto
mte	28606	7x 未绝缘铁铬铝合金线缆	auto
mte	28607	8x 未绝缘铁铬铝合金线缆	auto
mte	28608	9x 未绝缘铁铬铝合金线缆	auto
mte	28609	10x 未绝缘铁铬铝合金线缆	auto
mte	28610	11x 未绝缘铁铬铝合金线缆	auto
mte	28611	12x 未绝缘铁铬铝合金线缆	auto
mte	28612	13x 未绝缘铁铬铝合金线缆	auto
mte	28613	14x 未绝缘铁铬铝合金线缆	auto
mte	28614	15x 未绝缘铁铬铝合金线缆	auto
mte	28615	16x 未绝缘铁铬铝合金线缆	auto
mte	28616	1x 已绝缘铁铬铝合金线缆	auto
mte	28617	2x 已绝缘铁铬铝合金线缆	auto
mte	28619	4x 已绝缘铁铬铝合金线缆	auto
mte	28623	8x 已绝缘铁铬铝合金线缆	auto
mte	28627	12x 已绝缘铁铬铝合金线缆	auto
mte	28650	1x 未绝缘银线缆	auto
mte	28651	2x 未绝缘银线缆	auto
mte	28652	3x 未绝缘银线缆	auto
mte	28653	4x 未绝缘银线缆	auto
mte	28654	5x 未绝缘银线缆	auto
mte	28655	6x 未绝缘银线缆	auto
mte	28656	7x 未绝缘银线缆	auto
mte	28657	8x 未绝缘银线缆	auto
mte	28658	9x 未绝缘银线缆	auto
mte	28659	10x 未绝缘银线缆	auto
mte	28660	11x 未绝缘银线缆	auto
mte	28661	12x 未绝缘银线缆	auto
mte	28662	13x 未绝缘银线缆	auto
mte	28663	14x 未绝缘银线缆	auto
mte	28664	15x 未绝缘银线缆	auto
mte	28665	16x 未绝缘银线缆	auto
mte	28666	1x 已绝缘银线缆	auto
mte	28667	2x 已绝缘银线缆	auto
mte	28669	4x 已绝缘银线缆	auto
mte	28673	8x 已绝缘银线缆	auto
mte	28677	12x 已绝缘银线缆	auto
mte	28700	1x 未绝缘金线缆	auto
mte	28701	2x 未绝缘金线缆	auto
mte	28702	3x 未绝缘金线缆	auto
mte	28703	4x 未绝缘金线缆	auto
mte	28704	5x 未绝缘金线缆	auto
mte	28705	6x 未绝缘金线缆	auto
mte	28706	7x 未绝缘金线缆	auto
mte	28707	8x 未绝缘金线缆	auto
mte	28708	9x 未绝缘金线缆	auto
mte	28709	10x 未绝缘金线缆	auto
mte	28710	11x 未绝缘金线缆	auto
mte	28711	12x 未绝缘金线缆	auto
mte	28712	13x 未绝缘金线缆	auto
mte	28713	14x 未绝缘金线缆	auto
mte	28714	15x 未绝缘金线缆	auto
mte	28715	16x 未绝缘金线缆	auto
mte	28716	1x 已绝缘金线缆	auto
mte	28717	2x 已绝缘金线缆	auto
mte	28719	4x 已绝缘金线缆	auto
mte	28723	8x 已绝缘金线缆	auto
mte	28727	12x 已绝缘金线缆	auto
mte	28750	1x 未绝缘琥珀金线缆	auto
mte	28751	2x 未绝缘琥珀金线缆	auto
mte	28752	3x 未绝缘琥珀金线缆	auto
mte	28753	4x 未绝缘琥珀金线缆	auto
mte	28754	5x 未绝缘琥珀金线缆	auto
mte	28755	6x 未绝缘琥珀金线缆	auto
mte	28756	7x 未绝缘琥珀金线缆	auto
mte	28757	8x 未绝缘琥珀金线缆	auto
mte	28758	9x 未绝缘琥珀金线缆	auto
mte	28759	10x 未绝缘琥珀金线缆	auto
mte	28760	11x 未绝缘琥珀金线缆	auto
mte	28761	12x 未绝缘琥珀金线缆	auto
mte	28762	13x 未绝缘琥珀金线缆	auto
mte	28763	14x 未绝缘琥珀金线缆	auto
mte	28764	15x 未绝缘琥珀金线缆	auto
mte	28765	16x 未绝缘琥珀金线缆	auto
mte	28766	1x 已绝缘琥珀金线缆	auto
mte	28767	2x 已绝缘琥珀金线缆	auto
mte	28769	4x 已绝缘琥珀金线缆	auto
mte	28773	8x 已绝缘琥珀金线缆	auto
mte	28777	12x 已绝缘琥珀金线缆	auto
mte	28800	1x 未绝缘蓝石合金线缆	auto
mte	28801	2x 未绝缘蓝石合金线缆	auto
mte	28802	3x 未绝缘蓝石合金线缆	auto
mte	28803	4x 未绝缘蓝石合金线缆	auto
mte	28804	5x 未绝缘蓝石合金线缆	auto
mte	28805	6x 未绝缘蓝石合金线缆	auto
mte	28806	7x 未绝缘蓝石合金线缆	auto
mte	28807	8x 未绝缘蓝石合金线缆	auto
mte	28808	9x 未绝缘蓝石合金线缆	auto
mte	28809	10x 未绝缘蓝石合金线缆	auto
mte	28810	11x 未绝缘蓝石合金线缆	auto
mte	28811	12x 未绝缘蓝石合金线缆	auto
mte	28812	13x 未绝缘蓝石合金线缆	auto
mte	28813	14x 未绝缘蓝石合金线缆	auto
mte	28814	15x 未绝缘蓝石合金线缆	auto
mte	28815	16x 未绝缘蓝石合金线缆	auto
mte	28816	1x 已绝缘蓝石合金线缆	auto
mte	28817	2x 已绝缘蓝石合金线缆	auto
mte	28819	4x 已绝缘蓝石合金线缆	auto
mte	28823	8x 已绝缘蓝石合金线缆	auto
mte	28827	12x 已绝缘蓝石合金线缆	auto
mte	28850	1x 未绝缘蓝石合金线缆	auto
mte	28851	2x 未绝缘蓝石合金线缆	auto
mte	28852	3x 未绝缘蓝石合金线缆	auto
mte	28853	4x 未绝缘蓝石合金线缆	auto
mte	28854	5x 未绝缘蓝石合金线缆	auto
mte	28855	6x 未绝缘蓝石合金线缆	auto
mte	28856	7x 未绝缘蓝石合金线缆	auto
mte	28857	8x 未绝缘蓝石合金线缆	auto
mte	28858	9x 未绝缘蓝石合金线缆	auto
mte	28859	10x 未绝缘蓝石合金线缆	auto
mte	28860	11x 未绝缘蓝石合金线缆	auto
mte	28861	12x 未绝缘蓝石合金线缆	auto
mte	28862	13x 未绝缘蓝石合金线缆	auto
mte	28863	14x 未绝缘蓝石合金线缆	auto
mte	28864	15x 未绝缘蓝石合金线缆	auto
mte	28865	16x 未绝缘蓝石合金线缆	auto
mte	28866	1x 已绝缘蓝石合金线缆	auto
mte	28867	2x 已绝缘蓝石合金线缆	auto
mte	28869	4x 已绝缘蓝石合金线缆	auto
mte	28873	8x 已绝缘蓝石合金线缆	auto
mte	28877	12x 已绝缘蓝石合金线缆	auto
mte	28900	1x 未绝缘镍铬合金线缆	auto
mte	28901	2x 未绝缘镍铬合金线缆	auto
mte	28902	3x 未绝缘镍铬合金线缆	auto
mte	28903	4x 未绝缘镍铬合金线缆	auto
mte	28904	5x 未绝缘镍铬合金线缆	auto
mte	28905	6x 未绝缘镍铬合金线缆	auto
mte	28906	7x 未绝缘镍铬合金线缆	auto
mte	28907	8x 未绝缘镍铬合金线缆	auto
mte	28908	9x 未绝缘镍铬合金线缆	auto
mte	28909	10x 未绝缘镍铬合金线缆	auto
mte	28910	11x 未绝缘镍铬合金线缆	auto
mte	28911	12x 未绝缘镍铬合金线缆	auto
mte	28912	13x 未绝缘镍铬合金线缆	auto
mte	28913	14x 未绝缘镍铬合金线缆	auto
mte	28914	15x 未绝缘镍铬合金线缆	auto
mte	28915	16x 未绝缘镍铬合金线缆	auto
mte	28916	1x 已绝缘镍铬合金线缆	auto
mte	28917	2x 已绝缘镍铬合金线缆	auto
mte	28919	4x 已绝缘镍铬合金线缆	auto
mte	28923	8x 已绝缘镍铬合金线缆	auto
mte	28927	12x 已绝缘镍铬合金线缆	auto
mte	28950	1x 未绝缘钢线缆	auto
mte	28951	2x 未绝缘钢线缆	auto
mte	28952	3x 未绝缘钢线缆	auto
mte	28953	4x 未绝缘钢线缆	auto
mte	28954	5x 未绝缘钢线缆	auto
mte	28955	6x 未绝缘钢线缆	auto
mte	28956	7x 未绝缘钢线缆	auto
mte	28957	8x 未绝缘钢线缆	auto
mte	28958	9x 未绝缘钢线缆	auto
mte	28959	10x 未绝缘钢线缆	auto
mte	28960	11x 未绝缘钢线缆	auto
mte	28961	12x 未绝缘钢线缆	auto
mte	28962	13x 未绝缘钢线缆	auto
mte	28963	14x 未绝缘钢线缆	auto
mte	28964	15x 未绝缘钢线缆	auto
mte	28965	16x 未绝缘钢线缆	auto
mte	28966	1x 已绝缘钢线缆	auto
mte	28967	2x 已绝缘钢线缆	auto
mte	28969	4x 已绝缘钢线缆	auto
mte	28973	8x 已绝缘钢线缆	auto
mte	28977	12x 已绝缘钢线缆	auto
mte	29	锇箱子	auto
mte	29000	1x 未绝缘铝线缆	auto
mte	29001	2x 未绝缘铝线缆	auto
mte	29002	3x 未绝缘铝线缆	auto
mte	29003	4x 未绝缘铝线缆	auto
mte	29004	5x 未绝缘铝线缆	auto
mte	29005	6x 未绝缘铝线缆	auto
mte	29006	7x 未绝缘铝线缆	auto
mte	29007	8x 未绝缘铝线缆	auto
mte	29008	9x 未绝缘铝线缆	auto
mte	29009	10x 未绝缘铝线缆	auto
mte	29010	11x 未绝缘铝线缆	auto
mte	29011	12x 未绝缘铝线缆	auto
mte	29012	13x 未绝缘铝线缆	auto
mte	29013	14x 未绝缘铝线缆	auto
mte	29014	15x 未绝缘铝线缆	auto
mte	29015	16x 未绝缘铝线缆	auto
mte	29016	1x 已绝缘铝线缆	auto
mte	29017	2x 已绝缘铝线缆	auto
mte	29019	4x 已绝缘铝线缆	auto
mte	29023	8x 已绝缘铝线缆	auto
mte	29027	12x 已绝缘铝线缆	auto
mte	29050	1x 未绝缘钨钢线缆	auto
mte	29051	2x 未绝缘钨钢线缆	auto
mte	29052	3x 未绝缘钨钢线缆	auto
mte	29053	4x 未绝缘钨钢线缆	auto
mte	29054	5x 未绝缘钨钢线缆	auto
mte	29055	6x 未绝缘钨钢线缆	auto
mte	29056	7x 未绝缘钨钢线缆	auto
mte	29057	8x 未绝缘钨钢线缆	auto
mte	29058	9x 未绝缘钨钢线缆	auto
mte	29059	10x 未绝缘钨钢线缆	auto
mte	29060	11x 未绝缘钨钢线缆	auto
mte	29061	12x 未绝缘钨钢线缆	auto
mte	29062	13x 未绝缘钨钢线缆	auto
mte	29063	14x 未绝缘钨钢线缆	auto
mte	29064	15x 未绝缘钨钢线缆	auto
mte	29065	16x 未绝缘钨钢线缆	auto
mte	29066	1x 已绝缘钨钢线缆	auto
mte	29067	2x 已绝缘钨钢线缆	auto
mte	29069	4x 已绝缘钨钢线缆	auto
mte	29073	8x 已绝缘钨钢线缆	auto
mte	29077	12x 已绝缘钨钢线缆	auto
mte	29100	1x 未绝缘钨线缆	auto
mte	29101	2x 未绝缘钨线缆	auto
mte	29102	3x 未绝缘钨线缆	auto
mte	29103	4x 未绝缘钨线缆	auto
mte	29104	5x 未绝缘钨线缆	auto
mte	29105	6x 未绝缘钨线缆	auto
mte	29106	7x 未绝缘钨线缆	auto
mte	29107	8x 未绝缘钨线缆	auto
mte	29108	9x 未绝缘钨线缆	auto
mte	29109	10x 未绝缘钨线缆	auto
mte	29110	11x 未绝缘钨线缆	auto
mte	29111	12x 未绝缘钨线缆	auto
mte	29112	13x 未绝缘钨线缆	auto
mte	29113	14x 未绝缘钨线缆	auto
mte	29114	15x 未绝缘钨线缆	auto
mte	29115	16x 未绝缘钨线缆	auto
mte	29116	1x 已绝缘钨线缆	auto
mte	29117	2x 已绝缘钨线缆	auto
mte	29119	4x 已绝缘钨线缆	auto
mte	29123	8x 已绝缘钨线缆	auto
mte	29127	12x 已绝缘钨线缆	auto
mte	29150	1x 未绝缘下界合金线缆	auto
mte	29151	2x 未绝缘下界合金线缆	auto
mte	29152	3x 未绝缘下界合金线缆	auto
mte	29153	4x 未绝缘下界合金线缆	auto
mte	29154	5x 未绝缘下界合金线缆	auto
mte	29155	6x 未绝缘下界合金线缆	auto
mte	29156	7x 未绝缘下界合金线缆	auto
mte	29157	8x 未绝缘下界合金线缆	auto
mte	29158	9x 未绝缘下界合金线缆	auto
mte	29159	10x 未绝缘下界合金线缆	auto
mte	29160	11x 未绝缘下界合金线缆	auto
mte	29161	12x 未绝缘下界合金线缆	auto
mte	29162	13x 未绝缘下界合金线缆	auto
mte	29163	14x 未绝缘下界合金线缆	auto
mte	29164	15x 未绝缘下界合金线缆	auto
mte	29165	16x 未绝缘下界合金线缆	auto
mte	29166	1x 已绝缘下界合金线缆	auto
mte	29167	2x 已绝缘下界合金线缆	auto
mte	29169	4x 已绝缘下界合金线缆	auto
mte	29173	8x 已绝缘下界合金线缆	auto
mte	29177	12x 已绝缘下界合金线缆	auto
mte	29200	1x 未绝缘锇线缆	auto
mte	29201	2x 未绝缘锇线缆	auto
mte	29202	3x 未绝缘锇线缆	auto
mte	29203	4x 未绝缘锇线缆	auto
mte	29204	5x 未绝缘锇线缆	auto
mte	29205	6x 未绝缘锇线缆	auto
mte	29206	7x 未绝缘锇线缆	auto
mte	29207	8x 未绝缘锇线缆	auto
mte	29208	9x 未绝缘锇线缆	auto
mte	29209	10x 未绝缘锇线缆	auto
mte	29210	11x 未绝缘锇线缆	auto
mte	29211	12x 未绝缘锇线缆	auto
mte	29212	13x 未绝缘锇线缆	auto
mte	29213	14x 未绝缘锇线缆	auto
mte	29214	15x 未绝缘锇线缆	auto
mte	29215	16x 未绝缘锇线缆	auto
mte	29216	1x 已绝缘锇线缆	auto
mte	29217	2x 已绝缘锇线缆	auto
mte	29219	4x 已绝缘锇线缆	auto
mte	29223	8x 已绝缘锇线缆	auto
mte	29227	12x 已绝缘锇线缆	auto
mte	29250	1x 未绝缘铂线缆	auto
mte	29251	2x 未绝缘铂线缆	auto
mte	29252	3x 未绝缘铂线缆	auto
mte	29253	4x 未绝缘铂线缆	auto
mte	29254	5x 未绝缘铂线缆	auto
mte	29255	6x 未绝缘铂线缆	auto
mte	29256	7x 未绝缘铂线缆	auto
mte	29257	8x 未绝缘铂线缆	auto
mte	29258	9x 未绝缘铂线缆	auto
mte	29259	10x 未绝缘铂线缆	auto
mte	29260	11x 未绝缘铂线缆	auto
mte	29261	12x 未绝缘铂线缆	auto
mte	29262	13x 未绝缘铂线缆	auto
mte	29263	14x 未绝缘铂线缆	auto
mte	29264	15x 未绝缘铂线缆	auto
mte	29265	16x 未绝缘铂线缆	auto
mte	29266	1x 已绝缘铂线缆	auto
mte	29267	2x 已绝缘铂线缆	auto
mte	29269	4x 已绝缘铂线缆	auto
mte	29273	8x 已绝缘铂线缆	auto
mte	29277	12x 已绝缘铂线缆	auto
mte	29300	1x 未绝缘铱锇合金线缆	auto
mte	29301	2x 未绝缘铱锇合金线缆	auto
mte	29302	3x 未绝缘铱锇合金线缆	auto
mte	29303	4x 未绝缘铱锇合金线缆	auto
mte	29304	5x 未绝缘铱锇合金线缆	auto
mte	29305	6x 未绝缘铱锇合金线缆	auto
mte	29306	7x 未绝缘铱锇合金线缆	auto
mte	29307	8x 未绝缘铱锇合金线缆	auto
mte	29308	9x 未绝缘铱锇合金线缆	auto
mte	29309	10x 未绝缘铱锇合金线缆	auto
mte	29310	11x 未绝缘铱锇合金线缆	auto
mte	29311	12x 未绝缘铱锇合金线缆	auto
mte	29312	13x 未绝缘铱锇合金线缆	auto
mte	29313	14x 未绝缘铱锇合金线缆	auto
mte	29314	15x 未绝缘铱锇合金线缆	auto
mte	29315	16x 未绝缘铱锇合金线缆	auto
mte	29316	1x 已绝缘铱锇合金线缆	auto
mte	29317	2x 已绝缘铱锇合金线缆	auto
mte	29319	4x 已绝缘铱锇合金线缆	auto
mte	29323	8x 已绝缘铱锇合金线缆	auto
mte	29327	12x 已绝缘铱锇合金线缆	auto
mte	29350	1x 未绝缘碳化硅线缆	auto
mte	29351	2x 未绝缘碳化硅线缆	auto
mte	29352	3x 未绝缘碳化硅线缆	auto
mte	29353	4x 未绝缘碳化硅线缆	auto
mte	29354	5x 未绝缘碳化硅线缆	auto
mte	29355	6x 未绝缘碳化硅线缆	auto
mte	29356	7x 未绝缘碳化硅线缆	auto
mte	29357	8x 未绝缘碳化硅线缆	auto
mte	29358	9x 未绝缘碳化硅线缆	auto
mte	29359	10x 未绝缘碳化硅线缆	auto
mte	29360	11x 未绝缘碳化硅线缆	auto
mte	29361	12x 未绝缘碳化硅线缆	auto
mte	29362	13x 未绝缘碳化硅线缆	auto
mte	29363	14x 未绝缘碳化硅线缆	auto
mte	29364	15x 未绝缘碳化硅线缆	auto
mte	29365	16x 未绝缘碳化硅线缆	auto
mte	29366	1x 已绝缘碳化硅线缆	auto
mte	29367	2x 已绝缘碳化硅线缆	auto
mte	29369	4x 已绝缘碳化硅线缆	auto
mte	29373	8x 已绝缘碳化硅线缆	auto
mte	29377	12x 已绝缘碳化硅线缆	auto
mte	29400	1x 未绝缘铱线缆	auto
mte	29401	2x 未绝缘铱线缆	auto
mte	29402	3x 未绝缘铱线缆	auto
mte	29403	4x 未绝缘铱线缆	auto
mte	29404	5x 未绝缘铱线缆	auto
mte	29405	6x 未绝缘铱线缆	auto
mte	29406	7x 未绝缘铱线缆	auto
mte	29407	8x 未绝缘铱线缆	auto
mte	29408	9x 未绝缘铱线缆	auto
mte	29409	10x 未绝缘铱线缆	auto
mte	29410	11x 未绝缘铱线缆	auto
mte	29411	12x 未绝缘铱线缆	auto
mte	29412	13x 未绝缘铱线缆	auto
mte	29413	14x 未绝缘铱线缆	auto
mte	29414	15x 未绝缘铱线缆	auto
mte	29415	16x 未绝缘铱线缆	auto
mte	29416	1x 已绝缘铱线缆	auto
mte	29417	2x 已绝缘铱线缆	auto
mte	29419	4x 已绝缘铱线缆	auto
mte	29423	8x 已绝缘铱线缆	auto
mte	29427	12x 已绝缘铱线缆	auto
mte	29500	1x 未绝缘硅岩金属线缆	auto
mte	29501	2x 未绝缘硅岩金属线缆	auto
mte	29502	3x 未绝缘硅岩金属线缆	auto
mte	29503	4x 未绝缘硅岩金属线缆	auto
mte	29504	5x 未绝缘硅岩金属线缆	auto
mte	29505	6x 未绝缘硅岩金属线缆	auto
mte	29506	7x 未绝缘硅岩金属线缆	auto
mte	29507	8x 未绝缘硅岩金属线缆	auto
mte	29508	9x 未绝缘硅岩金属线缆	auto
mte	29509	10x 未绝缘硅岩金属线缆	auto
mte	29510	11x 未绝缘硅岩金属线缆	auto
mte	29511	12x 未绝缘硅岩金属线缆	auto
mte	29512	13x 未绝缘硅岩金属线缆	auto
mte	29513	14x 未绝缘硅岩金属线缆	auto
mte	29514	15x 未绝缘硅岩金属线缆	auto
mte	29515	16x 未绝缘硅岩金属线缆	auto
mte	29516	1x 已绝缘硅岩金属线缆	auto
mte	29517	2x 已绝缘硅岩金属线缆	auto
mte	29519	4x 已绝缘硅岩金属线缆	auto
mte	29523	8x 已绝缘硅岩金属线缆	auto
mte	29527	12x 已绝缘硅岩金属线缆	auto
mte	29550	1x 未绝缘铌钛合金线缆	auto
mte	29551	2x 未绝缘铌钛合金线缆	auto
mte	29552	3x 未绝缘铌钛合金线缆	auto
mte	29553	4x 未绝缘铌钛合金线缆	auto
mte	29554	5x 未绝缘铌钛合金线缆	auto
mte	29555	6x 未绝缘铌钛合金线缆	auto
mte	29556	7x 未绝缘铌钛合金线缆	auto
mte	29557	8x 未绝缘铌钛合金线缆	auto
mte	29558	9x 未绝缘铌钛合金线缆	auto
mte	29559	10x 未绝缘铌钛合金线缆	auto
mte	29560	11x 未绝缘铌钛合金线缆	auto
mte	29561	12x 未绝缘铌钛合金线缆	auto
mte	29562	13x 未绝缘铌钛合金线缆	auto
mte	29563	14x 未绝缘铌钛合金线缆	auto
mte	29564	15x 未绝缘铌钛合金线缆	auto
mte	29565	16x 未绝缘铌钛合金线缆	auto
mte	29566	1x 已绝缘铌钛合金线缆	auto
mte	29567	2x 已绝缘铌钛合金线缆	auto
mte	29569	4x 已绝缘铌钛合金线缆	auto
mte	29573	8x 已绝缘铌钛合金线缆	auto
mte	29577	12x 已绝缘铌钛合金线缆	auto
mte	29600	1x 未绝缘钒镓合金线缆	auto
mte	29601	2x 未绝缘钒镓合金线缆	auto
mte	29602	3x 未绝缘钒镓合金线缆	auto
mte	29603	4x 未绝缘钒镓合金线缆	auto
mte	29604	5x 未绝缘钒镓合金线缆	auto
mte	29605	6x 未绝缘钒镓合金线缆	auto
mte	29606	7x 未绝缘钒镓合金线缆	auto
mte	29607	8x 未绝缘钒镓合金线缆	auto
mte	29608	9x 未绝缘钒镓合金线缆	auto
mte	29609	10x 未绝缘钒镓合金线缆	auto
mte	29610	11x 未绝缘钒镓合金线缆	auto
mte	29611	12x 未绝缘钒镓合金线缆	auto
mte	29612	13x 未绝缘钒镓合金线缆	auto
mte	29613	14x 未绝缘钒镓合金线缆	auto
mte	29614	15x 未绝缘钒镓合金线缆	auto
mte	29615	16x 未绝缘钒镓合金线缆	auto
mte	29616	1x 已绝缘钒镓合金线缆	auto
mte	29617	2x 已绝缘钒镓合金线缆	auto
mte	29619	4x 已绝缘钒镓合金线缆	auto
mte	29623	8x 已绝缘钒镓合金线缆	auto
mte	29627	12x 已绝缘钒镓合金线缆	auto
mte	29650	1x 未绝缘钇钡铜氧合金线缆	auto
mte	29651	2x 未绝缘钇钡铜氧合金线缆	auto
mte	29652	3x 未绝缘钇钡铜氧合金线缆	auto
mte	29653	4x 未绝缘钇钡铜氧合金线缆	auto
mte	29654	5x 未绝缘钇钡铜氧合金线缆	auto
mte	29655	6x 未绝缘钇钡铜氧合金线缆	auto
mte	29656	7x 未绝缘钇钡铜氧合金线缆	auto
mte	29657	8x 未绝缘钇钡铜氧合金线缆	auto
mte	29658	9x 未绝缘钇钡铜氧合金线缆	auto
mte	29659	10x 未绝缘钇钡铜氧合金线缆	auto
mte	29660	11x 未绝缘钇钡铜氧合金线缆	auto
mte	29661	12x 未绝缘钇钡铜氧合金线缆	auto
mte	29662	13x 未绝缘钇钡铜氧合金线缆	auto
mte	29663	14x 未绝缘钇钡铜氧合金线缆	auto
mte	29664	15x 未绝缘钇钡铜氧合金线缆	auto
mte	29665	16x 未绝缘钇钡铜氧合金线缆	auto
mte	29666	1x 已绝缘钇钡铜氧合金线缆	auto
mte	29667	2x 已绝缘钇钡铜氧合金线缆	auto
mte	29669	4x 已绝缘钇钡铜氧合金线缆	auto
mte	29673	8x 已绝缘钇钡铜氧合金线缆	auto
mte	29677	12x 已绝缘钇钡铜氧合金线缆	auto
mte	29800	1x 未绝缘石墨烯线缆	auto
mte	29801	2x 未绝缘石墨烯线缆	auto
mte	29802	3x 未绝缘石墨烯线缆	auto
mte	29803	4x 未绝缘石墨烯线缆	auto
mte	29804	5x 未绝缘石墨烯线缆	auto
mte	29805	6x 未绝缘石墨烯线缆	auto
mte	29806	7x 未绝缘石墨烯线缆	auto
mte	29807	8x 未绝缘石墨烯线缆	auto
mte	29808	9x 未绝缘石墨烯线缆	auto
mte	29809	10x 未绝缘石墨烯线缆	auto
mte	29810	11x 未绝缘石墨烯线缆	auto
mte	29811	12x 未绝缘石墨烯线缆	auto
mte	29812	13x 未绝缘石墨烯线缆	auto
mte	29813	14x 未绝缘石墨烯线缆	auto
mte	29814	15x 未绝缘石墨烯线缆	auto
mte	29815	16x 未绝缘石墨烯线缆	auto
mte	29950	1x 未绝缘超导体线缆	auto
mte	29951	2x 未绝缘超导体线缆	auto
mte	29952	3x 未绝缘超导体线缆	auto
mte	29953	4x 未绝缘超导体线缆	auto
mte	29954	5x 未绝缘超导体线缆	auto
mte	29955	6x 未绝缘超导体线缆	auto
mte	29956	7x 未绝缘超导体线缆	auto
mte	29957	8x 未绝缘超导体线缆	auto
mte	29958	9x 未绝缘超导体线缆	auto
mte	29959	10x 未绝缘超导体线缆	auto
mte	29960	11x 未绝缘超导体线缆	auto
mte	29961	12x 未绝缘超导体线缆	auto
mte	29962	13x 未绝缘超导体线缆	auto
mte	29963	14x 未绝缘超导体线缆	auto
mte	29964	15x 未绝缘超导体线缆	auto
mte	29965	16x 未绝缘超导体线缆	auto
mte	3	银箱子	auto
mte	30	戴斯箱子	auto
mte	3000	带锁的铅保险箱	auto
mte	30000	物品栏中继器	auto
mte	30001	水箱中继器	auto
mte	30002	物品栏、水箱中继器	auto
mte	3001	带锁的铝保险箱	auto
mte	3002	带锁的金保险箱	auto
mte	3003	带锁的银保险箱	auto
mte	3004	带锁的铂保险箱	auto
mte	3005	带锁的锡合金保险箱	auto
mte	3006	带锁的殷钢保险箱	auto
mte	3007	带锁的琥珀金保险箱	auto
mte	3008	带锁的黄铜保险箱	auto
mte	3009	带锁的青铜保险箱	auto
mte	3010	带锁的钢保险箱	auto
mte	3011	带锁的不锈钢保险箱	auto
mte	3012	带锁的钛保险箱	auto
mte	3013	带锁的铬保险箱	auto
mte	3014	带锁的钨钢保险箱	auto
mte	3015	带锁的铱保险箱	auto
mte	3016	带锁的铋保险箱	auto
mte	3017	带锁的碳化钨保险箱	auto
mte	3018	带锁的HSLA钢保险箱	auto
mte	3019	带锁的镀锌钢保险箱	auto
mte	3020	带锁的镀金铁保险箱	auto
mte	3021	带锁的钴保险箱	auto
mte	3022	带锁的镍保险箱	auto
mte	3023	带锁的锗保险箱	auto
mte	3024	带锁的陨钢保险箱	auto
mte	3025	带锁的骑士金属保险箱	auto
mte	30255	通用中继器	auto
mte	30256	物品过滤器	auto
mte	30257	液体过滤器	auto
mte	30258	固/液过滤器	auto
mte	30259	矿物词典过滤器	auto
mte	3026	带锁的钨保险箱	auto
mte	3027	带锁的神秘锭保险箱	auto
mte	3028	带锁的虚空金属保险箱	auto
mte	3029	带锁的锇保险箱	auto
mte	3030	带锁的戴斯保险箱	auto
mte	3031	带锁的钍瑞铌合金保险箱	auto
mte	3032	带锁的钛金保险箱	auto
mte	3033	带锁的艾德曼合金保险箱	auto
mte	3034	带锁的基岩合金保险箱	auto
mte	3035	带锁的龙保险箱	auto
mte	3036	带锁的觉醒龙保险箱	auto
mte	3037	带锁的康铜保险箱	auto
mte	3038	带锁的阿迪特保险箱	auto
mte	3039	带锁的玛玉灵保险箱	auto
mte	3040	带锁的魔力钢保险箱	auto
mte	3041	带锁的源质钢保险箱	auto
mte	3042	带锁的泰拉钢保险箱	auto
mte	3043	带锁的陨石保险箱	auto
mte	3044	带锁的赛摩铜保险箱	auto
mte	3045	带锁的炽炎铁保险箱	auto
mte	3046	带锁的锰保险箱	auto
mte	3047	带锁的锑保险箱	auto
mte	3048	带锁的哈氏合金保险箱	auto
mte	3049	带锁的钼保险箱	auto
mte	3050	带锁的无尽保险箱	auto
mte	30500	物品栏扩展桥	auto
mte	30501	水箱扩展桥	auto
mte	30502	物品栏与水箱扩展桥	auto
mte	3051	带锁的下界合金保险箱	auto
mte	3052	带锁的钨合金保险箱	auto
mte	3053	带锁的绿晶保险箱	auto
mte	3054	带锁的流明保险箱	auto
mte	3055	带锁的工人合金保险箱	auto
mte	3056	带锁的铋青铜保险箱	auto
mte	3057	带锁的砷铜保险箱	auto
mte	3058	带锁的砷青铜保险箱	auto
mte	3059	带锁的钯保险箱	auto
mte	30755	通用扩展桥	auto
mte	31	钍瑞铌合金箱子	auto
mte	31000	温度传感器	auto
mte	31001	锅炉压力传感器(单位: Gibbl)	auto
mte	31002	环境光度传感器	auto
mte	31003	精确时间传感器	auto
mte	31004	库存数量传感器	auto
mte	31005	库存堆栈传感器	auto
mte	31006	流体体积传感器(单位: 升)	auto
mte	31007	流体体积传感器(单位: 桶)	auto
mte	31010	轻量级质量传感器	auto
mte	31011	中量级质量传感器	auto
mte	31012	重量级质量传感器	auto
mte	31013	超重量级质量传感器	auto
mte	31015	电力传感器	auto
mte	31016	TPS传感器	auto
mte	31017	玩家数量传感器	auto
mte	31018	进度传感器	auto
mte	31019	转速传感器	auto
mte	31020	盖革传感器	auto
mte	31021	激光传感器	auto
mte	31022	Kilo-Bucket-O-Meter Sensor	review
mte	32	钛金箱子	auto
mte	32000	微型末影传送门	auto
mte	32001	微型暮色传送门	auto
mte	32002	微型混沌传送门	auto
mte	32003	微型漆黑传送门	auto
mte	32004	微型深渊传送门	auto
mte	32005	微型沙漠传送门	auto
mte	32006	微型交错传送门	auto
mte	32007	高级黄蜂蜂箱	auto
mte	32008	杂草木储罐	auto
mte	32009	梦之木储罐	auto
mte	32010	活木储罐	auto
mte	32011	绳子	auto
mte	32012	丝带	auto
mte	32013	草绳	auto
mte	32014	塑料绳	auto
mte	32015	微型以太传送门	auto
mte	32016	微光木储罐	auto
mte	32017	宏伟之木储罐	auto
mte	32018	银树储罐	auto
mte	32019	天根木储罐	auto
mte	32020	赛摩铜储罐	auto
mte	32021	龙储罐	auto
mte	32022	神秘锭储罐	auto
mte	32023	魔力钢储罐	auto
mte	32024	盖亚储罐	auto
mte	32025	石头砧	auto
mte	32026	黑色花岗岩砧	auto
mte	32027	红色花岗岩砧	auto
mte	32028	青铜砧	auto
mte	32029	赛摩铜砧	auto
mte	32030	铁木砧	auto
mte	32031	钢砧	auto
mte	32032	神秘锭砧	auto
mte	32033	魔力钢砧	auto
mte	32034	黑钢砧	auto
mte	32035	蓝钢砧	auto
mte	32036	红钢砧	auto
mte	32037	钒钢砧	auto
mte	32038	炽炎铁砧	auto
mte	32039	炙热钢砧	auto
mte	32040	钛砧	auto
mte	32041	泰拉钢砧	auto
mte	32042	虚空金属砧	auto
mte	32043	钛金砧	auto
mte	32044	钨钢砧	auto
mte	32045	钨砧	auto
mte	32046	铱砧	auto
mte	32047	盖亚之魂砧	auto
mte	32048	艾德曼合金砧	auto
mte	32049	龙砧	auto
mte	32050	铅砧	auto
mte	32051	微型矿界传送门	auto
mte	32052	微型群峦下界传送门	auto
mte	32053	微型蕴魔热带世界传送门	auto
mte	32054	微型糖果世界传送门	auto
mte	32055	钢制计压瓶	auto
mte	32056	不锈钢制计压瓶	auto
mte	32057	钨制计压瓶	auto
mte	32058	钢有盖喷嘴	auto
mte	32059	塑料有盖喷嘴	auto
mte	32060	不锈钢有盖喷嘴	auto
mte	32061	钨有盖喷嘴	auto
mte	32062	艾德曼合金有盖喷嘴	auto
mte	32063	虚空金属储罐	auto
mte	32064	殷钢储罐	auto
mte	32065	万能花盆	auto
mte	32066	觉醒龙储罐	auto
mte	32067	无尽储罐	auto
mte	32068	觉醒龙砧	auto
mte	32069	无尽砧	auto
mte	32070	戴斯储罐	auto
mte	32071	戴斯砧	auto
mte	32072	物流储罐	auto
mte	32073	木棍	auto
mte	32074	石头	auto
mte	32075	研钵	auto
mte	32076	研钵	auto
mte	32077	碳化钽铪量杯	auto
mte	32078	碳化钽铪制计压瓶	auto
mte	32079	碳化钽铪喷嘴	auto
mte	32080	碳化钽铪龙头	auto
mte	32081	碳化钽铪漏斗	auto
mte	32082	碳化钽铪有盖喷嘴	auto
mte	32083	碳化钽铪储罐	auto
mte	32084	锭	auto
mte	32085	板	auto
mte	32086	宝石板	auto
mte	32087	下界合金储罐	auto
mte	32088	下界合金砧	auto
mte	32089	研钵	auto
mte	32090	钨合金储罐	auto
mte	32091	钨合金砧	auto
mte	32092	绿晶砧	auto
mte	32093	绿晶储罐	auto
mte	32094	研钵	auto
mte	32095	黑石砧	auto
mte	32096	微型挖矿世界传送门	auto
mte	32097	微型Caveworld传送门	auto
mte	32098	微型Cavern传送门	auto
mte	32099	微型水之洞穴传送门	auto
mte	32100	微型Caveland传送门	auto
mte	32101	微型Cavenia传送门	auto
mte	32102	青铜储罐	auto
mte	32103	废料	auto
mte	32104	火药棒	auto
mte	32105	三明治	auto
mte	32106	砷铜砧	auto
mte	32107	砷青铜砧	auto
mte	32108	藤蔓绳	auto
mte	32109	Rainbowood Barrel	review
mte	32110	Loot Crate	review
mte	32112	Steel Rope	review
mte	32252	木制覆盖板	auto
mte	32253	木制覆盖板	auto
mte	32254	木制覆盖板	auto
mte	32255	木制覆盖板	auto
mte	32256	木制覆盖板	auto
mte	32257	木制覆盖板	auto
mte	32258	木制覆盖板	auto
mte	32259	木制覆盖板	auto
mte	32260	木制覆盖板	auto
mte	32261	木制覆盖板	auto
mte	32262	木制覆盖板	auto
mte	32263	木制覆盖板	auto
mte	32264	木制覆盖板	auto
mte	32265	木制覆盖板	auto
mte	32266	木制覆盖板	auto
mte	32267	木制覆盖板	auto
mte	32268	木制覆盖板	auto
mte	32269	木制覆盖板	auto
mte	32270	木制覆盖板	auto
mte	32271	木制覆盖板	auto
mte	32272	木制覆盖板	auto
mte	32273	木制覆盖板	auto
mte	32274	木制覆盖板	auto
mte	32275	木制覆盖板	auto
mte	32276	木制覆盖板	auto
mte	32277	木制覆盖板	auto
mte	32278	木制覆盖板	auto
mte	32279	木制覆盖板	auto
mte	32280	木制覆盖板	auto
mte	32281	木制覆盖板	auto
mte	32282	木制覆盖板	auto
mte	32283	木制覆盖板	auto
mte	32284	木制覆盖板	auto
mte	32285	木制覆盖板	auto
mte	32286	木制覆盖板	auto
mte	32287	木制覆盖板	auto
mte	32288	木制覆盖板	auto
mte	32289	木制覆盖板	auto
mte	32290	木制覆盖板	auto
mte	32291	木制覆盖板	auto
mte	32292	木制覆盖板	auto
mte	32293	木制覆盖板	auto
mte	32294	木制覆盖板	auto
mte	32295	木制覆盖板	auto
mte	32296	木制覆盖板	auto
mte	32297	木制覆盖板	auto
mte	32298	木制覆盖板	auto
mte	32299	木制覆盖板	auto
mte	32300	木制覆盖板	auto
mte	32301	木制覆盖板	auto
mte	32302	木制覆盖板	auto
mte	32303	木制覆盖板	auto
mte	32304	木制覆盖板	auto
mte	32305	木制覆盖板	auto
mte	32306	木制覆盖板	auto
mte	32307	木制覆盖板	auto
mte	32308	木制覆盖板	auto
mte	32309	木制覆盖板	auto
mte	32310	木制覆盖板	auto
mte	32311	木制覆盖板	auto
mte	32312	木制覆盖板	auto
mte	32313	木制覆盖板	auto
mte	32314	木制覆盖板	auto
mte	32315	木制覆盖板	auto
mte	32316	木制覆盖板	auto
mte	32317	木制覆盖板	auto
mte	32318	木制覆盖板	auto
mte	32319	木制覆盖板	auto
mte	32320	木制覆盖板	auto
mte	32321	木制覆盖板	auto
mte	32322	木制覆盖板	auto
mte	32323	木制覆盖板	auto
mte	32324	木制覆盖板	auto
mte	32325	木制覆盖板	auto
mte	32326	木制覆盖板	auto
mte	32327	木制覆盖板	auto
mte	32328	木制覆盖板	auto
mte	32329	木制覆盖板	auto
mte	32330	木制覆盖板	auto
mte	32331	木制覆盖板	auto
mte	32332	木制覆盖板	auto
mte	32333	木制覆盖板	auto
mte	32334	木制覆盖板	auto
mte	32335	木制覆盖板	auto
mte	32336	木制覆盖板	auto
mte	32337	木制覆盖板	auto
mte	32338	木制覆盖板	auto
mte	32339	木制覆盖板	auto
mte	32340	木制覆盖板	auto
mte	32341	木制覆盖板	auto
mte	32342	木制覆盖板	auto
mte	32343	木制覆盖板	auto
mte	32344	木制覆盖板	auto
mte	32345	木制覆盖板	auto
mte	32346	木制覆盖板	auto
mte	32347	木制覆盖板	auto
mte	32348	木制覆盖板	auto
mte	32349	木制覆盖板	auto
mte	32350	木制覆盖板	auto
mte	32351	木制覆盖板	auto
mte	32352	木制覆盖板	auto
mte	32353	木制覆盖板	auto
mte	32354	木制覆盖板	auto
mte	32355	木制覆盖板	auto
mte	32356	木制覆盖板	auto
mte	32357	木制覆盖板	auto
mte	32358	木制覆盖板	auto
mte	32359	木制覆盖板	auto
mte	32360	木制覆盖板	auto
mte	32361	木制覆盖板	auto
mte	32362	木制覆盖板	auto
mte	32363	木制覆盖板	auto
mte	32364	木制覆盖板	auto
mte	32365	木制覆盖板	auto
mte	32366	木制覆盖板	auto
mte	32367	木制覆盖板	auto
mte	32368	木制覆盖板	auto
mte	32369	木制覆盖板	auto
mte	32370	木制覆盖板	auto
mte	32371	木制覆盖板	auto
mte	32372	木制覆盖板	auto
mte	32373	木制覆盖板	auto
mte	32374	木制覆盖板	auto
mte	32375	木制覆盖板	auto
mte	32376	木制覆盖板	auto
mte	32377	木制覆盖板	auto
mte	32378	木制覆盖板	auto
mte	32379	木制覆盖板	auto
mte	32380	木制覆盖板	auto
mte	32381	木制覆盖板	auto
mte	32382	木制覆盖板	auto
mte	32383	木制覆盖板	auto
mte	32384	木制覆盖板	auto
mte	32385	木制覆盖板	auto
mte	32386	木制覆盖板	auto
mte	32387	木制覆盖板	auto
mte	32388	木制覆盖板	auto
mte	32389	木制覆盖板	auto
mte	32390	木制覆盖板	auto
mte	32391	木制覆盖板	auto
mte	32392	木制覆盖板	auto
mte	32393	木制覆盖板	auto
mte	32394	木制覆盖板	auto
mte	32395	木制覆盖板	auto
mte	32396	木制覆盖板	auto
mte	32397	木制覆盖板	auto
mte	32398	木制覆盖板	auto
mte	32399	木制覆盖板	auto
mte	32400	木制覆盖板	auto
mte	32401	木制覆盖板	auto
mte	32402	木制覆盖板	auto
mte	32403	木制覆盖板	auto
mte	32404	木制覆盖板	auto
mte	32405	木制覆盖板	auto
mte	32406	木制覆盖板	auto
mte	32407	木制覆盖板	auto
mte	32408	木制覆盖板	auto
mte	32409	木制覆盖板	auto
mte	32410	木制覆盖板	auto
mte	32411	木制覆盖板	auto
mte	32412	木制覆盖板	auto
mte	32413	木制覆盖板	auto
mte	32414	木制覆盖板	auto
mte	32415	木制覆盖板	auto
mte	32416	木制覆盖板	auto
mte	32417	木制覆盖板	auto
mte	32418	木制覆盖板	auto
mte	32419	木制覆盖板	auto
mte	32420	木制覆盖板	auto
mte	32421	木制覆盖板	auto
mte	32422	木制覆盖板	auto
mte	32423	木制覆盖板	auto
mte	32424	木制覆盖板	auto
mte	32425	木制覆盖板	auto
mte	32426	木制覆盖板	auto
mte	32427	木制覆盖板	auto
mte	32428	木制覆盖板	auto
mte	32429	木制覆盖板	auto
mte	32430	木制覆盖板	auto
mte	32431	木制覆盖板	auto
mte	32432	木制覆盖板	auto
mte	32433	木制覆盖板	auto
mte	32434	木制覆盖板	auto
mte	32435	木制覆盖板	auto
mte	32436	木制覆盖板	auto
mte	32437	木制覆盖板	auto
mte	32438	木制覆盖板	auto
mte	32439	木制覆盖板	auto
mte	32440	木制覆盖板	auto
mte	32441	木制覆盖板	auto
mte	32442	木制覆盖板	auto
mte	32443	木制覆盖板	auto
mte	32444	木制覆盖板	auto
mte	32445	木制覆盖板	auto
mte	32446	木制覆盖板	auto
mte	32447	木制覆盖板	auto
mte	32448	木制覆盖板	auto
mte	32449	木制覆盖板	auto
mte	32450	木制覆盖板	auto
mte	32451	木制覆盖板	auto
mte	32452	混凝土覆盖板	auto
mte	32453	混凝土覆盖板	auto
mte	32454	混凝土覆盖板	auto
mte	32455	混凝土覆盖板	auto
mte	32456	混凝土覆盖板	auto
mte	32457	混凝土覆盖板	auto
mte	32458	混凝土覆盖板	auto
mte	32459	混凝土覆盖板	auto
mte	32460	混凝土覆盖板	auto
mte	32461	混凝土覆盖板	auto
mte	32462	混凝土覆盖板	auto
mte	32463	混凝土覆盖板	auto
mte	32464	混凝土覆盖板	auto
mte	32465	混凝土覆盖板	auto
mte	32466	混凝土覆盖板	auto
mte	32467	混凝土覆盖板	auto
mte	32468	建筑泡沫覆盖板	auto
mte	32469	建筑泡沫覆盖板	auto
mte	32470	建筑泡沫覆盖板	auto
mte	32471	建筑泡沫覆盖板	auto
mte	32472	建筑泡沫覆盖板	auto
mte	32473	建筑泡沫覆盖板	auto
mte	32474	建筑泡沫覆盖板	auto
mte	32475	建筑泡沫覆盖板	auto
mte	32476	建筑泡沫覆盖板	auto
mte	32477	建筑泡沫覆盖板	auto
mte	32478	建筑泡沫覆盖板	auto
mte	32479	建筑泡沫覆盖板	auto
mte	32480	建筑泡沫覆盖板	auto
mte	32481	建筑泡沫覆盖板	auto
mte	32482	建筑泡沫覆盖板	auto
mte	32483	建筑泡沫覆盖板	auto
mte	32484	沥青覆盖板	auto
mte	32485	沥青覆盖板	auto
mte	32486	沥青覆盖板	auto
mte	32487	沥青覆盖板	auto
mte	32488	沥青覆盖板	auto
mte	32489	沥青覆盖板	auto
mte	32490	沥青覆盖板	auto
mte	32491	沥青覆盖板	auto
mte	32492	沥青覆盖板	auto
mte	32493	沥青覆盖板	auto
mte	32494	沥青覆盖板	auto
mte	32495	沥青覆盖板	auto
mte	32496	沥青覆盖板	auto
mte	32497	沥青覆盖板	auto
mte	32498	沥青覆盖板	auto
mte	32499	沥青覆盖板	auto
mte	32500	木制覆盖板	auto
mte	32501	木制覆盖板	auto
mte	32502	木制覆盖板	auto
mte	32503	木制覆盖板	auto
mte	32504	木制覆盖板	auto
mte	32505	木制覆盖板	auto
mte	32506	木制覆盖板	auto
mte	32507	木制覆盖板	auto
mte	32508	木制覆盖板	auto
mte	32509	木制覆盖板	auto
mte	32510	木制覆盖板	auto
mte	32511	木制覆盖板	auto
mte	32512	木制覆盖板	auto
mte	32513	木制覆盖板	auto
mte	32514	木制覆盖板	auto
mte	32515	木制覆盖板	auto
mte	32516	木制覆盖板	auto
mte	32517	木制覆盖板	auto
mte	32518	木制覆盖板	auto
mte	32519	木制覆盖板	auto
mte	32520	木制覆盖板	auto
mte	32521	木制覆盖板	auto
mte	32522	木制覆盖板	auto
mte	32523	木制覆盖板	auto
mte	32524	木制覆盖板	auto
mte	32525	木制覆盖板	auto
mte	32526	木制覆盖板	auto
mte	32527	木制覆盖板	auto
mte	32528	木制覆盖板	auto
mte	32529	木制覆盖板	auto
mte	32530	木制覆盖板	auto
mte	32531	木制覆盖板	auto
mte	32532	木制覆盖板	auto
mte	32533	木制覆盖板	auto
mte	32534	木制覆盖板	auto
mte	32535	木制覆盖板	auto
mte	32536	木制覆盖板	auto
mte	32537	木制覆盖板	auto
mte	32538	木制覆盖板	auto
mte	32539	木制覆盖板	auto
mte	32540	木制覆盖板	auto
mte	32541	木制覆盖板	auto
mte	32542	木制覆盖板	auto
mte	32543	木制覆盖板	auto
mte	32544	木制覆盖板	auto
mte	32545	木制覆盖板	auto
mte	32546	木制覆盖板	auto
mte	32547	木制覆盖板	auto
mte	32548	木制覆盖板	auto
mte	32549	木制覆盖板	auto
mte	32550	木制覆盖板	auto
mte	32551	木制覆盖板	auto
mte	32552	木制覆盖板	auto
mte	32553	木制覆盖板	auto
mte	32554	木制覆盖板	auto
mte	32555	木制覆盖板	auto
mte	32556	木制覆盖板	auto
mte	32557	木制覆盖板	auto
mte	32558	木制覆盖板	auto
mte	32559	木制覆盖板	auto
mte	32560	木制覆盖板	auto
mte	32561	木制覆盖板	auto
mte	32562	木制覆盖板	auto
mte	32563	木制覆盖板	auto
mte	32564	木制覆盖板	auto
mte	32565	木制覆盖板	auto
mte	32566	木制覆盖板	auto
mte	32567	木制覆盖板	auto
mte	32568	木制覆盖板	auto
mte	32569	木制覆盖板	auto
mte	32570	木制覆盖板	auto
mte	32571	木制覆盖板	auto
mte	32572	木制覆盖板	auto
mte	32573	木制覆盖板	auto
mte	32574	木制覆盖板	auto
mte	32575	木制覆盖板	auto
mte	32576	木制覆盖板	auto
mte	32577	木制覆盖板	auto
mte	32578	木制覆盖板	auto
mte	32579	木制覆盖板	auto
mte	32580	木制覆盖板	auto
mte	32581	木制覆盖板	auto
mte	32582	木制覆盖板	auto
mte	32583	木制覆盖板	auto
mte	32584	木制覆盖板	auto
mte	32585	木制覆盖板	auto
mte	32586	木制覆盖板	auto
mte	32587	木制覆盖板	auto
mte	32588	木制覆盖板	auto
mte	32589	木制覆盖板	auto
mte	32590	木制覆盖板	auto
mte	32591	木制覆盖板	auto
mte	32592	木制覆盖板	auto
mte	32593	木制覆盖板	auto
mte	32594	木制覆盖板	auto
mte	32595	木制覆盖板	auto
mte	32596	木制覆盖板	auto
mte	32597	木制覆盖板	auto
mte	32598	木制覆盖板	auto
mte	32599	木制覆盖板	auto
mte	32600	单元式流体容器 (蜡)	auto
mte	32601	单元式流体容器 (蜂蜡)	auto
mte	32602	单元式流体容器 (植物蜡)	auto
mte	32603	单元式流体容器 (石蜡)	auto
mte	32604	单元式流体容器 (耐高温蜡)	auto
mte	32605	单元式流体容器 (魔力蜂蜡)	auto
mte	32606	单元式流体容器 (塑料)	auto
mte	32607	单元式流体容器 (锡)	auto
mte	32608	单元式流体容器 (锡合金)	auto
mte	32609	单元式流体容器 (殷钢)	auto
mte	32610	单元式流体容器 (铝)	auto
mte	32611	单元式流体容器 (不锈钢)	auto
mte	32612	单元式流体容器 (钛)	auto
mte	32613	单元式流体容器 (钨钢)	auto
mte	32614	单元式流体容器 (碳化钨)	auto
mte	32615	单元式流体容器 (钨)	auto
mte	32616	单元式流体容器 (特林金属)	auto
mte	32617	单元式流体容器 (特林钛合金)	auto
mte	32618	单元式流体容器 (艾德曼合金)	auto
mte	32619	单元式流体容器 (神秘锭)	auto
mte	32620	单元式流体容器 (虚空金属)	auto
mte	32621	单元式流体容器 (钍瑞铌合金)	auto
mte	32622	单元式流体容器 (龙)	auto
mte	32623	单元式流体容器 (觉醒龙)	auto
mte	32624	单元式流体容器 (遗忘蜜蜡)	auto
mte	32625	单元式流体容器 (灵魂蜜蜡)	auto
mte	32626	单元式流体容器 (赛摩铜)	auto
mte	32627	单元式流体容器 (魔力钢)	auto
mte	32628	单元式流体容器 (泰拉钢)	auto
mte	32629	单元式流体容器 (源质钢)	auto
mte	32630	单元式流体容器 (盖亚之魂)	auto
mte	32631	单元式流体容器 (无尽)	auto
mte	32632	单元式流体容器 (戴斯)	auto
mte	32633	单元式流体容器 (碳化钽铪)	auto
mte	32634	单元式流体容器 (下界合金)	auto
mte	32635	单元式流体容器 (金)	auto
mte	32636	单元式流体容器 (钨合金)	auto
mte	32637	单元式流体容器 (绿晶)	auto
mte	32638	单元式流体容器 (工人合金)	auto
mte	32639	单元式流体容器 (钯)	auto
mte	32700	硬币	auto
mte	32701	铸币模具	auto
mte	32702	筛选台	auto
mte	32703	打磨石	auto
mte	32704	筛粉漏斗	auto
mte	32705	搅拌桌	auto
mte	32706	搅拌盆	auto
mte	32707	浸洗桌	auto
mte	32708	浸洗盆	auto
mte	32709	末影垃圾桶	auto
mte	32710	末影垃圾堆	auto
mte	32711	高级按钮	auto
mte	32712	强化矿用雷管	auto
mte	32713	锯末炸药	auto
mte	32714	木制储罐	auto
mte	32715	塑料储罐	auto
mte	32716	不锈钢储罐	auto
mte	32717	钨钢储罐	auto
mte	32718	钨储罐	auto
mte	32719	艾德曼合金储罐	auto
mte	32720	木质浸洗桌	auto
mte	32721	木质浸洗盆	auto
mte	32722	榨汁机	auto
mte	32723	陶瓷漏斗	auto
mte	32724	塑料漏斗	auto
mte	32725	不锈钢漏斗	auto
mte	32726	钨漏斗	auto
mte	32727	艾德曼合金漏斗	auto
mte	32728	陶瓷龙头	auto
mte	32729	塑料龙头	auto
mte	32730	不锈钢龙头	auto
mte	32731	钨龙头	auto
mte	32732	艾德曼合金龙头	auto
mte	32733	木制储罐	auto
mte	32734	铁木储罐	auto
mte	32735	研钵	auto
mte	32736	树液/乳胶收集袋	auto
mte	32737	保温杯	auto
mte	32738	陶瓷量杯	auto
mte	32739	瓷杯	auto
mte	32740	陶杯	auto
mte	32741	黄蜂蜂箱	auto
mte	32742	钛储罐	auto
mte	32743	不锈钢量杯	auto
mte	32744	钨量杯	auto
mte	32745	宝藏箱子	auto
mte	32746	钢喷嘴	auto
mte	32747	塑料喷嘴	auto
mte	32748	不锈钢喷嘴	auto
mte	32749	钨喷嘴	auto
mte	32750	艾德曼合金喷嘴	auto
mte	32751	存储输入器	auto
mte	32752	木制储罐	auto
mte	32753	木制储罐	auto
mte	32754	木制储罐	auto
mte	32755	黄蜂蜂巢	auto
mte	32756	木棍	auto
mte	32757	石头	auto
mte	32758	格雷灯笼	auto
mte	32759	莓丛	auto
mte	32760	开孔的彩虹树原木	auto
mte	32761	开孔的枫树原木	auto
mte	32762	橡胶产出口	auto
mte	32763	液体泉	auto
mte	32764	赞助者证书	auto
mte	32765	脚手架建筑泡沫方块	auto
mte	32766	微型下界传送门	auto
mte	33	艾德曼合金箱子	auto
mte	34	基岩合金箱子	auto
mte	35	龙箱子	auto
mte	36	觉醒龙箱子	auto
mte	37	康铜箱子	auto
mte	38	阿迪特箱子	auto
mte	39	玛玉灵箱子	auto
mte	4	铂箱子	auto
mte	40	魔力钢箱子	auto
mte	4000	四联抽屉 (铅)	auto
mte	4001	四联抽屉 (铝)	auto
mte	4002	四联抽屉 (金)	auto
mte	4003	四联抽屉 (银)	auto
mte	4004	四联抽屉 (铂)	auto
mte	4005	四联抽屉 (锡合金)	auto
mte	4006	四联抽屉 (殷钢)	auto
mte	4007	四联抽屉 (琥珀金)	auto
mte	4008	四联抽屉 (黄铜)	auto
mte	4009	四联抽屉 (青铜)	auto
mte	4010	四联抽屉 (钢)	auto
mte	4011	四联抽屉 (不锈钢)	auto
mte	4012	四联抽屉 (钛)	auto
mte	4013	四联抽屉 (铬)	auto
mte	4014	四联抽屉 (钨钢)	auto
mte	4015	四联抽屉 (铱)	auto
mte	4016	四联抽屉 (铋)	auto
mte	4017	四联抽屉 (碳化钨)	auto
mte	4018	四联抽屉 (HSLA钢)	auto
mte	4019	四联抽屉 (镀锌钢)	auto
mte	4020	四联抽屉 (镀金铁)	auto
mte	4021	四联抽屉 (钴)	auto
mte	4022	四联抽屉 (镍)	auto
mte	4023	四联抽屉 (锗)	auto
mte	4024	四联抽屉 (陨钢)	auto
mte	4025	四联抽屉 (骑士金属)	auto
mte	4026	四联抽屉 (钨)	auto
mte	4027	四联抽屉 (神秘锭)	auto
mte	4028	四联抽屉 (虚空金属)	auto
mte	4029	四联抽屉 (锇)	auto
mte	4030	四联抽屉 (戴斯)	auto
mte	4031	四联抽屉 (钍瑞铌合金)	auto
mte	4032	四联抽屉 (钛金)	auto
mte	4033	四联抽屉 (艾德曼合金)	auto
mte	4034	四联抽屉 (基岩合金)	auto
mte	4035	四联抽屉 (龙)	auto
mte	4036	四联抽屉 (觉醒龙)	auto
mte	4037	四联抽屉 (康铜)	auto
mte	4038	四联抽屉 (阿迪特)	auto
mte	4039	四联抽屉 (玛玉灵)	auto
mte	4040	四联抽屉 (魔力钢)	auto
mte	4041	四联抽屉 (源质钢)	auto
mte	4042	四联抽屉 (泰拉钢)	auto
mte	4043	四联抽屉 (陨石)	auto
mte	4044	四联抽屉 (赛摩铜)	auto
mte	4045	四联抽屉 (炽炎铁)	auto
mte	4046	四联抽屉 (锰)	auto
mte	4047	四联抽屉 (锑)	auto
mte	4048	四联抽屉 (哈氏合金)	auto
mte	4049	四联抽屉 (钼)	auto
mte	4050	四联抽屉 (无尽)	auto
mte	4051	四联抽屉 (下界合金)	auto
mte	4052	四联抽屉 (钨合金)	auto
mte	4053	四联抽屉 (绿晶)	auto
mte	4054	四联抽屉 (流明)	auto
mte	4055	四联抽屉 (工人合金)	auto
mte	4056	四联抽屉 (铋青铜)	auto
mte	4057	四联抽屉 (砷铜)	auto
mte	4058	四联抽屉 (砷青铜)	auto
mte	4059	四联抽屉 (钯)	auto
mte	41	源质钢箱子	auto
mte	42	泰拉钢箱子	auto
mte	43	陨石箱子	auto
mte	44	赛摩铜箱子	auto
mte	45	炽炎铁箱子	auto
mte	46	锰箱子	auto
mte	47	锑箱子	auto
mte	48	哈氏合金箱子	auto
mte	49	钼箱子	auto
mte	5	锡合金箱子	auto
mte	50	无尽箱子	auto
mte	500	铅强化木箱	auto
mte	5000	高级工作台 (铅)	auto
mte	5001	高级工作台 (铝)	auto
mte	5002	高级工作台 (金)	auto
mte	5003	高级工作台 (银)	auto
mte	5004	高级工作台 (铂)	auto
mte	5005	高级工作台 (锡合金)	auto
mte	5006	高级工作台 (殷钢)	auto
mte	5007	高级工作台 (琥珀金)	auto
mte	5008	高级工作台 (黄铜)	auto
mte	5009	高级工作台 (青铜)	auto
mte	501	铝强化木箱	auto
mte	5010	高级工作台 (钢)	auto
mte	5011	高级工作台 (不锈钢)	auto
mte	5012	高级工作台 (钛)	auto
mte	5013	高级工作台 (铬)	auto
mte	5014	高级工作台 (钨钢)	auto
mte	5015	高级工作台 (铱)	auto
mte	5016	高级工作台 (铋)	auto
mte	5017	高级工作台 (碳化钨)	auto
mte	5018	高级工作台 (HSLA钢)	auto
mte	5019	高级工作台 (镀锌钢)	auto
mte	502	金强化木箱	auto
mte	5020	高级工作台 (镀金铁)	auto
mte	5021	高级工作台 (钴)	auto
mte	5022	高级工作台 (镍)	auto
mte	5023	高级工作台 (锗)	auto
mte	5024	高级工作台 (陨钢)	auto
mte	5025	高级工作台 (骑士金属)	auto
mte	5026	高级工作台 (钨)	auto
mte	5027	高级工作台 (神秘锭)	auto
mte	5028	高级工作台 (虚空金属)	auto
mte	5029	高级工作台 (锇)	auto
mte	503	银强化木箱	auto
mte	5030	高级工作台 (戴斯)	auto
mte	5031	高级工作台 (钍瑞铌合金)	auto
mte	5032	高级工作台 (钛金)	auto
mte	5033	高级工作台 (艾德曼合金)	auto
mte	5034	高级工作台 (基岩合金)	auto
mte	5035	高级工作台 (龙)	auto
mte	5036	高级工作台 (觉醒龙)	auto
mte	5037	高级工作台 (康铜)	auto
mte	5038	高级工作台 (阿迪特)	auto
mte	5039	高级工作台 (玛玉灵)	auto
mte	504	铂强化木箱	auto
mte	5040	高级工作台 (魔力钢)	auto
mte	5041	高级工作台 (源质钢)	auto
mte	5042	高级工作台 (泰拉钢)	auto
mte	5043	高级工作台 (陨石)	auto
mte	5044	高级工作台 (赛摩铜)	auto
mte	5045	高级工作台 (炽炎铁)	auto
mte	5046	高级工作台 (锰)	auto
mte	5047	高级工作台 (锑)	auto
mte	5048	高级工作台 (哈氏合金)	auto
mte	5049	高级工作台 (钼)	auto
mte	505	锡合金强化木箱	auto
mte	5050	高级工作台 (无尽)	auto
mte	5051	高级工作台 (下界合金)	auto
mte	5052	高级工作台 (钨合金)	auto
mte	5053	高级工作台 (绿晶)	auto
mte	5054	高级工作台 (流明)	auto
mte	5055	高级工作台 (工人合金)	auto
mte	5056	高级工作台 (铋青铜)	auto
mte	5057	高级工作台 (砷铜)	auto
mte	5058	高级工作台 (砷青铜)	auto
mte	5059	高级工作台 (钯)	auto
mte	506	殷钢强化木箱	auto
mte	507	琥珀金强化木箱	auto
mte	508	黄铜强化木箱	auto
mte	509	青铜强化木箱	auto
mte	51	下界合金箱子	auto
mte	510	钢强化木箱	auto
mte	511	不锈钢强化木箱	auto
mte	512	钛强化木箱	auto
mte	513	铬强化木箱	auto
mte	514	钨钢强化木箱	auto
mte	515	铱强化木箱	auto
mte	516	铋强化木箱	auto
mte	517	碳化钨强化木箱	auto
mte	518	HSLA钢强化木箱	auto
mte	519	镀锌钢强化木箱	auto
mte	52	钨合金箱子	auto
mte	520	镀金铁强化木箱	auto
mte	521	钴强化木箱	auto
mte	522	镍强化木箱	auto
mte	523	锗强化木箱	auto
mte	524	陨钢强化木箱	auto
mte	525	骑士金属强化木箱	auto
mte	526	钨强化木箱	auto
mte	527	神秘锭强化木箱	auto
mte	528	虚空金属强化木箱	auto
mte	529	锇强化木箱	auto
mte	53	绿晶箱子	auto
mte	530	戴斯强化木箱	auto
mte	531	钍瑞铌合金强化木箱	auto
mte	532	钛金强化木箱	auto
mte	533	艾德曼合金强化木箱	auto
mte	534	基岩合金强化木箱	auto
mte	535	龙强化木箱	auto
mte	536	觉醒龙强化木箱	auto
mte	537	康铜强化木箱	auto
mte	538	阿迪特强化木箱	auto
mte	539	玛玉灵强化木箱	auto
mte	54	流明箱子	auto
mte	540	魔力钢强化木箱	auto
mte	541	源质钢强化木箱	auto
mte	542	泰拉钢强化木箱	auto
mte	543	陨石强化木箱	auto
mte	544	赛摩铜强化木箱	auto
mte	545	炽炎铁强化木箱	auto
mte	546	锰强化木箱	auto
mte	547	锑强化木箱	auto
mte	548	哈氏合金强化木箱	auto
mte	549	钼强化木箱	auto
mte	55	工人合金箱子	auto
mte	550	无尽强化木箱	auto
mte	5500	充能工作台 (铅)	auto
mte	5501	充能工作台 (铝)	auto
mte	5502	充能工作台 (金)	auto
mte	5503	充能工作台 (银)	auto
mte	5504	充能工作台 (铂)	auto
mte	5505	充能工作台 (锡合金)	auto
mte	5506	充能工作台 (殷钢)	auto
mte	5507	充能工作台 (琥珀金)	auto
mte	5508	充能工作台 (黄铜)	auto
mte	5509	充能工作台 (青铜)	auto
mte	551	下界合金强化木箱	auto
mte	5510	充能工作台 (钢)	auto
mte	5511	充能工作台 (不锈钢)	auto
mte	5512	充能工作台 (钛)	auto
mte	5513	充能工作台 (铬)	auto
mte	5514	充能工作台 (钨钢)	auto
mte	5515	充能工作台 (铱)	auto
mte	5516	充能工作台 (铋)	auto
mte	5517	充能工作台 (碳化钨)	auto
mte	5518	充能工作台 (HSLA钢)	auto
mte	5519	充能工作台 (镀锌钢)	auto
mte	552	钨合金强化木箱	auto
mte	5520	充能工作台 (镀金铁)	auto
mte	5521	充能工作台 (钴)	auto
mte	5522	充能工作台 (镍)	auto
mte	5523	充能工作台 (锗)	auto
mte	5524	充能工作台 (陨钢)	auto
mte	5525	充能工作台 (骑士金属)	auto
mte	5526	充能工作台 (钨)	auto
mte	5527	充能工作台 (神秘锭)	auto
mte	5528	充能工作台 (虚空金属)	auto
mte	5529	充能工作台 (锇)	auto
mte	553	绿晶强化木箱	auto
mte	5530	充能工作台 (戴斯)	auto
mte	5531	充能工作台 (钍瑞铌合金)	auto
mte	5532	充能工作台 (钛金)	auto
mte	5533	充能工作台 (艾德曼合金)	auto
mte	5534	充能工作台 (基岩合金)	auto
mte	5535	充能工作台 (龙)	auto
mte	5536	充能工作台 (觉醒龙)	auto
mte	5537	充能工作台 (康铜)	auto
mte	5538	充能工作台 (阿迪特)	auto
mte	5539	充能工作台 (玛玉灵)	auto
mte	554	流明强化木箱	auto
mte	5540	充能工作台 (魔力钢)	auto
mte	5541	充能工作台 (源质钢)	auto
mte	5542	充能工作台 (泰拉钢)	auto
mte	5543	充能工作台 (陨石)	auto
mte	5544	充能工作台 (赛摩铜)	auto
mte	5545	充能工作台 (炽炎铁)	auto
mte	5546	充能工作台 (锰)	auto
mte	5547	充能工作台 (锑)	auto
mte	5548	充能工作台 (哈氏合金)	auto
mte	5549	充能工作台 (钼)	auto
mte	555	工人合金强化木箱	auto
mte	5550	充能工作台 (无尽)	auto
mte	5551	充能工作台 (下界合金)	auto
mte	5552	充能工作台 (钨合金)	auto
mte	5553	充能工作台 (绿晶)	auto
mte	5554	充能工作台 (流明)	auto
mte	5555	充能工作台 (工人合金)	auto
mte	5556	充能工作台 (铋青铜)	auto
mte	5557	充能工作台 (砷铜)	auto
mte	5558	充能工作台 (砷青铜)	auto
mte	5559	充能工作台 (钯)	auto
mte	556	铋青铜强化木箱	auto
mte	557	砷铜强化木箱	auto
mte	558	砷青铜强化木箱	auto
mte	559	钯强化木箱	auto
mte	56	铋青铜箱子	auto
mte	57	砷铜箱子	auto
mte	58	砷青铜箱子	auto
mte	59	钯箱子	auto
mte	6	殷钢箱子	auto
mte	6000	量子存储器 (铅)	auto
mte	6001	量子存储器 (铝)	auto
mte	6002	量子存储器 (金)	auto
mte	6003	量子存储器 (银)	auto
mte	6004	量子存储器 (铂)	auto
mte	6005	量子存储器 (锡合金)	auto
mte	6006	量子存储器 (殷钢)	auto
mte	6007	量子存储器 (琥珀金)	auto
mte	6008	量子存储器 (黄铜)	auto
mte	6009	量子存储器 (青铜)	auto
mte	6010	量子存储器 (钢)	auto
mte	6011	量子存储器 (不锈钢)	auto
mte	6012	量子存储器 (钛)	auto
mte	6013	量子存储器 (铬)	auto
mte	6014	量子存储器 (钨钢)	auto
mte	6015	量子存储器 (铱)	auto
mte	6016	量子存储器 (铋)	auto
mte	6017	量子存储器 (碳化钨)	auto
mte	6018	量子存储器 (HSLA钢)	auto
mte	6019	量子存储器 (镀锌钢)	auto
mte	6020	量子存储器 (镀金铁)	auto
mte	6021	量子存储器 (钴)	auto
mte	6022	量子存储器 (镍)	auto
mte	6023	量子存储器 (锗)	auto
mte	6024	量子存储器 (陨钢)	auto
mte	6025	量子存储器 (骑士金属)	auto
mte	6026	量子存储器 (钨)	auto
mte	6027	量子存储器 (神秘锭)	auto
mte	6028	量子存储器 (虚空金属)	auto
mte	6029	量子存储器 (锇)	auto
mte	6030	量子存储器 (戴斯)	auto
mte	6031	量子存储器 (钍瑞铌合金)	auto
mte	6032	量子存储器 (钛金)	auto
mte	6033	量子存储器 (艾德曼合金)	auto
mte	6034	量子存储器 (基岩合金)	auto
mte	6035	量子存储器 (龙)	auto
mte	6036	量子存储器 (觉醒龙)	auto
mte	6037	量子存储器 (康铜)	auto
mte	6038	量子存储器 (阿迪特)	auto
mte	6039	量子存储器 (玛玉灵)	auto
mte	6040	量子存储器 (魔力钢)	auto
mte	6041	量子存储器 (源质钢)	auto
mte	6042	量子存储器 (泰拉钢)	auto
mte	6043	量子存储器 (陨石)	auto
mte	6044	量子存储器 (赛摩铜)	auto
mte	6045	量子存储器 (炽炎铁)	auto
mte	6046	量子存储器 (锰)	auto
mte	6047	量子存储器 (锑)	auto
mte	6048	量子存储器 (哈氏合金)	auto
mte	6049	量子存储器 (钼)	auto
mte	6050	量子存储器 (无尽)	auto
mte	6051	量子存储器 (下界合金)	auto
mte	6052	量子存储器 (钨合金)	auto
mte	6053	量子存储器 (绿晶)	auto
mte	6054	量子存储器 (流明)	auto
mte	6055	量子存储器 (工人合金)	auto
mte	6056	量子存储器 (铋青铜)	auto
mte	6057	量子存储器 (砷铜)	auto
mte	6058	量子存储器 (砷青铜)	auto
mte	6059	量子存储器 (钯)	auto
mte	6200	物流量子存储器 (铅)	auto
mte	6201	物流量子存储器 (铝)	auto
mte	6202	物流量子存储器 (金)	auto
mte	6203	物流量子存储器 (银)	auto
mte	6204	物流量子存储器 (铂)	auto
mte	6205	物流量子存储器 (锡合金)	auto
mte	6206	物流量子存储器 (殷钢)	auto
mte	6207	物流量子存储器 (琥珀金)	auto
mte	6208	物流量子存储器 (黄铜)	auto
mte	6209	物流量子存储器 (青铜)	auto
mte	6210	物流量子存储器 (钢)	auto
mte	6211	物流量子存储器 (不锈钢)	auto
mte	6212	物流量子存储器 (钛)	auto
mte	6213	物流量子存储器 (铬)	auto
mte	6214	物流量子存储器 (钨钢)	auto
mte	6215	物流量子存储器 (铱)	auto
mte	6216	物流量子存储器 (铋)	auto
mte	6217	物流量子存储器 (碳化钨)	auto
mte	6218	物流量子存储器 (HSLA钢)	auto
mte	6219	物流量子存储器 (镀锌钢)	auto
mte	6220	物流量子存储器 (镀金铁)	auto
mte	6221	物流量子存储器 (钴)	auto
mte	6222	物流量子存储器 (镍)	auto
mte	6223	物流量子存储器 (锗)	auto
mte	6224	物流量子存储器 (陨钢)	auto
mte	6225	物流量子存储器 (骑士金属)	auto
mte	6226	物流量子存储器 (钨)	auto
mte	6227	物流量子存储器 (神秘锭)	auto
mte	6228	物流量子存储器 (虚空金属)	auto
mte	6229	物流量子存储器 (锇)	auto
mte	6230	物流量子存储器 (戴斯)	auto
mte	6231	物流量子存储器 (钍瑞铌合金)	auto
mte	6232	物流量子存储器 (钛金)	auto
mte	6233	物流量子存储器 (艾德曼合金)	auto
mte	6234	物流量子存储器 (基岩合金)	auto
mte	6235	物流量子存储器 (龙)	auto
mte	6236	物流量子存储器 (觉醒龙)	auto
mte	6237	物流量子存储器 (康铜)	auto
mte	6238	物流量子存储器 (阿迪特)	auto
mte	6239	物流量子存储器 (玛玉灵)	auto
mte	6240	物流量子存储器 (魔力钢)	auto
mte	6241	物流量子存储器 (源质钢)	auto
mte	6242	物流量子存储器 (泰拉钢)	auto
mte	6243	物流量子存储器 (陨石)	auto
mte	6244	物流量子存储器 (赛摩铜)	auto
mte	6245	物流量子存储器 (炽炎铁)	auto
mte	6246	物流量子存储器 (锰)	auto
mte	6247	物流量子存储器 (锑)	auto
mte	6248	物流量子存储器 (哈氏合金)	auto
mte	6249	物流量子存储器 (钼)	auto
mte	6250	物流量子存储器 (无尽)	auto
mte	6251	物流量子存储器 (下界合金)	auto
mte	6252	物流量子存储器 (钨合金)	auto
mte	6253	物流量子存储器 (绿晶)	auto
mte	6254	物流量子存储器 (流明)	auto
mte	6255	物流量子存储器 (工人合金)	auto
mte	6256	物流量子存储器 (铋青铜)	auto
mte	6257	物流量子存储器 (砷铜)	auto
mte	6258	物流量子存储器 (砷青铜)	auto
mte	6259	物流量子存储器 (钯)	auto
mte	6983	天根木储物桶	auto
mte	6984	银树储物桶	auto
mte	6985	宏伟之木储物桶	auto
mte	6986	微光木储物桶	auto
mte	6987	梦之木储物桶	auto
mte	6988	活木储物桶	auto
mte	6989	杂草木储物桶	auto
mte	6990	木制储物桶	auto
mte	6991	木制储物桶	auto
mte	6992	木制储物桶	auto
mte	6993	塑料存储箱 (128)	auto
mte	6994	塑料存储箱 (256)	auto
mte	6995	塑料存储箱 (512)	auto
mte	6996	塑料存储箱 (1024)	auto
mte	6997	铁木储物桶	auto
mte	6998	木制储物桶	auto
mte	6999	木制储物桶	auto
mte	7	琥珀金箱子	auto
mte	7000	木制书架	auto
mte	7001	木制书架	auto
mte	7002	木制书架	auto
mte	7003	木制书架	auto
mte	7004	木制书架	auto
mte	7005	木制书架	auto
mte	7006	木制书架	auto
mte	7007	木制书架	auto
mte	7008	木制书架	auto
mte	7009	木制书架	auto
mte	7010	木制书架	auto
mte	7011	木制书架	auto
mte	7012	木制书架	auto
mte	7013	木制书架	auto
mte	7014	木制书架	auto
mte	7015	木制书架	auto
mte	7016	木制书架	auto
mte	7017	木制书架	auto
mte	7018	木制书架	auto
mte	7019	木制书架	auto
mte	7020	木制书架	auto
mte	7021	木制书架	auto
mte	7022	木制书架	auto
mte	7023	木制书架	auto
mte	7024	木制书架	auto
mte	7025	木制书架	auto
mte	7026	木制书架	auto
mte	7027	木制书架	auto
mte	7028	木制书架	auto
mte	7029	木制书架	auto
mte	7030	木制书架	auto
mte	7031	木制书架	auto
mte	7032	木制书架	auto
mte	7033	木制书架	auto
mte	7034	木制书架	auto
mte	7035	木制书架	auto
mte	7036	木制书架	auto
mte	7037	木制书架	auto
mte	7038	木制书架	auto
mte	7039	木制书架	auto
mte	7040	木制书架	auto
mte	7041	木制书架	auto
mte	7042	木制书架	auto
mte	7043	木制书架	auto
mte	7044	木制书架	auto
mte	7045	木制书架	auto
mte	7046	木制书架	auto
mte	7047	木制书架	auto
mte	7048	木制书架	auto
mte	7049	木制书架	auto
mte	7050	木制书架	auto
mte	7051	木制书架	auto
mte	7052	木制书架	auto
mte	7053	木制书架	auto
mte	7054	木制书架	auto
mte	7055	木制书架	auto
mte	7056	木制书架	auto
mte	7057	木制书架	auto
mte	7058	木制书架	auto
mte	7059	木制书架	auto
mte	7060	木制书架	auto
mte	7061	木制书架	auto
mte	7062	木制书架	auto
mte	7063	木制书架	auto
mte	7064	木制书架	auto
mte	7065	木制书架	auto
mte	7066	木制书架	auto
mte	7067	木制书架	auto
mte	7068	木制书架	auto
mte	7069	木制书架	auto
mte	7070	木制书架	auto
mte	7071	木制书架	auto
mte	7072	木制书架	auto
mte	7073	木制书架	auto
mte	7074	木制书架	auto
mte	7075	木制书架	auto
mte	7076	木制书架	auto
mte	7077	木制书架	auto
mte	7078	木制书架	auto
mte	7079	木制书架	auto
mte	7080	木制书架	auto
mte	7081	木制书架	auto
mte	7082	木制书架	auto
mte	7083	木制书架	auto
mte	7084	木制书架	auto
mte	7085	木制书架	auto
mte	7086	木制书架	auto
mte	7087	木制书架	auto
mte	7088	木制书架	auto
mte	7089	木制书架	auto
mte	7090	木制书架	auto
mte	7091	木制书架	auto
mte	7092	木制书架	auto
mte	7093	木制书架	auto
mte	7094	木制书架	auto
mte	7095	木制书架	auto
mte	7096	木制书架	auto
mte	7097	木制书架	auto
mte	7098	木制书架	auto
mte	7099	木制书架	auto
mte	7100	书架 (铅)	auto
mte	7101	书架 (铝)	auto
mte	7102	书架 (金)	auto
mte	7103	书架 (银)	auto
mte	7104	书架 (铂)	auto
mte	7105	书架 (锡合金)	auto
mte	7106	书架 (殷钢)	auto
mte	7107	书架 (琥珀金)	auto
mte	7108	书架 (黄铜)	auto
mte	7109	书架 (青铜)	auto
mte	7110	书架 (钢)	auto
mte	7111	书架 (不锈钢)	auto
mte	7112	书架 (钛)	auto
mte	7113	书架 (铬)	auto
mte	7114	书架 (钨钢)	auto
mte	7115	书架 (铱)	auto
mte	7116	书架 (铋)	auto
mte	7117	书架 (碳化钨)	auto
mte	7118	书架 (HSLA钢)	auto
mte	7119	书架 (镀锌钢)	auto
mte	7120	书架 (镀金铁)	auto
mte	7121	书架 (钴)	auto
mte	7122	书架 (镍)	auto
mte	7123	书架 (锗)	auto
mte	7124	书架 (陨钢)	auto
mte	7125	书架 (骑士金属)	auto
mte	7126	书架 (钨)	auto
mte	7127	书架 (神秘锭)	auto
mte	7128	书架 (虚空金属)	auto
mte	7129	书架 (锇)	auto
mte	7130	书架 (戴斯)	auto
mte	7131	书架 (钍瑞铌合金)	auto
mte	7132	书架 (钛金)	auto
mte	7133	书架 (艾德曼合金)	auto
mte	7134	书架 (基岩合金)	auto
mte	7135	书架 (龙)	auto
mte	7136	书架 (觉醒龙)	auto
mte	7137	书架 (康铜)	auto
mte	7138	书架 (阿迪特)	auto
mte	7139	书架 (玛玉灵)	auto
mte	7140	书架 (魔力钢)	auto
mte	7141	书架 (源质钢)	auto
mte	7142	书架 (泰拉钢)	auto
mte	7143	书架 (陨石)	auto
mte	7144	书架 (赛摩铜)	auto
mte	7145	书架 (炽炎铁)	auto
mte	7146	书架 (锰)	auto
mte	7147	书架 (锑)	auto
mte	7148	书架 (哈氏合金)	auto
mte	7149	书架 (钼)	auto
mte	7150	书架 (无尽)	auto
mte	7151	书架 (下界合金)	auto
mte	7152	书架 (钨合金)	auto
mte	7153	书架 (绿晶)	auto
mte	7154	书架 (流明)	auto
mte	7155	书架 (工人合金)	auto
mte	7156	书架 (铋青铜)	auto
mte	7157	书架 (砷铜)	auto
mte	7158	书架 (砷青铜)	auto
mte	7159	书架 (钯)	auto
mte	7300	衣橱 (铅)	auto
mte	7301	衣橱 (铝)	auto
mte	7302	衣橱 (金)	auto
mte	7303	衣橱 (银)	auto
mte	7304	衣橱 (铂)	auto
mte	7305	衣橱 (锡合金)	auto
mte	7306	衣橱 (殷钢)	auto
mte	7307	衣橱 (琥珀金)	auto
mte	7308	衣橱 (黄铜)	auto
mte	7309	衣橱 (青铜)	auto
mte	7310	衣橱 (钢)	auto
mte	7311	衣橱 (不锈钢)	auto
mte	7312	衣橱 (钛)	auto
mte	7313	衣橱 (铬)	auto
mte	7314	衣橱 (钨钢)	auto
mte	7315	衣橱 (铱)	auto
mte	7316	衣橱 (铋)	auto
mte	7317	衣橱 (碳化钨)	auto
mte	7318	衣橱 (HSLA钢)	auto
mte	7319	衣橱 (镀锌钢)	auto
mte	7320	衣橱 (镀金铁)	auto
mte	7321	衣橱 (钴)	auto
mte	7322	衣橱 (镍)	auto
mte	7323	衣橱 (锗)	auto
mte	7324	衣橱 (陨钢)	auto
mte	7325	衣橱 (骑士金属)	auto
mte	7326	衣橱 (钨)	auto
mte	7327	衣橱 (神秘锭)	auto
mte	7328	衣橱 (虚空金属)	auto
mte	7329	衣橱 (锇)	auto
mte	7330	衣橱 (戴斯)	auto
mte	7331	衣橱 (钍瑞铌合金)	auto
mte	7332	衣橱 (钛金)	auto
mte	7333	衣橱 (艾德曼合金)	auto
mte	7334	衣橱 (基岩合金)	auto
mte	7335	衣橱 (龙)	auto
mte	7336	衣橱 (觉醒龙)	auto
mte	7337	衣橱 (康铜)	auto
mte	7338	衣橱 (阿迪特)	auto
mte	7339	衣橱 (玛玉灵)	auto
mte	7340	衣橱 (魔力钢)	auto
mte	7341	衣橱 (源质钢)	auto
mte	7342	衣橱 (泰拉钢)	auto
mte	7343	衣橱 (陨石)	auto
mte	7344	衣橱 (赛摩铜)	auto
mte	7345	衣橱 (炽炎铁)	auto
mte	7346	衣橱 (锰)	auto
mte	7347	衣橱 (锑)	auto
mte	7348	衣橱 (哈氏合金)	auto
mte	7349	衣橱 (钼)	auto
mte	7350	衣橱 (无尽)	auto
mte	7351	衣橱 (下界合金)	auto
mte	7352	衣橱 (钨合金)	auto
mte	7353	衣橱 (绿晶)	auto
mte	7354	衣橱 (流明)	auto
mte	7355	衣橱 (工人合金)	auto
mte	7356	衣橱 (铋青铜)	auto
mte	7357	衣橱 (砷铜)	auto
mte	7358	衣橱 (砷青铜)	auto
mte	7359	衣橱 (钯)	auto
mte	7500	充能衣橱 (铅)	auto
mte	7501	充能衣橱 (铝)	auto
mte	7502	充能衣橱 (金)	auto
mte	7503	充能衣橱 (银)	auto
mte	7504	充能衣橱 (铂)	auto
mte	7505	充能衣橱 (锡合金)	auto
mte	7506	充能衣橱 (殷钢)	auto
mte	7507	充能衣橱 (琥珀金)	auto
mte	7508	充能衣橱 (黄铜)	auto
mte	7509	充能衣橱 (青铜)	auto
mte	7510	充能衣橱 (钢)	auto
mte	7511	充能衣橱 (不锈钢)	auto
mte	7512	充能衣橱 (钛)	auto
mte	7513	充能衣橱 (铬)	auto
mte	7514	充能衣橱 (钨钢)	auto
mte	7515	充能衣橱 (铱)	auto
mte	7516	充能衣橱 (铋)	auto
mte	7517	充能衣橱 (碳化钨)	auto
mte	7518	充能衣橱 (HSLA钢)	auto
mte	7519	充能衣橱 (镀锌钢)	auto
mte	7520	充能衣橱 (镀金铁)	auto
mte	7521	充能衣橱 (钴)	auto
mte	7522	充能衣橱 (镍)	auto
mte	7523	充能衣橱 (锗)	auto
mte	7524	充能衣橱 (陨钢)	auto
mte	7525	充能衣橱 (骑士金属)	auto
mte	7526	充能衣橱 (钨)	auto
mte	7527	充能衣橱 (神秘锭)	auto
mte	7528	充能衣橱 (虚空金属)	auto
mte	7529	充能衣橱 (锇)	auto
mte	7530	充能衣橱 (戴斯)	auto
mte	7531	充能衣橱 (钍瑞铌合金)	auto
mte	7532	充能衣橱 (钛金)	auto
mte	7533	充能衣橱 (艾德曼合金)	auto
mte	7534	充能衣橱 (基岩合金)	auto
mte	7535	充能衣橱 (龙)	auto
mte	7536	充能衣橱 (觉醒龙)	auto
mte	7537	充能衣橱 (康铜)	auto
mte	7538	充能衣橱 (阿迪特)	auto
mte	7539	充能衣橱 (玛玉灵)	auto
mte	7540	充能衣橱 (魔力钢)	auto
mte	7541	充能衣橱 (源质钢)	auto
mte	7542	充能衣橱 (泰拉钢)	auto
mte	7543	充能衣橱 (陨石)	auto
mte	7544	充能衣橱 (赛摩铜)	auto
mte	7545	充能衣橱 (炽炎铁)	auto
mte	7546	充能衣橱 (锰)	auto
mte	7547	充能衣橱 (锑)	auto
mte	7548	充能衣橱 (哈氏合金)	auto
mte	7549	充能衣橱 (钼)	auto
mte	7550	充能衣橱 (无尽)	auto
mte	7551	充能衣橱 (下界合金)	auto
mte	7552	充能衣橱 (钨合金)	auto
mte	7553	充能衣橱 (绿晶)	auto
mte	7554	充能衣橱 (流明)	auto
mte	7555	充能衣橱 (工人合金)	auto
mte	7556	充能衣橱 (铋青铜)	auto
mte	7557	充能衣橱 (砷铜)	auto
mte	7558	充能衣橱 (砷青铜)	auto
mte	7559	充能衣橱 (钯)	auto
mte	7800	木制书架	auto
mte	7801	木制书架	auto
mte	7802	木制书架	auto
mte	7803	木制书架	auto
mte	7804	木制书架	auto
mte	7805	木制书架	auto
mte	7806	木制书架	auto
mte	7807	木制书架	auto
mte	7808	木制书架	auto
mte	7809	木制书架	auto
mte	7810	木制书架	auto
mte	7811	木制书架	auto
mte	7812	木制书架	auto
mte	7813	木制书架	auto
mte	7814	木制书架	auto
mte	7815	木制书架	auto
mte	7816	木制书架	auto
mte	7817	木制书架	auto
mte	7818	木制书架	auto
mte	7819	木制书架	auto
mte	7820	木制书架	auto
mte	7821	木制书架	auto
mte	7822	木制书架	auto
mte	7823	木制书架	auto
mte	7824	木制书架	auto
mte	7825	木制书架	auto
mte	7826	木制书架	auto
mte	7827	木制书架	auto
mte	7828	木制书架	auto
mte	7829	木制书架	auto
mte	7830	木制书架	auto
mte	7831	木制书架	auto
mte	7832	木制书架	auto
mte	7833	木制书架	auto
mte	7834	木制书架	auto
mte	7835	木制书架	auto
mte	7836	木制书架	auto
mte	7837	木制书架	auto
mte	7838	木制书架	auto
mte	7839	木制书架	auto
mte	7840	木制书架	auto
mte	7841	木制书架	auto
mte	7842	木制书架	auto
mte	7843	木制书架	auto
mte	7844	木制书架	auto
mte	7845	木制书架	auto
mte	7846	木制书架	auto
mte	7847	木制书架	auto
mte	7848	木制书架	auto
mte	7849	木制书架	auto
mte	7850	木制书架	auto
mte	7851	木制书架	auto
mte	7852	木制书架	auto
mte	7853	木制书架	auto
mte	7854	木制书架	auto
mte	7855	木制书架	auto
mte	7856	木制书架	auto
mte	7857	木制书架	auto
mte	7858	木制书架	auto
mte	7859	木制书架	auto
mte	7860	木制书架	auto
mte	7861	木制书架	auto
mte	7862	木制书架	auto
mte	7863	木制书架	auto
mte	7864	木制书架	auto
mte	7865	木制书架	auto
mte	7866	木制书架	auto
mte	7867	木制书架	auto
mte	7868	木制书架	auto
mte	7869	木制书架	auto
mte	7870	木制书架	auto
mte	7871	木制书架	auto
mte	7872	木制书架	auto
mte	7873	木制书架	auto
mte	7874	木制书架	auto
mte	7875	木制书架	auto
mte	7876	木制书架	auto
mte	7877	木制书架	auto
mte	7878	木制书架	auto
mte	7879	木制书架	auto
mte	7880	木制书架	auto
mte	7881	木制书架	auto
mte	7882	木制书架	auto
mte	7883	木制书架	auto
mte	7884	木制书架	auto
mte	7885	木制书架	auto
mte	7886	木制书架	auto
mte	7887	木制书架	auto
mte	7888	木制书架	auto
mte	7889	木制书架	auto
mte	7890	木制书架	auto
mte	7891	木制书架	auto
mte	7892	木制书架	auto
mte	7893	木制书架	auto
mte	7894	木制书架	auto
mte	7895	木制书架	auto
mte	7896	木制书架	auto
mte	7897	木制书架	auto
mte	7898	木制书架	auto
mte	7899	木制书架	auto
mte	7900	木制书架	auto
mte	7901	木制书架	auto
mte	7902	木制书架	auto
mte	7903	木制书架	auto
mte	7904	木制书架	auto
mte	7905	木制书架	auto
mte	7906	木制书架	auto
mte	7907	木制书架	auto
mte	7908	木制书架	auto
mte	7909	木制书架	auto
mte	7910	木制书架	auto
mte	7911	木制书架	auto
mte	7912	木制书架	auto
mte	7913	木制书架	auto
mte	7914	木制书架	auto
mte	7915	木制书架	auto
mte	7916	木制书架	auto
mte	7917	木制书架	auto
mte	7918	木制书架	auto
mte	7919	木制书架	auto
mte	7920	木制书架	auto
mte	7921	木制书架	auto
mte	7922	木制书架	auto
mte	7923	木制书架	auto
mte	7924	木制书架	auto
mte	7925	木制书架	auto
mte	7926	木制书架	auto
mte	7927	木制书架	auto
mte	7928	木制书架	auto
mte	7929	木制书架	auto
mte	7930	木制书架	auto
mte	7931	木制书架	auto
mte	7932	木制书架	auto
mte	7933	木制书架	auto
mte	7934	木制书架	auto
mte	7935	木制书架	auto
mte	7936	木制书架	auto
mte	7937	木制书架	auto
mte	7938	木制书架	auto
mte	7939	木制书架	auto
mte	7940	木制书架	auto
mte	7941	木制书架	auto
mte	7942	木制书架	auto
mte	7943	木制书架	auto
mte	7944	木制书架	auto
mte	7945	木制书架	auto
mte	7946	木制书架	auto
mte	7947	木制书架	auto
mte	7948	木制书架	auto
mte	7949	木制书架	auto
mte	7950	木制书架	auto
mte	7951	木制书架	auto
mte	7952	木制书架	auto
mte	7953	木制书架	auto
mte	7954	木制书架	auto
mte	7955	木制书架	auto
mte	7956	木制书架	auto
mte	7957	木制书架	auto
mte	7958	木制书架	auto
mte	7959	木制书架	auto
mte	7960	木制书架	auto
mte	7961	木制书架	auto
mte	7962	木制书架	auto
mte	7963	木制书架	auto
mte	7964	木制书架	auto
mte	7965	木制书架	auto
mte	7966	木制书架	auto
mte	7967	木制书架	auto
mte	7968	木制书架	auto
mte	7969	木制书架	auto
mte	7970	木制书架	auto
mte	7971	木制书架	auto
mte	7972	木制书架	auto
mte	7973	木制书架	auto
mte	7974	木制书架	auto
mte	7975	木制书架	auto
mte	7976	木制书架	auto
mte	7977	木制书架	auto
mte	7978	木制书架	auto
mte	7979	木制书架	auto
mte	7980	木制书架	auto
mte	7981	木制书架	auto
mte	7982	木制书架	auto
mte	7983	木制书架	auto
mte	7984	木制书架	auto
mte	7985	木制书架	auto
mte	7986	木制书架	auto
mte	7987	木制书架	auto
mte	7988	木制书架	auto
mte	7989	木制书架	auto
mte	7990	木制书架	auto
mte	7991	木制书架	auto
mte	7992	木制书架	auto
mte	7993	木制书架	auto
mte	7994	木制书架	auto
mte	7995	木制书架	auto
mte	7996	木制书架	auto
mte	7997	木制书架	auto
mte	7998	木制书架	auto
mte	7999	木制书架	auto
mte	8	黄铜箱子	auto
mte	8000	铅料斗	auto
mte	8001	铝料斗	auto
mte	8002	金料斗	auto
mte	8003	银料斗	auto
mte	8004	铂料斗	auto
mte	8005	锡合金料斗	auto
mte	8006	殷钢料斗	auto
mte	8007	琥珀金料斗	auto
mte	8008	黄铜料斗	auto
mte	8009	青铜料斗	auto
mte	8010	钢料斗	auto
mte	8011	不锈钢料斗	auto
mte	8012	钛料斗	auto
mte	8013	铬料斗	auto
mte	8014	钨钢料斗	auto
mte	8015	铱料斗	auto
mte	8016	铋料斗	auto
mte	8017	碳化钨料斗	auto
mte	8018	HSLA钢料斗	auto
mte	8019	镀锌钢料斗	auto
mte	8020	镀金铁料斗	auto
mte	8021	钴料斗	auto
mte	8022	镍料斗	auto
mte	8023	锗料斗	auto
mte	8024	陨钢料斗	auto
mte	8025	骑士金属料斗	auto
mte	8026	钨料斗	auto
mte	8027	神秘锭料斗	auto
mte	8028	虚空金属料斗	auto
mte	8029	锇料斗	auto
mte	8030	戴斯料斗	auto
mte	8031	钍瑞铌合金料斗	auto
mte	8032	钛金料斗	auto
mte	8033	艾德曼合金料斗	auto
mte	8034	基岩合金料斗	auto
mte	8035	龙料斗	auto
mte	8036	觉醒龙料斗	auto
mte	8037	康铜料斗	auto
mte	8038	阿迪特料斗	auto
mte	8039	玛玉灵料斗	auto
mte	8040	魔力钢料斗	auto
mte	8041	源质钢料斗	auto
mte	8042	泰拉钢料斗	auto
mte	8043	陨石料斗	auto
mte	8044	赛摩铜料斗	auto
mte	8045	炽炎铁料斗	auto
mte	8046	锰料斗	auto
mte	8047	锑料斗	auto
mte	8048	哈氏合金料斗	auto
mte	8049	钼料斗	auto
mte	8050	无尽料斗	auto
mte	8051	下界合金料斗	auto
mte	8052	钨合金料斗	auto
mte	8053	绿晶料斗	auto
mte	8054	流明料斗	auto
mte	8055	工人合金料斗	auto
mte	8056	铋青铜料斗	auto
mte	8057	砷铜料斗	auto
mte	8058	砷青铜料斗	auto
mte	8059	钯料斗	auto
mte	8200	铅队列料斗	auto
mte	8201	铝队列料斗	auto
mte	8202	金队列料斗	auto
mte	8203	银队列料斗	auto
mte	8204	铂队列料斗	auto
mte	8205	锡合金队列料斗	auto
mte	8206	殷钢队列料斗	auto
mte	8207	琥珀金队列料斗	auto
mte	8208	黄铜队列料斗	auto
mte	8209	青铜队列料斗	auto
mte	8210	钢队列料斗	auto
mte	8211	不锈钢队列料斗	auto
mte	8212	钛队列料斗	auto
mte	8213	铬队列料斗	auto
mte	8214	钨钢队列料斗	auto
mte	8215	铱队列料斗	auto
mte	8216	铋队列料斗	auto
mte	8217	碳化钨队列料斗	auto
mte	8218	HSLA钢队列料斗	auto
mte	8219	镀锌钢队列料斗	auto
mte	8220	镀金铁队列料斗	auto
mte	8221	钴队列料斗	auto
mte	8222	镍队列料斗	auto
mte	8223	锗队列料斗	auto
mte	8224	陨钢队列料斗	auto
mte	8225	骑士金属队列料斗	auto
mte	8226	钨队列料斗	auto
mte	8227	神秘锭队列料斗	auto
mte	8228	虚空金属队列料斗	auto
mte	8229	锇队列料斗	auto
mte	8230	戴斯队列料斗	auto
mte	8231	钍瑞铌合金队列料斗	auto
mte	8232	钛金队列料斗	auto
mte	8233	艾德曼合金队列料斗	auto
mte	8234	基岩合金队列料斗	auto
mte	8235	龙队列料斗	auto
mte	8236	觉醒龙队列料斗	auto
mte	8237	康铜队列料斗	auto
mte	8238	阿迪特队列料斗	auto
mte	8239	玛玉灵队列料斗	auto
mte	8240	魔力钢队列料斗	auto
mte	8241	源质钢队列料斗	auto
mte	8242	泰拉钢队列料斗	auto
mte	8243	陨石队列料斗	auto
mte	8244	赛摩铜队列料斗	auto
mte	8245	炽炎铁队列料斗	auto
mte	8246	锰队列料斗	auto
mte	8247	锑队列料斗	auto
mte	8248	哈氏合金队列料斗	auto
mte	8249	钼队列料斗	auto
mte	8250	无尽队列料斗	auto
mte	8251	下界合金队列料斗	auto
mte	8252	钨合金队列料斗	auto
mte	8253	绿晶队列料斗	auto
mte	8254	流明队列料斗	auto
mte	8255	工人合金队列料斗	auto
mte	8256	铋青铜队列料斗	auto
mte	8257	砷铜队列料斗	auto
mte	8258	砷青铜队列料斗	auto
mte	8259	钯队列料斗	auto
mte	8400	铅脚手架	auto
mte	8401	铝脚手架	auto
mte	8402	金脚手架	auto
mte	8403	银脚手架	auto
mte	8404	铂脚手架	auto
mte	8405	锡合金脚手架	auto
mte	8406	殷钢脚手架	auto
mte	8407	琥珀金脚手架	auto
mte	8408	黄铜脚手架	auto
mte	8409	青铜脚手架	auto
mte	8410	钢脚手架	auto
mte	8411	不锈钢脚手架	auto
mte	8412	钛脚手架	auto
mte	8413	铬脚手架	auto
mte	8414	钨钢脚手架	auto
mte	8415	铱脚手架	auto
mte	8416	铋脚手架	auto
mte	8417	碳化钨脚手架	auto
mte	8418	HSLA钢脚手架	auto
mte	8419	镀锌钢脚手架	auto
mte	8420	镀金铁脚手架	auto
mte	8421	钴脚手架	auto
mte	8422	镍脚手架	auto
mte	8423	锗脚手架	auto
mte	8424	陨钢脚手架	auto
mte	8425	骑士金属脚手架	auto
mte	8426	钨脚手架	auto
mte	8427	神秘锭脚手架	auto
mte	8428	虚空金属脚手架	auto
mte	8429	锇脚手架	auto
mte	8430	戴斯脚手架	auto
mte	8431	钍瑞铌合金脚手架	auto
mte	8432	钛金脚手架	auto
mte	8433	艾德曼合金脚手架	auto
mte	8434	基岩合金脚手架	auto
mte	8435	龙脚手架	auto
mte	8436	觉醒龙脚手架	auto
mte	8437	康铜脚手架	auto
mte	8438	阿迪特脚手架	auto
mte	8439	玛玉灵脚手架	auto
mte	8440	魔力钢脚手架	auto
mte	8441	源质钢脚手架	auto
mte	8442	泰拉钢脚手架	auto
mte	8443	陨石脚手架	auto
mte	8444	赛摩铜脚手架	auto
mte	8445	炽炎铁脚手架	auto
mte	8446	锰脚手架	auto
mte	8447	锑脚手架	auto
mte	8448	哈氏合金脚手架	auto
mte	8449	钼脚手架	auto
mte	8450	无尽脚手架	auto
mte	8451	下界合金脚手架	auto
mte	8452	钨合金脚手架	auto
mte	8453	绿晶脚手架	auto
mte	8454	流明脚手架	auto
mte	8455	工人合金脚手架	auto
mte	8456	铋青铜脚手架	auto
mte	8457	砷铜脚手架	auto
mte	8458	砷青铜脚手架	auto
mte	8459	钯脚手架	auto
mte	8600	瓶筐 (铅)	auto
mte	8601	瓶筐 (铝)	auto
mte	8602	瓶筐 (金)	auto
mte	8603	瓶筐 (银)	auto
mte	8604	瓶筐 (铂)	auto
mte	8605	瓶筐 (锡合金)	auto
mte	8606	瓶筐 (殷钢)	auto
mte	8607	瓶筐 (琥珀金)	auto
mte	8608	瓶筐 (黄铜)	auto
mte	8609	瓶筐 (青铜)	auto
mte	8610	瓶筐 (钢)	auto
mte	8611	瓶筐 (不锈钢)	auto
mte	8612	瓶筐 (钛)	auto
mte	8613	瓶筐 (铬)	auto
mte	8614	瓶筐 (钨钢)	auto
mte	8615	瓶筐 (铱)	auto
mte	8616	瓶筐 (铋)	auto
mte	8617	瓶筐 (碳化钨)	auto
mte	8618	瓶筐 (HSLA钢)	auto
mte	8619	瓶筐 (镀锌钢)	auto
mte	8620	瓶筐 (镀金铁)	auto
mte	8621	瓶筐 (钴)	auto
mte	8622	瓶筐 (镍)	auto
mte	8623	瓶筐 (锗)	auto
mte	8624	瓶筐 (陨钢)	auto
mte	8625	瓶筐 (骑士金属)	auto
mte	8626	瓶筐 (钨)	auto
mte	8627	瓶筐 (神秘锭)	auto
mte	8628	瓶筐 (虚空金属)	auto
mte	8629	瓶筐 (锇)	auto
mte	8630	瓶筐 (戴斯)	auto
mte	8631	瓶筐 (钍瑞铌合金)	auto
mte	8632	瓶筐 (钛金)	auto
mte	8633	瓶筐 (艾德曼合金)	auto
mte	8634	瓶筐 (基岩合金)	auto
mte	8635	瓶筐 (龙)	auto
mte	8636	瓶筐 (觉醒龙)	auto
mte	8637	瓶筐 (康铜)	auto
mte	8638	瓶筐 (阿迪特)	auto
mte	8639	瓶筐 (玛玉灵)	auto
mte	8640	瓶筐 (魔力钢)	auto
mte	8641	瓶筐 (源质钢)	auto
mte	8642	瓶筐 (泰拉钢)	auto
mte	8643	瓶筐 (陨石)	auto
mte	8644	瓶筐 (赛摩铜)	auto
mte	8645	瓶筐 (炽炎铁)	auto
mte	8646	瓶筐 (锰)	auto
mte	8647	瓶筐 (锑)	auto
mte	8648	瓶筐 (哈氏合金)	auto
mte	8649	瓶筐 (钼)	auto
mte	8650	瓶筐 (无尽)	auto
mte	8651	瓶筐 (下界合金)	auto
mte	8652	瓶筐 (钨合金)	auto
mte	8653	瓶筐 (绿晶)	auto
mte	8654	瓶筐 (流明)	auto
mte	8655	瓶筐 (工人合金)	auto
mte	8656	瓶筐 (铋青铜)	auto
mte	8657	瓶筐 (砷铜)	auto
mte	8658	瓶筐 (砷青铜)	auto
mte	8659	瓶筐 (钯)	auto
mte	8700	木制瓶筐	auto
mte	8701	木制瓶筐	auto
mte	8702	木制瓶筐	auto
mte	8703	木制瓶筐	auto
mte	8704	木制瓶筐	auto
mte	8705	木制瓶筐	auto
mte	8706	木制瓶筐	auto
mte	8707	木制瓶筐	auto
mte	8708	木制瓶筐	auto
mte	8709	木制瓶筐	auto
mte	8710	木制瓶筐	auto
mte	8711	木制瓶筐	auto
mte	8712	木制瓶筐	auto
mte	8713	木制瓶筐	auto
mte	8714	木制瓶筐	auto
mte	8715	木制瓶筐	auto
mte	8716	木制瓶筐	auto
mte	8717	木制瓶筐	auto
mte	8718	木制瓶筐	auto
mte	8719	木制瓶筐	auto
mte	8720	木制瓶筐	auto
mte	8721	木制瓶筐	auto
mte	8722	木制瓶筐	auto
mte	8723	木制瓶筐	auto
mte	8724	木制瓶筐	auto
mte	8725	木制瓶筐	auto
mte	8726	木制瓶筐	auto
mte	8727	木制瓶筐	auto
mte	8728	木制瓶筐	auto
mte	8729	木制瓶筐	auto
mte	8730	木制瓶筐	auto
mte	8731	木制瓶筐	auto
mte	8732	木制瓶筐	auto
mte	8733	木制瓶筐	auto
mte	8734	木制瓶筐	auto
mte	8735	木制瓶筐	auto
mte	8736	木制瓶筐	auto
mte	8737	木制瓶筐	auto
mte	8738	木制瓶筐	auto
mte	8739	木制瓶筐	auto
mte	8740	木制瓶筐	auto
mte	8741	木制瓶筐	auto
mte	8742	木制瓶筐	auto
mte	8743	木制瓶筐	auto
mte	8744	木制瓶筐	auto
mte	8745	木制瓶筐	auto
mte	8746	木制瓶筐	auto
mte	8747	木制瓶筐	auto
mte	8748	木制瓶筐	auto
mte	8749	木制瓶筐	auto
mte	8750	木制瓶筐	auto
mte	8751	木制瓶筐	auto
mte	8752	木制瓶筐	auto
mte	8753	木制瓶筐	auto
mte	8754	木制瓶筐	auto
mte	8755	木制瓶筐	auto
mte	8756	木制瓶筐	auto
mte	8757	木制瓶筐	auto
mte	8758	木制瓶筐	auto
mte	8759	木制瓶筐	auto
mte	8760	木制瓶筐	auto
mte	8761	木制瓶筐	auto
mte	8762	木制瓶筐	auto
mte	8763	木制瓶筐	auto
mte	8764	木制瓶筐	auto
mte	8765	木制瓶筐	auto
mte	8766	木制瓶筐	auto
mte	8767	木制瓶筐	auto
mte	8768	木制瓶筐	auto
mte	8769	木制瓶筐	auto
mte	8770	木制瓶筐	auto
mte	8771	木制瓶筐	auto
mte	8772	木制瓶筐	auto
mte	8773	木制瓶筐	auto
mte	8774	木制瓶筐	auto
mte	8775	木制瓶筐	auto
mte	8776	木制瓶筐	auto
mte	8777	木制瓶筐	auto
mte	8778	木制瓶筐	auto
mte	8779	木制瓶筐	auto
mte	8780	木制瓶筐	auto
mte	8781	木制瓶筐	auto
mte	8782	木制瓶筐	auto
mte	8783	木制瓶筐	auto
mte	8784	木制瓶筐	auto
mte	8785	木制瓶筐	auto
mte	8786	木制瓶筐	auto
mte	8787	木制瓶筐	auto
mte	8788	木制瓶筐	auto
mte	8789	木制瓶筐	auto
mte	8790	木制瓶筐	auto
mte	8791	木制瓶筐	auto
mte	8792	木制瓶筐	auto
mte	8793	木制瓶筐	auto
mte	8794	木制瓶筐	auto
mte	8795	木制瓶筐	auto
mte	8796	木制瓶筐	auto
mte	8797	木制瓶筐	auto
mte	8798	木制瓶筐	auto
mte	8799	木制瓶筐	auto
mte	8800	木制瓶筐	auto
mte	8801	木制瓶筐	auto
mte	8802	木制瓶筐	auto
mte	8803	木制瓶筐	auto
mte	8804	木制瓶筐	auto
mte	8805	木制瓶筐	auto
mte	8806	木制瓶筐	auto
mte	8807	木制瓶筐	auto
mte	8808	木制瓶筐	auto
mte	8809	木制瓶筐	auto
mte	8810	木制瓶筐	auto
mte	8811	木制瓶筐	auto
mte	8812	木制瓶筐	auto
mte	8813	木制瓶筐	auto
mte	8814	木制瓶筐	auto
mte	8815	木制瓶筐	auto
mte	8816	木制瓶筐	auto
mte	8817	木制瓶筐	auto
mte	8818	木制瓶筐	auto
mte	8819	木制瓶筐	auto
mte	8820	木制瓶筐	auto
mte	8821	木制瓶筐	auto
mte	8822	木制瓶筐	auto
mte	8823	木制瓶筐	auto
mte	8824	木制瓶筐	auto
mte	8825	木制瓶筐	auto
mte	8826	木制瓶筐	auto
mte	8827	木制瓶筐	auto
mte	8828	木制瓶筐	auto
mte	8829	木制瓶筐	auto
mte	8830	木制瓶筐	auto
mte	8831	木制瓶筐	auto
mte	8832	木制瓶筐	auto
mte	8833	木制瓶筐	auto
mte	8834	木制瓶筐	auto
mte	8835	木制瓶筐	auto
mte	8836	木制瓶筐	auto
mte	8837	木制瓶筐	auto
mte	8838	木制瓶筐	auto
mte	8839	木制瓶筐	auto
mte	8840	木制瓶筐	auto
mte	8841	木制瓶筐	auto
mte	8842	木制瓶筐	auto
mte	8843	木制瓶筐	auto
mte	8844	木制瓶筐	auto
mte	8845	木制瓶筐	auto
mte	8846	木制瓶筐	auto
mte	8847	木制瓶筐	auto
mte	8848	木制瓶筐	auto
mte	8849	木制瓶筐	auto
mte	8850	木制瓶筐	auto
mte	8851	木制瓶筐	auto
mte	8852	木制瓶筐	auto
mte	8853	木制瓶筐	auto
mte	8854	木制瓶筐	auto
mte	8855	木制瓶筐	auto
mte	8856	木制瓶筐	auto
mte	8857	木制瓶筐	auto
mte	8858	木制瓶筐	auto
mte	8859	木制瓶筐	auto
mte	8860	木制瓶筐	auto
mte	8861	木制瓶筐	auto
mte	8862	木制瓶筐	auto
mte	8863	木制瓶筐	auto
mte	8864	木制瓶筐	auto
mte	8865	木制瓶筐	auto
mte	8866	木制瓶筐	auto
mte	8867	木制瓶筐	auto
mte	8868	木制瓶筐	auto
mte	8869	木制瓶筐	auto
mte	8870	木制瓶筐	auto
mte	8871	木制瓶筐	auto
mte	8872	木制瓶筐	auto
mte	8873	木制瓶筐	auto
mte	8874	木制瓶筐	auto
mte	8875	木制瓶筐	auto
mte	8876	木制瓶筐	auto
mte	8877	木制瓶筐	auto
mte	8878	木制瓶筐	auto
mte	8879	木制瓶筐	auto
mte	8880	木制瓶筐	auto
mte	8881	木制瓶筐	auto
mte	8882	木制瓶筐	auto
mte	8883	木制瓶筐	auto
mte	8884	木制瓶筐	auto
mte	8885	木制瓶筐	auto
mte	8886	木制瓶筐	auto
mte	8887	木制瓶筐	auto
mte	8888	木制瓶筐	auto
mte	8889	木制瓶筐	auto
mte	8890	木制瓶筐	auto
mte	8891	木制瓶筐	auto
mte	8892	木制瓶筐	auto
mte	8893	木制瓶筐	auto
mte	8894	木制瓶筐	auto
mte	8895	木制瓶筐	auto
mte	8896	木制瓶筐	auto
mte	8897	木制瓶筐	auto
mte	8898	木制瓶筐	auto
mte	8899	木制瓶筐	auto
mte	8900	木制瓶筐	auto
mte	8901	木制瓶筐	auto
mte	8902	木制瓶筐	auto
mte	8903	木制瓶筐	auto
mte	8904	木制瓶筐	auto
mte	8905	木制瓶筐	auto
mte	8906	木制瓶筐	auto
mte	8907	木制瓶筐	auto
mte	8908	木制瓶筐	auto
mte	8909	木制瓶筐	auto
mte	8910	木制瓶筐	auto
mte	8911	木制瓶筐	auto
mte	8912	木制瓶筐	auto
mte	8913	木制瓶筐	auto
mte	8914	木制瓶筐	auto
mte	8915	木制瓶筐	auto
mte	8916	木制瓶筐	auto
mte	8917	木制瓶筐	auto
mte	8918	木制瓶筐	auto
mte	8919	木制瓶筐	auto
mte	8920	木制瓶筐	auto
mte	8921	木制瓶筐	auto
mte	8922	木制瓶筐	auto
mte	8923	木制瓶筐	auto
mte	8924	木制瓶筐	auto
mte	8925	木制瓶筐	auto
mte	8926	木制瓶筐	auto
mte	8927	木制瓶筐	auto
mte	8928	木制瓶筐	auto
mte	8929	木制瓶筐	auto
mte	8930	木制瓶筐	auto
mte	8931	木制瓶筐	auto
mte	8932	木制瓶筐	auto
mte	8933	木制瓶筐	auto
mte	8934	木制瓶筐	auto
mte	8935	木制瓶筐	auto
mte	8936	木制瓶筐	auto
mte	8937	木制瓶筐	auto
mte	8938	木制瓶筐	auto
mte	8939	木制瓶筐	auto
mte	8940	木制瓶筐	auto
mte	8941	木制瓶筐	auto
mte	8942	木制瓶筐	auto
mte	8943	木制瓶筐	auto
mte	8944	木制瓶筐	auto
mte	8945	木制瓶筐	auto
mte	8946	木制瓶筐	auto
mte	8947	木制瓶筐	auto
mte	8948	木制瓶筐	auto
mte	8949	木制瓶筐	auto
mte	8950	木制瓶筐	auto
mte	8951	木制瓶筐	auto
mte	8952	木制瓶筐	auto
mte	8953	木制瓶筐	auto
mte	8954	木制瓶筐	auto
mte	8955	木制瓶筐	auto
mte	8956	木制瓶筐	auto
mte	8957	木制瓶筐	auto
mte	8958	木制瓶筐	auto
mte	8959	木制瓶筐	auto
mte	8960	木制瓶筐	auto
mte	8961	木制瓶筐	auto
mte	8962	木制瓶筐	auto
mte	8963	木制瓶筐	auto
mte	8964	木制瓶筐	auto
mte	8965	木制瓶筐	auto
mte	8966	木制瓶筐	auto
mte	8967	木制瓶筐	auto
mte	8968	木制瓶筐	auto
mte	8969	木制瓶筐	auto
mte	8970	木制瓶筐	auto
mte	8971	木制瓶筐	auto
mte	8972	木制瓶筐	auto
mte	8973	木制瓶筐	auto
mte	8974	木制瓶筐	auto
mte	8975	木制瓶筐	auto
mte	8976	木制瓶筐	auto
mte	8977	木制瓶筐	auto
mte	8978	木制瓶筐	auto
mte	8979	木制瓶筐	auto
mte	8980	木制瓶筐	auto
mte	8981	木制瓶筐	auto
mte	8982	木制瓶筐	auto
mte	8983	木制瓶筐	auto
mte	8984	木制瓶筐	auto
mte	8985	木制瓶筐	auto
mte	8986	木制瓶筐	auto
mte	8987	木制瓶筐	auto
mte	8988	木制瓶筐	auto
mte	8989	木制瓶筐	auto
mte	8990	木制瓶筐	auto
mte	8991	木制瓶筐	auto
mte	8992	木制瓶筐	auto
mte	8993	木制瓶筐	auto
mte	8994	木制瓶筐	auto
mte	8995	木制瓶筐	auto
mte	8996	木制瓶筐	auto
mte	8997	木制瓶筐	auto
mte	8998	木制瓶筐	auto
mte	8999	木制瓶筐	auto
mte	9	青铜箱子	auto
mte	9000	流化床燃烧室 (铅)	auto
mte	9001	流化床燃烧室 (铋)	auto
mte	9002	流化床燃烧室 (青铜)	auto
mte	9003	流化床燃烧室 (殷钢)	auto
mte	9004	流化床燃烧室 (钢)	auto
mte	9005	流化床燃烧室 (铬)	auto
mte	9006	流化床燃烧室 (钛)	auto
mte	9007	流化床燃烧室 (钨)	auto
mte	9008	流化床燃烧室 (钨钢)	auto
mte	9009	流化床燃烧室 (碳化钽铪)	auto
mte	9010	流化床燃烧室 (下界合金)	auto
mte	9011	流化床燃烧室 (砷铜)	auto
mte	9012	流化床燃烧室 (砷青铜)	auto
mte	9050	致密流化床燃烧室 (铅)	auto
mte	9051	致密流化床燃烧室 (铋)	auto
mte	9052	致密流化床燃烧室 (青铜)	auto
mte	9053	致密流化床燃烧室 (殷钢)	auto
mte	9054	致密流化床燃烧室 (钢)	auto
mte	9055	致密流化床燃烧室 (铬)	auto
mte	9056	致密流化床燃烧室 (钛)	auto
mte	9057	致密流化床燃烧室 (钨)	auto
mte	9058	致密流化床燃烧室 (钨钢)	auto
mte	9059	致密流化床燃烧室 (碳化钽铪)	auto
mte	9060	致密流化床燃烧室 (下界合金)	auto
mte	9061	致密流化床燃烧室 (砷铜)	auto
mte	9062	致密流化床燃烧室 (砷青铜)	auto
mte	9103	热交换器 (殷钢)	auto
mte	9107	热交换器 (钨)	auto
mte	9108	热交换器 (钨钢)	auto
mte	9109	热交换器 (碳化钽铪)	auto
mte	9145	燃油引擎 (砷青铜)	auto
mte	9146	燃油引擎 (砷铜)	auto
mte	9147	燃油引擎 (青铜)	auto
mte	9148	燃油引擎 (钢)	auto
mte	9149	燃油引擎 (殷钢)	auto
mte	9153	致密热交换器 (殷钢)	auto
mte	9157	致密热交换器 (钨)	auto
mte	9158	致密热交换器 (钨钢)	auto
mte	9159	致密热交换器 (碳化钽铪)	auto
mte	9197	燃油引擎 (钛)	auto
mte	9198	燃油引擎 (钨钢)	auto
mte	9199	燃油引擎 (铱)	auto
mte	9200	反应堆核心	auto
mte	9201	空燃料棒	auto
mte	9202	中子吸收棒	auto
mte	9203	中子反射棒	auto
mte	9204	中子减速棒	auto
mte	9210	钍-232燃料棒	auto
mte	9219	蓝晶石燃料棒	auto
mte	9220	铀-238燃料棒	auto
mte	9221	铀-235燃料棒	auto
mte	9222	铀-233燃料棒	auto
mte	9229	黄铀燃料棒	auto
mte	9230	钚-244燃料棒	auto
mte	9231	钚-241燃料棒	auto
mte	9232	钚-243燃料棒	auto
mte	9233	钚-239燃料棒	auto
mte	9239	蓝钚燃料棒	auto
mte	9240	镅-245燃料棒	auto
mte	9241	镅-241燃料棒	auto
mte	9249	滑稽燃料棒	auto
mte	9250	钴-60燃料棒	auto
mte	9260	浓缩硅岩金属燃料棒	auto
mte	9261	硅岩金属化合物燃料棒	auto
mte	9300	核反应堆核心 (1x1)	auto
mte	9310	枯竭钍-232燃料棒	auto
mte	9319	枯竭蓝晶石燃料棒	auto
mte	9320	枯竭铀-238燃料棒	auto
mte	9321	枯竭铀-235燃料棒	auto
mte	9322	枯竭铀-233燃料棒	auto
mte	9329	枯竭黄铀燃料棒	auto
mte	9330	枯竭钚-244燃料棒	auto
mte	9331	枯竭钚-241燃料棒	auto
mte	9332	枯竭钚-243燃料棒	auto
mte	9333	枯竭钚-239燃料棒	auto
mte	9339	枯竭蓝钚燃料棒	auto
mte	9340	枯竭镅-245燃料棒	auto
mte	9341	枯竭镅-241燃料棒	auto
mte	9349	枯竭滑稽燃料棒	auto
mte	9350	枯竭钴-60燃料棒	auto
mte	9360	枯竭浓缩硅岩金属燃料棒	auto
mte	9361	枯竭硅岩金属化合物燃料棒	auto
mte	9410	钍-232增殖棒	auto
mte	9411	铀-233浓缩燃料棒	auto
mte	9420	铀-238增殖棒	auto
mte	9421	钚-239浓缩燃料棒	auto
mte	9430	锂增殖棒	auto
mte	9431	氚浓缩燃料棒	auto
mte	9440	硅岩金属增殖棒	auto
mte	9441	浓缩硅岩金属浓缩燃料棒	auto
mte	data.switch.tooltip.1	放置在需求USB的机器旁边来选择配方	auto
mte	data.switch.tooltip.2	在NEI显示配方中应为USB的那一格放置USB线缆	auto
mte	data.switch.tooltip.3	用USB左击来将其中的数据写入到所选中的那一格	auto
mte	data.switch.tooltip.4	不能用于机器工作中会消耗USB的机器, 比如扫描仪!	auto
mte	data.switch.tooltip.5	需要一个选择面板来工作, 否则它永远选择在第0格!	auto
mte	ender.garbage.bin.tooltip.1	垃圾桶用于丢掉物品与液体, 或将它们转移到服务器的垃圾堆	auto
mte	ender.garbage.bin.tooltip.2	被放到这里的物品与液体会被转送到“垃圾维度”	auto
mte	ender.garbage.bin.tooltip.3	一个红石信号就能停止这一过程	auto
mte	ender.garbage.dump.tooltip.1	垃圾桶里的物品与流体会被转送到这里	auto
mte	ender.garbage.dump.tooltip.2	从“垃圾维度”获取垃圾	auto
mte	ender.garbage.dump.tooltip.3	如果使用得当, 人们可以用它来“捐赠”资源	auto
mte	hdd.switch.tooltip	使用选择面板在16个数据口之间切换	auto
mte	hopper.tooltip.1	内容格数:	auto
mte	hopper.tooltip.2	组物品最大容量:	auto
mte	hopper.tooltip.3	精准输入模式	auto
mte	massstorage.tooltip.1	储存大量相同物品, 可存储件数:	auto
mte	massstorage.tooltip.2	可以在高级工作台旁使用	auto
mte	multiblock.autoclave	大型高压釜	auto
mte	multiblock.bath	大型浸洗器	auto
mte	multiblock.boiler.safe.steam	安全大型锅炉	auto
mte	multiblock.boiler.steam	大型锅炉	auto
mte	multiblock.centrifuge	大型离心机	auto
mte	multiblock.coagulator		review
mte	multiblock.cokeoven	焦炉	auto
mte	multiblock.crucible	大型坩埚	auto
mte	multiblock.crusher	大型破碎机	auto
mte	multiblock.cryodistillationtower	低温蒸馏塔	auto
mte	multiblock.drill.bedrock	基岩钻	auto
mte	multiblock.dynamo	大型发电机	auto
mte	multiblock.electrolyzer	大型电解机	auto
mte	multiblock.fermenter	大型发酵室	auto
mte	multiblock.heatexchanger	大型热交换机	auto
mte	multiblock.implosioncompressor	聚爆压缩机	auto
mte	multiblock.lightningrod	避雷针	auto
mte	multiblock.logisticscore	物流核心	auto
mte	multiblock.matterfabricator	大型物质制造器	auto
mte	multiblock.mixer	大型搅拌机	auto
mte	multiblock.oven	大型电炉	auto
mte	multiblock.shredder	大型研磨机	auto
mte	multiblock.sluice	大型洗矿厂	auto
mte	multiblock.squeezer	大型榨汁机	auto
mte	multiblock.tank.metal	小型储罐	auto
mte	multiblock.tank.wooden	小型木质储罐	auto
mte	multiblock.tank555.metal	大型储罐	auto
mte	plantpot.tooltip.1	上面能种植任意植物!	auto
mte	usb.switch.tooltip	使用选择面板在16个USB之间切换	auto
book	Manual_Alloys.page.0	This Book Contains Information about every Alloy, which can be created by using a Smelting Crucible.¶===================¶In order to make an Alloy you need to reach the Melting Point of the Alloy itself.	review
book	Manual_Alloys.page.1	And you need to reach the Melting Point of all but one of its Components. You can ofcourse also melt all of the Components, but you are free to 'not melt' one of the Components.	review
book	Manual_Alloys.page.10	Alloy:¶Lumium¶===================¶Melting: 593 K¶Boiling: 1682 K¶===================¶Components per 4¶3 Tin¶1 Silver¶4 Ceres Glowstone¶	review
book	Manual_Alloys.page.11	Alloy:¶Lumium¶===================¶Melting: 593 K¶Boiling: 1682 K¶===================¶Components per 4¶3 Tin¶1 Silver¶4 Io Glowstone¶	review
book	Manual_Alloys.page.12	Alloy:¶Lumium¶===================¶Melting: 593 K¶Boiling: 1682 K¶===================¶Components per 4¶3 Tin¶1 Silver¶4 Enceladus Glowstone¶	review
book	Manual_Alloys.page.13	Alloy:¶Lumium¶===================¶Melting: 593 K¶Boiling: 1682 K¶===================¶Components per 4¶3 Tin¶1 Silver¶4 Proteus Glowstone¶	review
book	Manual_Alloys.page.14	Alloy:¶Lumium¶===================¶Melting: 593 K¶Boiling: 1682 K¶===================¶Components per 4¶3 Tin¶1 Silver¶4 Pluto Glowstone¶	review
book	Manual_Alloys.page.15	Alloy:¶Lumium¶===================¶Melting: 593 K¶Boiling: 1682 K¶===================¶Components per 4¶3 Tin¶1 Silver¶4 Gloomstone¶	review
book	Manual_Alloys.page.16	Alloy:¶Meteoric Steel¶===================¶Melting: 2246 K¶Boiling: 3334 K¶===================¶Components per 1¶1 Meteoric Iron¶1 Air¶	review
book	Manual_Alloys.page.17	Alloy:¶Red Alloy¶===================¶Melting: 1400 K¶Boiling: 2835 K¶===================¶Components per 1¶1 Copper¶4 Redstone¶	review
book	Manual_Alloys.page.18	Alloy:¶Red Alloy¶===================¶Melting: 1400 K¶Boiling: 2835 K¶===================¶Components per 1¶2 Red Copper¶3 Redstone¶	review
book	Manual_Alloys.page.19	Alloy:¶Red Alloy¶===================¶Melting: 1400 K¶Boiling: 2835 K¶===================¶Components per 1¶1 Annealed Copper¶4 Redstone¶	review
book	Manual_Alloys.page.2	In case you have to supply Air for the Crucible (for Steel), you need to point an Engine into it, which will act as a Fan. For Multiblock Crucibles the Engine has to be at the Bottom Row.	review
book	Manual_Alloys.page.20	Alloy:¶Obsidian Steel¶===================¶Melting: 1374 K¶Boiling: 3913 K¶===================¶Components per 1¶1 Steel¶9 Obsidian¶	review
book	Manual_Alloys.page.21	Alloy:¶Obsidian Steel¶===================¶Melting: 1374 K¶Boiling: 3913 K¶===================¶Components per 1¶1 Meteoric Steel¶9 Lava¶	review
book	Manual_Alloys.page.22	Alloy:¶Obsidian Steel¶===================¶Melting: 1374 K¶Boiling: 3913 K¶===================¶Components per 1¶1 Steel¶9 Lava¶	review
book	Manual_Alloys.page.23	Alloy:¶Silicon¶===================¶Melting: 1687 K¶Boiling: 3538 K¶===================¶Components per 1¶3 Silicon Dioxide¶1 Carbon¶	review
book	Manual_Alloys.page.24	Alloy:¶Energetic Alloy¶===================¶Melting: 580 K¶Boiling: 1742 K¶===================¶Components per 1¶2 Inductive Alloy¶1 Glowstone¶	review
book	Manual_Alloys.page.25	Alloy:¶Energetic Alloy¶===================¶Melting: 580 K¶Boiling: 1742 K¶===================¶Components per 1¶2 Inductive Alloy¶1 Ceres Glowstone¶	review
book	Manual_Alloys.page.26	Alloy:¶Energetic Alloy¶===================¶Melting: 580 K¶Boiling: 1742 K¶===================¶Components per 1¶2 Inductive Alloy¶1 Io Glowstone¶	review
book	Manual_Alloys.page.27	Alloy:¶Energetic Alloy¶===================¶Melting: 580 K¶Boiling: 1742 K¶===================¶Components per 1¶2 Inductive Alloy¶1 Enceladus Glowstone¶	review
book	Manual_Alloys.page.28	Alloy:¶Energetic Alloy¶===================¶Melting: 580 K¶Boiling: 1742 K¶===================¶Components per 1¶2 Inductive Alloy¶1 Proteus Glowstone¶	review
book	Manual_Alloys.page.29	Alloy:¶Energetic Alloy¶===================¶Melting: 580 K¶Boiling: 1742 K¶===================¶Components per 1¶2 Inductive Alloy¶1 Pluto Glowstone¶	review
book	Manual_Alloys.page.3	Alloy:¶Alumite¶===================¶Melting: 1565 K¶Boiling: 3780 K¶===================¶Components per 9¶5 Alumina¶2 Wrought Iron¶18 Obsidian¶	review
book	Manual_Alloys.page.30	Alloy:¶Energetic Alloy¶===================¶Melting: 580 K¶Boiling: 1742 K¶===================¶Components per 1¶2 Inductive Alloy¶1 Gloomstone¶	review
book	Manual_Alloys.page.31	Alloy:¶Ferrite¶===================¶Melting: 593 K¶Boiling: 1218 K¶===================¶Components per 8¶5 Hematite¶3 Lithium Oxide¶	review
book	Manual_Alloys.page.32	Alloy:¶Electrical Steel¶===================¶Melting: 1866 K¶Boiling: 3336 K¶===================¶Components per 1¶1 Steel¶1 Silicon¶	review
book	Manual_Alloys.page.33	Alloy:¶Electrical Steel¶===================¶Melting: 1866 K¶Boiling: 3336 K¶===================¶Components per 1¶1 Meteoric Steel¶1 Silicon¶	review
book	Manual_Alloys.page.34	Alloy:¶Constantan¶===================¶Melting: 1542 K¶Boiling: 3010 K¶===================¶Components per 2¶1 Copper¶1 Nickel¶	review
book	Manual_Alloys.page.35	Alloy:¶Constantan¶===================¶Melting: 1542 K¶Boiling: 3010 K¶===================¶Components per 2¶1 Annealed Copper¶1 Nickel¶	review
book	Manual_Alloys.page.36	Alloy:¶Sterling Silver¶===================¶Melting: 1258 K¶Boiling: 2515 K¶===================¶Components per 5¶1 Copper¶4 Silver¶	review
book	Manual_Alloys.page.37	Alloy:¶Sterling Silver¶===================¶Melting: 1258 K¶Boiling: 2515 K¶===================¶Components per 5¶1 Annealed Copper¶4 Silver¶	review
book	Manual_Alloys.page.38	Alloy:¶End Steel¶===================¶Melting: 1297 K¶Boiling: 3846 K¶===================¶Components per 1¶1 Endstone¶1 Obsidian Steel¶9 Obsidian¶	review
book	Manual_Alloys.page.39	Alloy:¶End Steel¶===================¶Melting: 1297 K¶Boiling: 3846 K¶===================¶Components per 1¶1 Obsidian Steel¶1 Endstone¶9 Lava¶	review
book	Manual_Alloys.page.4	Alloy:¶Alumite¶===================¶Melting: 1565 K¶Boiling: 3780 K¶===================¶Components per 5¶5 Aluminium¶2 Wrought Iron¶18 Lava¶	review
book	Manual_Alloys.page.40	Alloy:¶Rose Gold¶===================¶Melting: 1341 K¶Boiling: 3070 K¶===================¶Components per 5¶1 Copper¶4 Gold¶	review
book	Manual_Alloys.page.41	Alloy:¶Rose Gold¶===================¶Melting: 1341 K¶Boiling: 3070 K¶===================¶Components per 5¶1 Annealed Copper¶4 Gold¶	review
book	Manual_Alloys.page.42	Alloy:¶Glass¶===================¶Melting: 1200 K¶Boiling: 2400 K¶===================¶Components per 81¶81 Rough Glass¶9 Calcite¶1 Borax¶	review
book	Manual_Alloys.page.43	Alloy:¶Stainless Steel¶===================¶Melting: 1943 K¶Boiling: 3029 K¶===================¶Components per 9¶4 Wrought Iron¶3 Invar¶1 Chromium¶1 Manganese¶	review
book	Manual_Alloys.page.44	Alloy:¶Stainless Steel¶===================¶Melting: 1943 K¶Boiling: 3029 K¶===================¶Components per 36¶24 Wrought Iron¶5 Nichrome¶3 Chromium¶4 Manganese¶	review
book	Manual_Alloys.page.45	Alloy:¶Ultimet¶===================¶Melting: 1980 K¶Boiling: 3331 K¶===================¶Components per 9¶5 Cobalt¶1 Nickel¶2 Chromium¶1 Molybdenum¶	review
book	Manual_Alloys.page.46	Alloy:¶Ultimet¶===================¶Melting: 1980 K¶Boiling: 3331 K¶===================¶Components per 36¶20 Cobalt¶5 Nichrome¶7 Chromium¶4 Molybdenum¶	review
book	Manual_Alloys.page.47	Alloy:¶Iron¶===================¶Melting: 1811 K¶Boiling: 3134 K¶===================¶Components per 2¶5 Hematite¶1 Carbon¶1 Calcite¶	review
book	Manual_Alloys.page.48	Alloy:¶Iron¶===================¶Melting: 1811 K¶Boiling: 3134 K¶===================¶Components per 6¶14 Magnetite¶3 Carbon¶	review
book	Manual_Alloys.page.49	Alloy:¶Iron¶===================¶Melting: 1811 K¶Boiling: 3134 K¶===================¶Components per 6¶14 Basaltic Mineral Sand¶3 Carbon¶	review
book	Manual_Alloys.page.5	Alloy:¶Signalum¶===================¶Melting: 1353 K¶Boiling: 2735 K¶===================¶Components per 8¶1 Copper¶2 Silver¶5 Red Alloy¶	review
book	Manual_Alloys.page.50	Alloy:¶Iron¶===================¶Melting: 1811 K¶Boiling: 3134 K¶===================¶Components per 6¶14 Granitic Mineral Sand¶3 Carbon¶	review
book	Manual_Alloys.page.51	Alloy:¶Iron¶===================¶Melting: 1811 K¶Boiling: 3134 K¶===================¶Components per 6¶28 Vanadium Magnetite¶3 Carbon¶	review
book	Manual_Alloys.page.52	Alloy:¶Iron¶===================¶Melting: 1811 K¶Boiling: 3134 K¶===================¶Components per 2¶1 Shadow Iron¶1 Ignatius¶	review
book	Manual_Alloys.page.53	Alloy:¶Iron¶===================¶Melting: 1811 K¶Boiling: 3134 K¶===================¶Components per 2¶1 Deep Iron¶1 Prometheum¶	review
book	Manual_Alloys.page.54	Alloy:¶Brass¶===================¶Melting: 1160 K¶Boiling: 2835 K¶===================¶Components per 4¶3 Copper¶1 Zinc¶	review
book	Manual_Alloys.page.55	Alloy:¶Brass¶===================¶Melting: 1160 K¶Boiling: 2835 K¶===================¶Components per 4¶3 Annealed Copper¶1 Zinc¶	review
book	Manual_Alloys.page.56	Alloy:¶Bronze¶===================¶Melting: 1357 K¶Boiling: 2835 K¶===================¶Components per 4¶3 Copper¶1 Tin¶	review
book	Manual_Alloys.page.57	Alloy:¶Bronze¶===================¶Melting: 1357 K¶Boiling: 2835 K¶===================¶Components per 4¶3 Annealed Copper¶1 Tin¶	review
book	Manual_Alloys.page.58	Alloy:¶Black Bronze¶===================¶Melting: 1328 K¶Boiling: 2813 K¶===================¶Components per 5¶3 Copper¶2 Electrum¶	review
book	Manual_Alloys.page.59	Alloy:¶Black Bronze¶===================¶Melting: 1328 K¶Boiling: 2813 K¶===================¶Components per 5¶3 Annealed Copper¶2 Electrum¶	review
book	Manual_Alloys.page.6	Alloy:¶Signalum¶===================¶Melting: 1353 K¶Boiling: 2735 K¶===================¶Components per 8¶1 Annealed Copper¶2 Silver¶5 Red Alloy¶	review
book	Manual_Alloys.page.60	Alloy:¶Black Bronze¶===================¶Melting: 1328 K¶Boiling: 2813 K¶===================¶Components per 20¶11 Copper¶5 Rose Gold¶4 Silver¶	review
book	Manual_Alloys.page.61	Alloy:¶Black Bronze¶===================¶Melting: 1328 K¶Boiling: 2813 K¶===================¶Components per 20¶11 Annealed Copper¶5 Rose Gold¶4 Silver¶	review
book	Manual_Alloys.page.62	Alloy:¶Black Bronze¶===================¶Melting: 1328 K¶Boiling: 2813 K¶===================¶Components per 20¶11 Copper¶5 Sterling Silver¶4 Gold¶	review
book	Manual_Alloys.page.63	Alloy:¶Black Bronze¶===================¶Melting: 1328 K¶Boiling: 2813 K¶===================¶Components per 20¶11 Annealed Copper¶5 Sterling Silver¶4 Gold¶	review
book	Manual_Alloys.page.64	Alloy:¶Hepatizon¶===================¶Melting: 1347 K¶Boiling: 2982 K¶===================¶Components per 2¶1 Gold¶1 Bronze¶	review
book	Manual_Alloys.page.65	Alloy:¶Hepatizon¶===================¶Melting: 1347 K¶Boiling: 2982 K¶===================¶Components per 24¶8 Bronze¶1 Tin¶15 Rose Gold¶	review
book	Manual_Alloys.page.66	Alloy:¶Arsenic Copper¶===================¶Melting: 1070 K¶Boiling: 2835 K¶===================¶Components per 4¶3 Copper¶1 Arsenic¶	review
book	Manual_Alloys.page.67	Alloy:¶Arsenic Copper¶===================¶Melting: 1070 K¶Boiling: 2835 K¶===================¶Components per 4¶3 Annealed Copper¶1 Arsenic¶	review
book	Manual_Alloys.page.68	Alloy:¶Arsenic Bronze¶===================¶Melting: 1357 K¶Boiling: 2835 K¶===================¶Components per 5¶1 Arsenic¶4 Bronze¶	review
book	Manual_Alloys.page.69	Alloy:¶Arsenic Bronze¶===================¶Melting: 1357 K¶Boiling: 2835 K¶===================¶Components per 5¶4 Arsenic Copper¶1 Tin¶	review
book	Manual_Alloys.page.7	Alloy:¶Signalum¶===================¶Melting: 1353 K¶Boiling: 2735 K¶===================¶Components per 16¶1 Copper¶5 Sterling Silver¶10 Red Alloy¶	review
book	Manual_Alloys.page.70	Alloy:¶Steel¶===================¶Melting: 2046 K¶Boiling: 3134 K¶===================¶Components per 1¶1 Wrought Iron¶1 Air¶	review
book	Manual_Alloys.page.71	Alloy:¶Black Steel¶===================¶Melting: 1838 K¶Boiling: 3080 K¶===================¶Components per 5¶1 Nickel¶1 Black Bronze¶3 Steel¶	review
book	Manual_Alloys.page.72	Alloy:¶Black Steel¶===================¶Melting: 1838 K¶Boiling: 3080 K¶===================¶Components per 2¶1 Deep Iron¶1 Infuscolium¶	review
book	Manual_Alloys.page.73	Alloy:¶Vanadiumsteel¶===================¶Melting: 2073 K¶Boiling: 3243 K¶===================¶Components per 5¶4 Steel¶1 Vanadium¶	review
book	Manual_Alloys.page.74	Alloy:¶Vanadiumsteel¶===================¶Melting: 2073 K¶Boiling: 3243 K¶===================¶Components per 5¶4 Meteoric Steel¶1 Vanadium¶	review
book	Manual_Alloys.page.75	Alloy:¶Tungstensteel¶===================¶Melting: 2870 K¶Boiling: 4481 K¶===================¶Components per 2¶1 Steel¶1 Tungsten¶	review
book	Manual_Alloys.page.76	Alloy:¶Tungstensteel¶===================¶Melting: 2870 K¶Boiling: 4481 K¶===================¶Components per 2¶1 Meteoric Steel¶1 Tungsten¶	review
book	Manual_Alloys.page.77	Alloy:¶Tungstensteel¶===================¶Melting: 2870 K¶Boiling: 4481 K¶===================¶Components per 2¶1 Meteoric Steel¶1 Sintered Tungsten¶	review
book	Manual_Alloys.page.78	Alloy:¶Tungstensteel¶===================¶Melting: 2870 K¶Boiling: 4481 K¶===================¶Components per 2¶1 Steel¶1 Sintered Tungsten¶	review
book	Manual_Alloys.page.79	Alloy:¶Yttrium-Barium-Cuprate¶===================¶Melting: 1200 K¶Boiling: 2400 K¶===================¶Components per 6¶3 Annealed Copper¶2 Barium¶1 Yttrium¶	review
book	Manual_Alloys.page.8	Alloy:¶Signalum¶===================¶Melting: 1353 K¶Boiling: 2735 K¶===================¶Components per 16¶1 Annealed Copper¶5 Sterling Silver¶10 Red Alloy¶	review
book	Manual_Alloys.page.80	Alloy:¶Yttrium-Barium-Cuprate¶===================¶Melting: 1200 K¶Boiling: 2400 K¶===================¶Components per 6¶3 Copper¶2 Barium¶1 Yttrium¶	review
book	Manual_Alloys.page.81	Alloy:¶Aluminium Brass¶===================¶Melting: 1039 K¶Boiling: 2802 K¶===================¶Components per 4¶3 Aluminium¶1 Copper¶	review
book	Manual_Alloys.page.82	Alloy:¶Aluminium Brass¶===================¶Melting: 1039 K¶Boiling: 2802 K¶===================¶Components per 4¶1 Annealed Copper¶3 Aluminium¶	review
book	Manual_Alloys.page.9	Alloy:¶Lumium¶===================¶Melting: 593 K¶Boiling: 1682 K¶===================¶Components per 4¶3 Tin¶1 Silver¶4 Glowstone¶	review
book	Manual_Elements.page.0	Hydrogen¶1/0¶===================¶ID: 10¶Melting: 14 K¶Boiling: 20 K¶Plasma: 2000 K¶===================¶Density:¶8.988E-5 g/cm3¶0.00998666665668 kg/unit¶===================¶	review
book	Manual_Elements.page.1	Deuterium¶1/1¶===================¶ID: 11¶Melting: 14 K¶Boiling: 20 K¶Plasma: 2000 K¶===================¶Density:¶8.988E-5 g/cm3¶0.00998666665668 kg/unit¶===================¶	review
book	Manual_Elements.page.10	Boron¶5/5¶===================¶ID: 50¶Melting: 2349 K¶Boiling: 4200 K¶Plasma: 420000 K¶===================¶Density:¶2.34 g/cm3¶259.99999973999996 kg/unit¶===================¶	review
book	Manual_Elements.page.100	Elemental Duranium¶145/190¶===================¶ID: 1450¶Melting: 1200 K¶Boiling: 2491 K¶Plasma: 249100 K¶===================¶Density:¶20.0 g/cm3¶2222.2222199999997 kg/unit¶===================¶	review
book	Manual_Elements.page.101	Vibranium¶152/266¶===================¶ID: 1520¶Melting: 4852 K¶Boiling: 9415 K¶Plasma: 941500 K¶===================¶Density:¶3.23978365 g/cm3¶359.9759607511351 kg/unit¶===================¶	review
book	Manual_Elements.page.102	Naquadah¶174/352¶===================¶ID: 1740¶Melting: 1500 K¶Boiling: 3000 K¶Plasma: 300000 K¶===================¶Density:¶21.0 g/cm3¶2333.333331 kg/unit¶===================¶	review
book	Manual_Elements.page.103	Enriched Naquadah¶174/354¶===================¶ID: 1741¶Melting: 1500 K¶Boiling: 3000 K¶Plasma: 300000 K¶===================¶Density:¶22.0 g/cm3¶2444.444442 kg/unit¶===================¶	review
book	Manual_Elements.page.104	Naquadria¶174/348¶===================¶ID: 1742¶Melting: 1500 K¶Boiling: 3000 K¶Plasma: 300000 K¶===================¶Density:¶20.0 g/cm3¶2222.2222199999997 kg/unit¶===================¶	review
book	Manual_Elements.page.105	Atlarus¶221/575¶===================¶ID: 2210¶Melting: 3276 K¶Boiling: 11524 K¶Plasma: 1152400 K¶===================¶Density:¶21.24625421 g/cm3¶2360.6949098615273 kg/unit¶===================¶	review
book	Manual_Elements.page.106	Adamantium¶222/580¶===================¶ID: 2220¶Melting: 5225 K¶Boiling: 14528 K¶Plasma: 1452800 K¶===================¶Density:¶13.35624762 g/cm3¶1484.0275118493057 kg/unit¶===================¶	review
book	Manual_Elements.page.107	Mac-Guffium¶239/665¶===================¶ID: 2390¶Melting: 200 K¶Boiling: 1000 K¶Plasma: 100000 K¶===================¶Density:¶3.122 g/cm3¶346.88888854199996 kg/unit¶===================¶	review
book	Manual_Elements.page.108	Gravitonium¶372/1330¶===================¶ID: 3720¶Melting: 112 K¶Boiling: 1275 K¶Plasma: 127500 K¶===================¶Density:¶1768.866761 g/cm3¶196540.75102568147 kg/unit¶===================¶	review
book	Manual_Elements.page.109	Germanium¶32/40¶===================¶ID: 320¶Melting: 1211 K¶Boiling: 3106 K¶Plasma: 310600 K¶===================¶Density:¶5.323 g/cm3¶591.444443853 kg/unit¶===================¶	review
book	Manual_Elements.page.11	Boron-11¶5/6¶===================¶ID: 51¶Melting: 2349 K¶Boiling: 4200 K¶Plasma: 420000 K¶===================¶Density:¶2.34 g/cm3¶259.99999973999996 kg/unit¶===================¶	review
book	Manual_Elements.page.12	Carbon¶6/6¶===================¶ID: 60¶Melting: 3800 K¶Boiling: 4300 K¶Plasma: 430000 K¶===================¶Density:¶2.267 g/cm3¶251.88888863699998 kg/unit¶===================¶	review
book	Manual_Elements.page.13	Carbon-13¶6/7¶===================¶ID: 61¶Melting: 3800 K¶Boiling: 4300 K¶Plasma: 430000 K¶===================¶Density:¶2.267 g/cm3¶251.88888863699998 kg/unit¶===================¶	review
book	Manual_Elements.page.14	Carbon-14¶6/8¶===================¶ID: 62¶Melting: 3800 K¶Boiling: 4300 K¶Plasma: 430000 K¶===================¶Density:¶2.267 g/cm3¶251.88888863699998 kg/unit¶===================¶	review
book	Manual_Elements.page.15	Nitrogen¶7/7¶===================¶ID: 70¶Melting: 63 K¶Boiling: 77 K¶Plasma: 7700 K¶===================¶Density:¶0.0012506 g/cm3¶0.13895555541659999 kg/unit¶===================¶	review
book	Manual_Elements.page.16	Oxygen¶8/8¶===================¶ID: 80¶Melting: 54 K¶Boiling: 90 K¶Plasma: 9000 K¶===================¶Density:¶0.001429 g/cm3¶0.15877777761899997 kg/unit¶===================¶	review
book	Manual_Elements.page.17	Fluorine¶9/9¶===================¶ID: 90¶Melting: 53 K¶Boiling: 85 K¶Plasma: 8500 K¶===================¶Density:¶0.001696 g/cm3¶0.188444444256 kg/unit¶===================¶	review
book	Manual_Elements.page.18	Neon¶10/10¶===================¶ID: 100¶Melting: 24 K¶Boiling: 27 K¶Plasma: 2700 K¶===================¶Density:¶8.999E-4 g/cm3¶0.0999888887889 kg/unit¶===================¶	review
book	Manual_Elements.page.19	Sodium¶11/11¶===================¶ID: 110¶Melting: 370 K¶Boiling: 1156 K¶Plasma: 115600 K¶===================¶Density:¶0.971 g/cm3¶107.88888878099999 kg/unit¶===================¶	review
book	Manual_Elements.page.2	Tritium¶1/2¶===================¶ID: 12¶Melting: 14 K¶Boiling: 20 K¶Plasma: 2000 K¶===================¶Density:¶8.988E-5 g/cm3¶0.00998666665668 kg/unit¶===================¶	review
book	Manual_Elements.page.20	Magnesium¶12/12¶===================¶ID: 120¶Melting: 923 K¶Boiling: 1363 K¶Plasma: 136300 K¶===================¶Density:¶1.738 g/cm3¶193.11111091799998 kg/unit¶===================¶	review
book	Manual_Elements.page.21	Aluminium¶13/13¶===================¶ID: 130¶Melting: 933 K¶Boiling: 2792 K¶Plasma: 279200 K¶===================¶Density:¶2.698 g/cm3¶299.77777747799996 kg/unit¶===================¶	review
book	Manual_Elements.page.22	Silicon¶14/14¶===================¶ID: 140¶Melting: 1687 K¶Boiling: 3538 K¶Plasma: 353800 K¶===================¶Density:¶2.3296 g/cm3¶258.8444441856 kg/unit¶===================¶	review
book	Manual_Elements.page.23	Phosphor¶15/15¶===================¶ID: 150¶Melting: 317 K¶Boiling: 550 K¶Plasma: 55000 K¶===================¶Density:¶1.82 g/cm3¶202.22222202 kg/unit¶===================¶	review
book	Manual_Elements.page.24	Sulfur¶16/16¶===================¶ID: 160¶Melting: 388 K¶Boiling: 717 K¶Plasma: 71700 K¶===================¶Density:¶2.067 g/cm3¶229.66666643700003 kg/unit¶===================¶	review
book	Manual_Elements.page.25	Chlorine¶17/18¶===================¶ID: 170¶Melting: 171 K¶Boiling: 239 K¶Plasma: 23900 K¶===================¶Density:¶0.003214 g/cm3¶0.357111110754 kg/unit¶===================¶	review
book	Manual_Elements.page.26	Argon¶18/22¶===================¶ID: 180¶Melting: 83 K¶Boiling: 87 K¶Plasma: 8700 K¶===================¶Density:¶0.0017837 g/cm3¶0.1981888886907 kg/unit¶===================¶	review
book	Manual_Elements.page.27	Potassium¶19/20¶===================¶ID: 190¶Melting: 336 K¶Boiling: 1032 K¶Plasma: 103200 K¶===================¶Density:¶0.862 g/cm3¶95.77777768199999 kg/unit¶===================¶	review
book	Manual_Elements.page.28	Calcium¶20/20¶===================¶ID: 200¶Melting: 1115 K¶Boiling: 1757 K¶Plasma: 175700 K¶===================¶Density:¶1.54 g/cm3¶171.11111094 kg/unit¶===================¶	review
book	Manual_Elements.page.29	Titanium¶22/26¶===================¶ID: 220¶Melting: 1941 K¶Boiling: 3560 K¶Plasma: 356000 K¶===================¶Density:¶4.54 g/cm3¶504.4444439399999 kg/unit¶===================¶	review
book	Manual_Elements.page.3	Helium¶2/2¶===================¶ID: 20¶Melting: 1 K¶Boiling: 4 K¶Plasma: 400 K¶===================¶Density:¶1.785E-4 g/cm3¶0.0198333333135 kg/unit¶===================¶	review
book	Manual_Elements.page.30	Vanadium¶23/28¶===================¶ID: 230¶Melting: 2183 K¶Boiling: 3680 K¶Plasma: 368000 K¶===================¶Density:¶6.11 g/cm3¶678.88888821 kg/unit¶===================¶	review
book	Manual_Elements.page.31	Chromium¶24/28¶===================¶ID: 240¶Melting: 2180 K¶Boiling: 2944 K¶Plasma: 294400 K¶===================¶Density:¶7.15 g/cm3¶794.44444365 kg/unit¶===================¶	review
book	Manual_Elements.page.32	Manganese¶25/30¶===================¶ID: 250¶Melting: 1519 K¶Boiling: 2334 K¶Plasma: 233400 K¶===================¶Density:¶7.44 g/cm3¶826.66666584 kg/unit¶===================¶	review
book	Manual_Elements.page.33	Iron¶26/30¶===================¶ID: 260¶Melting: 1811 K¶Boiling: 3134 K¶Plasma: 313400 K¶===================¶Density:¶7.874 g/cm3¶874.8888880139999 kg/unit¶===================¶	review
book	Manual_Elements.page.34	Cobalt¶27/32¶===================¶ID: 270¶Melting: 1768 K¶Boiling: 3200 K¶Plasma: 320000 K¶===================¶Density:¶8.86 g/cm3¶984.4444434599999 kg/unit¶===================¶	review
book	Manual_Elements.page.35	Cobalt-60¶27/33¶===================¶ID: 278¶Melting: 1768 K¶Boiling: 3200 K¶Plasma: 320000 K¶===================¶Density:¶8.86 g/cm3¶984.4444434599999 kg/unit¶===================¶	review
book	Manual_Elements.page.36	Nickel¶28/30¶===================¶ID: 280¶Melting: 1728 K¶Boiling: 3186 K¶Plasma: 318600 K¶===================¶Density:¶8.912 g/cm3¶990.222221232 kg/unit¶===================¶	review
book	Manual_Elements.page.37	Copper¶29/34¶===================¶ID: 290¶Melting: 1357 K¶Boiling: 2835 K¶Plasma: 283500 K¶===================¶Density:¶8.96 g/cm3¶995.55555456 kg/unit¶===================¶	review
book	Manual_Elements.page.38	Zinc¶30/35¶===================¶ID: 300¶Melting: 692 K¶Boiling: 1180 K¶Plasma: 118000 K¶===================¶Density:¶7.134 g/cm3¶792.666665874 kg/unit¶===================¶	review
book	Manual_Elements.page.39	Gallium¶31/39¶===================¶ID: 310¶Melting: 302 K¶Boiling: 2477 K¶Plasma: 247700 K¶===================¶Density:¶5.907 g/cm3¶656.3333326769999 kg/unit¶===================¶	review
book	Manual_Elements.page.4	Helium-3¶2/1¶===================¶ID: 21¶Melting: 1 K¶Boiling: 4 K¶Plasma: 400 K¶===================¶Density:¶1.785E-4 g/cm3¶0.0198333333135 kg/unit¶===================¶	review
book	Manual_Elements.page.40	Germanium¶32/40¶===================¶ID: 320¶Melting: 1211 K¶Boiling: 3106 K¶Plasma: 310600 K¶===================¶Density:¶5.323 g/cm3¶591.444443853 kg/unit¶===================¶	review
book	Manual_Elements.page.41	Arsenic¶33/42¶===================¶ID: 330¶Melting: 887 K¶Boiling: 1090 K¶Plasma: 109000 K¶===================¶Density:¶5.776 g/cm3¶641.7777771359999 kg/unit¶===================¶	review
book	Manual_Elements.page.42	Selenium¶34/45¶===================¶ID: 340¶Melting: 453 K¶Boiling: 958 K¶Plasma: 95800 K¶===================¶Density:¶4.809 g/cm3¶534.333332799 kg/unit¶===================¶	review
book	Manual_Elements.page.43	Bromine¶35/45¶===================¶ID: 350¶Melting: 265 K¶Boiling: 332 K¶Plasma: 33200 K¶===================¶Density:¶3.122 g/cm3¶346.88888854199996 kg/unit¶===================¶	review
book	Manual_Elements.page.44	Krypton¶36/48¶===================¶ID: 360¶Melting: 115 K¶Boiling: 119 K¶Plasma: 11900 K¶===================¶Density:¶0.003733 g/cm3¶0.4147777773629999 kg/unit¶===================¶	review
book	Manual_Elements.page.45	Rubidium¶37/48¶===================¶ID: 370¶Melting: 312 K¶Boiling: 961 K¶Plasma: 96100 K¶===================¶Density:¶1.532 g/cm3¶170.222222052 kg/unit¶===================¶	review
book	Manual_Elements.page.46	Strontium¶38/49¶===================¶ID: 380¶Melting: 1050 K¶Boiling: 1655 K¶Plasma: 165500 K¶===================¶Density:¶2.64 g/cm3¶293.33333304 kg/unit¶===================¶	review
book	Manual_Elements.page.47	Yttrium¶39/50¶===================¶ID: 390¶Melting: 1799 K¶Boiling: 3609 K¶Plasma: 360900 K¶===================¶Density:¶4.469 g/cm3¶496.5555550590001 kg/unit¶===================¶	review
book	Manual_Elements.page.48	Zirconium¶40/51¶===================¶ID: 400¶Melting: 2128 K¶Boiling: 4682 K¶Plasma: 468200 K¶===================¶Density:¶6.506 g/cm3¶722.888888166 kg/unit¶===================¶	review
book	Manual_Elements.page.49	Niobium¶41/53¶===================¶ID: 410¶Melting: 2750 K¶Boiling: 5017 K¶Plasma: 501700 K¶===================¶Density:¶8.57 g/cm3¶952.2222212699999 kg/unit¶===================¶	review
book	Manual_Elements.page.5	Lithium¶3/4¶===================¶ID: 30¶Melting: 453 K¶Boiling: 1560 K¶Plasma: 156000 K¶===================¶Density:¶0.534 g/cm3¶59.333333274 kg/unit¶===================¶	review
book	Manual_Elements.page.50	Molybdenum¶42/53¶===================¶ID: 420¶Melting: 2896 K¶Boiling: 4912 K¶Plasma: 491200 K¶===================¶Density:¶10.22 g/cm3¶1135.55555442 kg/unit¶===================¶	review
book	Manual_Elements.page.51	Technetium¶43/55¶===================¶ID: 430¶Melting: 2430 K¶Boiling: 4538 K¶Plasma: 453800 K¶===================¶Density:¶11.5 g/cm3¶1277.7777764999998 kg/unit¶===================¶	review
book	Manual_Elements.page.52	Ruthenium¶44/57¶===================¶ID: 440¶Melting: 2607 K¶Boiling: 4423 K¶Plasma: 442300 K¶===================¶Density:¶12.37 g/cm3¶1374.4444430699998 kg/unit¶===================¶	review
book	Manual_Elements.page.53	Rhodium¶45/58¶===================¶ID: 450¶Melting: 2237 K¶Boiling: 3968 K¶Plasma: 396800 K¶===================¶Density:¶12.41 g/cm3¶1378.88888751 kg/unit¶===================¶	review
book	Manual_Elements.page.54	Palladium¶46/60¶===================¶ID: 460¶Melting: 1828 K¶Boiling: 3236 K¶Plasma: 323600 K¶===================¶Density:¶12.02 g/cm3¶1335.55555422 kg/unit¶===================¶	review
book	Manual_Elements.page.55	Silver¶47/60¶===================¶ID: 470¶Melting: 1234 K¶Boiling: 2435 K¶Plasma: 243500 K¶===================¶Density:¶10.501 g/cm3¶1166.7777766109998 kg/unit¶===================¶	review
book	Manual_Elements.page.56	Cadmium¶48/64¶===================¶ID: 480¶Melting: 594 K¶Boiling: 1040 K¶Plasma: 104000 K¶===================¶Density:¶8.69 g/cm3¶965.5555545899998 kg/unit¶===================¶	review
book	Manual_Elements.page.57	Indium¶49/65¶===================¶ID: 490¶Melting: 429 K¶Boiling: 2345 K¶Plasma: 234500 K¶===================¶Density:¶7.31 g/cm3¶812.2222214099999 kg/unit¶===================¶	review
book	Manual_Elements.page.58	Tin¶50/68¶===================¶ID: 500¶Melting: 505 K¶Boiling: 2875 K¶Plasma: 287500 K¶===================¶Density:¶7.287 g/cm3¶809.666665857 kg/unit¶===================¶	review
book	Manual_Elements.page.59	Antimony¶51/70¶===================¶ID: 510¶Melting: 903 K¶Boiling: 1860 K¶Plasma: 186000 K¶===================¶Density:¶6.685 g/cm3¶742.7777770349999 kg/unit¶===================¶	review
book	Manual_Elements.page.6	Lithium-6¶3/3¶===================¶ID: 31¶Melting: 453 K¶Boiling: 1560 K¶Plasma: 156000 K¶===================¶Density:¶0.534 g/cm3¶59.333333274 kg/unit¶===================¶	review
book	Manual_Elements.page.60	Iodine¶53/74¶===================¶ID: 530¶Melting: 386 K¶Boiling: 457 K¶Plasma: 45700 K¶===================¶Density:¶4.93 g/cm3¶547.77777723 kg/unit¶===================¶	review
book	Manual_Elements.page.61	Xenon¶54/77¶===================¶ID: 540¶Melting: 161 K¶Boiling: 165 K¶Plasma: 16500 K¶===================¶Density:¶0.005887 g/cm3¶0.654111110457 kg/unit¶===================¶	review
book	Manual_Elements.page.62	Caesium¶55/77¶===================¶ID: 550¶Melting: 301 K¶Boiling: 944 K¶Plasma: 94400 K¶===================¶Density:¶1.873 g/cm3¶208.111110903 kg/unit¶===================¶	review
book	Manual_Elements.page.63	Barium¶56/81¶===================¶ID: 560¶Melting: 1000 K¶Boiling: 2170 K¶Plasma: 217000 K¶===================¶Density:¶3.594 g/cm3¶399.33333293399994 kg/unit¶===================¶	review
book	Manual_Elements.page.64	Lanthanium¶57/81¶===================¶ID: 570¶Melting: 1193 K¶Boiling: 3737 K¶Plasma: 373700 K¶===================¶Density:¶6.145 g/cm3¶682.7777770949999 kg/unit¶===================¶	review
book	Manual_Elements.page.65	Cerium¶58/82¶===================¶ID: 580¶Melting: 1068 K¶Boiling: 3716 K¶Plasma: 371600 K¶===================¶Density:¶6.77 g/cm3¶752.2222214699999 kg/unit¶===================¶	review
book	Manual_Elements.page.66	Neodymium¶60/84¶===================¶ID: 600¶Melting: 1297 K¶Boiling: 3347 K¶Plasma: 334700 K¶===================¶Density:¶7.007 g/cm3¶778.5555547769999 kg/unit¶===================¶	review
book	Manual_Elements.page.67	Holmium¶67/97¶===================¶ID: 670¶Melting: 1734 K¶Boiling: 2993 K¶Plasma: 299300 K¶===================¶Density:¶8.795 g/cm3¶977.2222212449999 kg/unit¶===================¶	review
book	Manual_Elements.page.68	Ytterbium¶70/103¶===================¶ID: 700¶Melting: 1097 K¶Boiling: 1469 K¶Plasma: 146900 K¶===================¶Density:¶6.965 g/cm3¶773.888888115 kg/unit¶===================¶	review
book	Manual_Elements.page.69	Hafnium¶72/106¶===================¶ID: 720¶Melting: 2506 K¶Boiling: 4876 K¶Plasma: 487600 K¶===================¶Density:¶13.31 g/cm3¶1478.88888741 kg/unit¶===================¶	review
book	Manual_Elements.page.7	Beryllium¶4/5¶===================¶ID: 40¶Melting: 1560 K¶Boiling: 2742 K¶Plasma: 274200 K¶===================¶Density:¶1.85 g/cm3¶205.55555535 kg/unit¶===================¶	review
book	Manual_Elements.page.70	Tantalum¶73/107¶===================¶ID: 730¶Melting: 3290 K¶Boiling: 5731 K¶Plasma: 573100 K¶===================¶Density:¶16.654 g/cm3¶1850.444442594 kg/unit¶===================¶	review
book	Manual_Elements.page.71	Tungsten¶74/109¶===================¶ID: 740¶Melting: 3695 K¶Boiling: 5828 K¶Plasma: 582800 K¶===================¶Density:¶19.25 g/cm3¶2138.88888675 kg/unit¶===================¶	review
book	Manual_Elements.page.72	Rhenium¶75/111¶===================¶ID: 750¶Melting: 3459 K¶Boiling: 5869 K¶Plasma: 586900 K¶===================¶Density:¶21.02 g/cm3¶2335.5555532199996 kg/unit¶===================¶	review
book	Manual_Elements.page.73	Osmium¶76/114¶===================¶ID: 760¶Melting: 3306 K¶Boiling: 5285 K¶Plasma: 528500 K¶===================¶Density:¶22.61 g/cm3¶2512.22221971 kg/unit¶===================¶	review
book	Manual_Elements.page.74	Iridium¶77/115¶===================¶ID: 770¶Melting: 2719 K¶Boiling: 4701 K¶Plasma: 470100 K¶===================¶Density:¶22.56 g/cm3¶2506.6666641599995 kg/unit¶===================¶	review
book	Manual_Elements.page.75	Platinum¶78/117¶===================¶ID: 780¶Melting: 2041 K¶Boiling: 4098 K¶Plasma: 409800 K¶===================¶Density:¶21.46 g/cm3¶2384.44444206 kg/unit¶===================¶	review
book	Manual_Elements.page.76	Gold¶79/117¶===================¶ID: 790¶Melting: 1337 K¶Boiling: 3129 K¶Plasma: 312900 K¶===================¶Density:¶19.282 g/cm3¶2142.444442302 kg/unit¶===================¶	review
book	Manual_Elements.page.77	Gold-198¶79/119¶===================¶ID: 791¶Melting: 1337 K¶Boiling: 3129 K¶Plasma: 312900 K¶===================¶Density:¶19.282 g/cm3¶2142.444442302 kg/unit¶===================¶	review
book	Manual_Elements.page.78	Mercury¶80/120¶===================¶ID: 800¶Melting: 234 K¶Boiling: 629 K¶Plasma: 62900 K¶===================¶Density:¶13.5336 g/cm3¶1503.7333318295998 kg/unit¶===================¶	review
book	Manual_Elements.page.79	Lead¶82/125¶===================¶ID: 820¶Melting: 600 K¶Boiling: 2022 K¶Plasma: 202200 K¶===================¶Density:¶11.342 g/cm3¶1260.222220962 kg/unit¶===================¶	review
book	Manual_Elements.page.8	Beryllium-7¶4/3¶===================¶ID: 41¶Melting: 1560 K¶Boiling: 2742 K¶Plasma: 274200 K¶===================¶Density:¶1.85 g/cm3¶205.55555535 kg/unit¶===================¶	review
book	Manual_Elements.page.80	Bismuth¶83/125¶===================¶ID: 830¶Melting: 544 K¶Boiling: 1837 K¶Plasma: 183700 K¶===================¶Density:¶9.807 g/cm3¶1089.666665577 kg/unit¶===================¶	review
book	Manual_Elements.page.81	Astatine¶85/124¶===================¶ID: 850¶Melting: 575 K¶Boiling: 610 K¶Plasma: 61000 K¶===================¶Density:¶7.0 g/cm3¶777.777777 kg/unit¶===================¶	review
book	Manual_Elements.page.82	Radon¶86/134¶===================¶ID: 860¶Melting: 202 K¶Boiling: 211 K¶Plasma: 21100 K¶===================¶Density:¶0.00973 g/cm3¶1.08111111003 kg/unit¶===================¶	review
book	Manual_Elements.page.83	Radium¶88/138¶===================¶ID: 880¶Melting: 973 K¶Boiling: 2010 K¶Plasma: 201000 K¶===================¶Density:¶5.5 g/cm3¶611.1111105 kg/unit¶===================¶	review
book	Manual_Elements.page.84	Actinium¶89/136¶===================¶ID: 890¶Melting: 1323 K¶Boiling: 3471 K¶Plasma: 347100 K¶===================¶Density:¶10.07 g/cm3¶1118.8888877699999 kg/unit¶===================¶	review
book	Manual_Elements.page.85	Thorium¶90/142¶===================¶ID: 900¶Melting: 2115 K¶Boiling: 5061 K¶Plasma: 506100 K¶===================¶Density:¶11.72 g/cm3¶1302.22222092 kg/unit¶===================¶	review
book	Manual_Elements.page.86	Uranium¶92/146¶===================¶ID: 920¶Melting: 1405 K¶Boiling: 4404 K¶Plasma: 440400 K¶===================¶Density:¶18.95 g/cm3¶2105.55555345 kg/unit¶===================¶	review
book	Manual_Elements.page.87	Uranium-235¶92/143¶===================¶ID: 921¶Melting: 1405 K¶Boiling: 4404 K¶Plasma: 440400 K¶===================¶Density:¶18.95 g/cm3¶2105.55555345 kg/unit¶===================¶	review
book	Manual_Elements.page.88	Uranium-233¶92/141¶===================¶ID: 922¶Melting: 1405 K¶Boiling: 4404 K¶Plasma: 440400 K¶===================¶Density:¶18.95 g/cm3¶2105.55555345 kg/unit¶===================¶	review
book	Manual_Elements.page.89	Neptunium¶93/144¶===================¶ID: 930¶Melting: 917 K¶Boiling: 4273 K¶Plasma: 427300 K¶===================¶Density:¶20.45 g/cm3¶2272.2222199499997 kg/unit¶===================¶	review
book	Manual_Elements.page.9	Beryllium-8¶4/4¶===================¶ID: 42¶Melting: 1560 K¶Boiling: 2742 K¶Plasma: 274200 K¶===================¶Density:¶1.85 g/cm3¶205.55555535 kg/unit¶===================¶	review
book	Manual_Elements.page.90	Plutonium¶94/150¶===================¶ID: 940¶Melting: 912 K¶Boiling: 3501 K¶Plasma: 350100 K¶===================¶Density:¶19.84 g/cm3¶2204.4444422399997 kg/unit¶===================¶	review
book	Manual_Elements.page.91	Plutonium-241¶94/147¶===================¶ID: 943¶Melting: 912 K¶Boiling: 3501 K¶Plasma: 350100 K¶===================¶Density:¶19.84 g/cm3¶2204.4444422399997 kg/unit¶===================¶	review
book	Manual_Elements.page.92	Plutonium-243¶94/149¶===================¶ID: 945¶Melting: 912 K¶Boiling: 3501 K¶Plasma: 350100 K¶===================¶Density:¶19.84 g/cm3¶2204.4444422399997 kg/unit¶===================¶	review
book	Manual_Elements.page.93	Plutonium-239¶94/145¶===================¶ID: 947¶Melting: 912 K¶Boiling: 3501 K¶Plasma: 350100 K¶===================¶Density:¶19.84 g/cm3¶2204.4444422399997 kg/unit¶===================¶	review
book	Manual_Elements.page.94	Americium¶95/150¶===================¶ID: 950¶Melting: 1449 K¶Boiling: 2880 K¶Plasma: 288000 K¶===================¶Density:¶13.69 g/cm3¶1521.1111095899998 kg/unit¶===================¶	review
book	Manual_Elements.page.95	Americium-241¶95/146¶===================¶ID: 951¶Melting: 1449 K¶Boiling: 2880 K¶Plasma: 288000 K¶===================¶Density:¶13.69 g/cm3¶1521.1111095899998 kg/unit¶===================¶	review
book	Manual_Elements.page.96	Americium-242¶95/147¶===================¶ID: 952¶Melting: 1449 K¶Boiling: 2880 K¶Plasma: 288000 K¶===================¶Density:¶13.69 g/cm3¶1521.1111095899998 kg/unit¶===================¶	review
book	Manual_Elements.page.97	Farnsium¶117/177¶===================¶ID: 1170¶Melting: 673 K¶Boiling: 823 K¶Plasma: 82300 K¶===================¶Density:¶7.2 g/cm3¶799.9999991999999 kg/unit¶===================¶	review
book	Manual_Elements.page.98	Elemental Tritanium¶125/198¶===================¶ID: 1250¶Melting: 2000 K¶Boiling: 3138 K¶Plasma: 313800 K¶===================¶Density:¶25.0 g/cm3¶2777.777775 kg/unit¶===================¶	review
book	Manual_Elements.page.99	Trinium¶126/192¶===================¶ID: 1260¶Melting: 2645 K¶Boiling: 4523 K¶Plasma: 452300 K¶===================¶Density:¶1.06874 g/cm3¶118.74888877014 kg/unit¶===================¶	review
book	Manual_Enchantments.page.0	真不敢相信这些古老附魔的信息如此难找！但终于我收集到了所有关于这魔法的知识！	auto
book	Manual_Enchantments.page.1	附魔台¶===================¶你需要一个这样的附魔台，通常由2颗钻石、4块黑曜石和一本书构成。然后你可以使用你的魔力，有时是青金石，来给工具和书籍随机附魔！	auto
book	Manual_Enchantments.page.10	节肢杀手¶===================¶等级1至5+¶每级额外造成125点伤害，适用于六条腿以上的生物，如讨厌的蜘蛛、螨虫、昆虫或蠹虫！	auto
book	Manual_Enchantments.page.11	防爆¶===================¶等级1至5+¶每级额外造成3点伤害，适用于任何苦力怕！通常只能应用于Railcraft撬棍。它也可以伤害其他爆炸性怪物，如凋灵！	auto
book	Manual_Enchantments.page.12	溶解¶===================¶对任何黏液生物造成虚弱和中毒效果！	auto
book	Manual_Enchantments.page.13	末影离析¶===================¶等级1至5+¶对任何末影生物造成虚弱和中毒效果！被削弱的末影人无法传送，使得带有此附魔的投射物是对抗它们的无价之宝！	auto
book	Manual_Enchantments.page.14	狼人杀手¶===================¶等级1至5+¶对任何狼形生物及类似生物造成枯萎和中毒效果！也适用于牛头人！	auto
book	Manual_Enchantments.page.15	击退¶===================¶等级1至2+¶击中目标会将其击退，同时减少你自己40%的水平速度，只在空中明显。冲刺时等级增加一级。	auto
book	Manual_Enchantments.page.16	火焰附加¶===================¶等级1至2+¶不仅会使敌人燃烧4秒，有时还会烤熟掉落物；等级3时还能快速熔炼采集到的方块！	auto
book	Manual_Enchantments.page.17	掠夺¶===================¶等级1至3+¶增加从生物身上获得的掉落物数量。可能会增加总掉落物数量或稀有掉落物的几率。	auto
book	Manual_Enchantments.page.18	丰收¶===================¶等级1至3+¶增加从方块获得的掉落物数量。可能增加总掉落物数量或稀有掉落物的几率。适用于矿石、作物、沙砾和岩浆膏。	auto
book	Manual_Enchantments.page.19	精准采集¶===================¶仅1级¶确保用正确的工具采集方块时，掉落该方块本身而非其正常掉落物。小矿石有更高的几率掉落大宝石。	auto
book	Manual_Enchantments.page.2	书架¶===================¶为了提升上述提到的随机附魔的效果，你只需要一些装满书的书架即可。甚至可以是金属制的精美书架！书籍也可以放在背面！	auto
book	Manual_Enchantments.page.20	无限¶===================¶等级1+¶只要身上有一支箭，弓就可以无限射击。枪械根据等级有不同的概率不消耗弹药：50%，66%，75%，80%，84%或更高。	auto
book	Manual_Enchantments.page.21	力量¶===================¶等级1至5+¶射出的箭矢每级额外造成25%伤害。射出的子弹飞得更快，因此具有更高的穿透率和远程高伤害。	auto
book	Manual_Enchantments.page.22	火矢¶===================¶等级1+¶你的远程武器将使投射物着火，造成类似于或结合火焰附加的火焰伤害。你还可以用它点燃TNT和其他物品。	auto
book	Manual_Enchantments.page.23	冲击¶===================¶等级1至2+¶你的远程武器每级击退击中的目标约3格。	auto
book	Manual_Enchantments.page.24	海之眷顾¶===================¶等级1至3+¶增加钓到宝藏的几率，减少钓到垃圾的几率，略微减少钓到鱼的几率。	auto
book	Manual_Enchantments.page.25	饵钓¶===================¶等级1至3+¶每级减少等待鱼咬钩的时间5秒，最高等级为5级。等级6或以上则使钓鱼竿无法用于钓鱼。	auto
book	Manual_Enchantments.page.26	保护¶===================¶等级1至4+¶每件盔甲每级减少4%的总伤害，最高可达80%的综合减伤，包括所有其他类型的保护附魔！	auto
book	Manual_Enchantments.page.27	防火¶===================¶等级1至4+¶每件盔甲每级减少8%的火焰伤害，最高与保护附魔一致。每级还可减少最高15%的燃烧时间。	auto
book	Manual_Enchantments.page.28	爆炸保护¶===================¶等级1至4+¶每件盔甲每级减少8%的爆炸伤害，最高与保护附魔一致。每级还可减少最高15%的爆炸击退。	auto
book	Manual_Enchantments.page.29	弹射物保护¶===================¶等级1至4+¶每件盔甲每级减少8%的远程伤害，最高与保护附魔一致。注意，爆炸性的远程攻击可能只有部分减伤！	auto
book	Manual_Enchantments.page.3	铁砧¶===================¶但随机附魔不能直接从工具上移除。铁砧可以帮助你，因为它允许你将书籍中的附魔转移到工具上，并且还可以给它们命名！	auto
book	Manual_Enchantments.page.30	摔落保护¶===================¶等级1至4+¶每件盔甲每级减少12%的末影珍珠和坠落伤害，最高与保护附魔一致。撞墙时不生效。	auto
book	Manual_Enchantments.page.31	荆棘¶===================¶等级1至3+¶每件盔甲每级有15%的几率对近战或远程攻击者造成0.5至2心的伤害。盔甲耐久度会额外损耗。	auto
book	Manual_Enchantments.page.32	水下呼吸¶===================¶等级1至3+¶每级增加15秒的水下氧气时间，分别为两倍、三倍或四倍于正常时间。还分别以50%、66%或75%的几率减少溺水伤害。	auto
book	Manual_Enchantments.page.33	水中速掘¶===================¶仅1级¶使你在水下站立时能够以正常速度挖掘，而不是减慢五倍。仍然需要站在地上，否则速度还会被减慢五倍。	auto
book	Manual_Enchantments.page.34	效率¶===================¶等级1至5+¶该附魔使工具的挖掘速度得到平方加1的加成，即+2, +5, +10, +17或+26。工具材料永远不会自带此附魔，因为没有意义。	auto
book	Manual_Enchantments.page.35	耐久¶===================¶等级1至3+¶该附魔使工具平均寿命延长+100%每级。盔甲则分别延长+25%, +34%或+43%。工具材料永远不会自带此附魔，因为没有意义。	auto
book	Manual_Enchantments.page.4	磨石¶===================¶据说有能移除附魔的磨石，但我从未见过！就像我常听说的缸中之脑一样神秘！	auto
book	Manual_Enchantments.page.5	魔力¶===================¶通过击杀世界中的生物、烹饪食物或处理矿石可以获得这种力量！这就是许多人称之为经验值（XP或EXP）的原因！	auto
book	Manual_Enchantments.page.6	列表¶===================¶以下是我所知的附魔及其效果列表。	auto
book	Manual_Enchantments.page.7	锋利¶===================¶等级1至5+¶每级额外造成81.25点伤害，几乎适用于所有物品！	auto
book	Manual_Enchantments.page.8	破击¶===================¶等级1至5+¶每级额外造成1.5点伤害，通常只能应用于Railcraft撬棍。	auto
book	Manual_Enchantments.page.9	亡灵杀手¶===================¶等级1至5+¶每级额外造成125点伤害，适用于不死生物：骷髅、僵尸、溺尸、干尸、怨灵、木乃伊和巫妖！亡灵杀手 3+ 级子弹甚至可以穿透巫妖屏障！	auto
book	Manual_Extenders.page.0	本手册包括了扩展器和过滤器。它将详细解释这些设备的使用方法，以便您能轻松使用它们。	auto
book	Manual_Extenders.page.1	首先说明任何过滤器和扩展器的面向。主要面是你可以用扳手设置的那个面，其周围有4个点环绕中心管道。	auto
book	Manual_Extenders.page.10	所以，如果你把漏斗放在扩展器下面，漏斗将从扩展器连接到的方块实体拉取物品。如果你把漏斗放在扩展器上面，它会将物品推入扩展器连接到的方块实体。	auto
book	Manual_Extenders.page.11	扩展器基本上是为任何尝试以某种形式与它们互动的东西提供了一个接口，就好像附着的方块实体现在有两格大而不是一格。	auto
book	Manual_Extenders.page.12	它们本身完全不做任何事情，它们只是在那里伪装成附着的方块实体。所以不要期望它们会主动输入输出任何物品，或者任何类似这种愚蠢的事情。	auto
book	Manual_Extenders.page.2	次要面向是有输出样式的箭头的一面，这是使用活动扳手设置的。而扩展器/过滤器的其他面为中立面向。	auto
book	Manual_Extenders.page.3	现在明确了这一点，我们可以讨论功能了。基本上，任何通过中立或次要面与扩展器'互动'（*稍后解释）的东西都会被重定向到主要面的方块实体。	auto
book	Manual_Extenders.page.4	这意味着你通过中立面向或次要面插入物品时，主要面通常是（但不总是）输出侧。因此，将主要面连接到你想要延伸或进行过滤的方块实体上。	auto
book	Manual_Extenders.page.5	关于次要面：如上文所述，5个面向会将其访问重定向到主要面的方块实体，但主要面本身也可以将所有该侧的访问重定向到次要面上的方块实体。	auto
book	Manual_Extenders.page.6	这意味着如果你在某方块实体的同一个面有输入和输出，你可以将它的输出重定向到次要面的方向，同时从中立面向主要面的方块实体输出。	auto
book	Manual_Extenders.page.7	从主要面到次要面的重定向不受过滤影响，只有从中立&次要面到主要面的交互是经过过滤的！希望这个解释足以让你正确使用过滤器。	auto
book	Manual_Extenders.page.8	扩展器和过滤器不能串联使用，这意味着你需要在两个扩展器/过滤器之间放置某些东西，比如管道，除非它们是平行的。	auto
book	Manual_Extenders.page.9	现在来解释'互动'的实际含义。漏斗从它'互动'的所有上方物体拉取物品，并向下推动物品给它可以'互动'的所有物体。这意味着物品的行进方向对于扩展器来说无关紧要。	auto
book	Manual_Hunting_Blaze.page.0	Hi, I'm Alex Grylls, Adventurer and experienced Hunter of the several Mobs you encounter in our World. In this Guide I will explain you easy Methods to hunt for wild Mobs in their natural Habitats.	review
book	Manual_Hunting_Blaze.page.1	Blazes¶===================¶Blazes are floating, fireball shooting, yellow Heads with valuable fiery Rods rotating around them. Those Rods only drop if they are killed by a living thing, making them rare. They also deal Melee Fire Damage too.	review
book	Manual_Hunting_Blaze.page.10	Ghasts¶===================¶Punching their Fireballs back at them can be hard to do, especially with Lag, but Arrows can deflect the fireballs aswell, meaning you can shoot Arrows at the Fireballs as a defense.	review
book	Manual_Hunting_Blaze.page.11	Ghasts¶===================¶In general any form of ranged Attack is advised, because it happens very rarely, that a Ghast is close enough to the ground to actually melee it. The Implosion Enchantment works well on them too.	review
book	Manual_Hunting_Blaze.page.12	Ghasts¶===================¶It can happen very often that you are unprepared and a Ghast shows up trying to blow you into smithereens. In that case, run away and hide, first.	review
book	Manual_Hunting_Blaze.page.13	Ghasts¶===================¶After you are done finding a hiding Spot, look at where exactly the Ghast is right now, so you can stay out of its Range. Then either continue your business or shoot the Ghast.	review
book	Manual_Hunting_Blaze.page.14	Ghasts¶===================¶If you are going to deflect a Ghast Blast the melee way, then use a Sword for that, as it gives you a slightly increased Range. This is especially useful if you cant use a Bow.	review
book	Manual_Hunting_Blaze.page.15	Ghasts¶===================¶Ghasts are the normal kind of Mob, they are neither Undead nor Spiders, there is no special Enchant against them, and Potions work normally on them.	review
book	Manual_Hunting_Blaze.page.2	Blazes¶===================¶As they shoot Fireballs, they can be hard to get close to. My advice is either just shooting them with a Bow or being very creative and using a Fishing Rod to reel them in for Melee Combat.	review
book	Manual_Hunting_Blaze.page.3	Blazes¶===================¶You can also just hide behind a Wall and wait for them to come close, and then strike and hide again, so they don't get a chance to fire back. Building such a Wall between you and the Blazes is also a good Idea.	review
book	Manual_Hunting_Blaze.page.4	Blazes¶===================¶Fire Resistance is a nice Effect you should somehow have on yourself when you fight them, it makes you nearly immune to Blazes overall. Also possible is the use of Iron Golems, what not many think about doing.	review
book	Manual_Hunting_Blaze.page.5	Blazes¶===================¶Snowballs are normally useless against Mobs but in case of Blazes they do cause some severe Damage and are easier throw than you can shoot a bow. Snow Golems wouldn't survive in the Nether but they would work too.	review
book	Manual_Hunting_Blaze.page.6	Blazes¶===================¶Using Wolves or Golems can lead to them knowing Blazes down the Platforms, meaning you might not get drops, or they will now attack you from a distance, only do this for Areas that are surrounded by Netherrack.	review
book	Manual_Hunting_Blaze.page.7	Blazes¶===================¶Blazes can also be damaged by Water Buckets, sure they won't drop anything, and Water Buckets don't work in the Nether, but this Information might be useful if you got some way to get Water over there.	review
book	Manual_Hunting_Blaze.page.8	Ghasts¶===================¶Ghasts, flying, ghost alike, crying Tentacle Monsters with explosive Projectiles. Their Tears are hard to get due to them being airborne and the Nether being all like 'The Floor is Lava!'.	review
book	Manual_Hunting_Blaze.page.9	Ghasts¶===================¶Their Projectiles can literally be punched back at them kinda like a Baseball, what will yield the 'Return to Sender' Achievement. What is a Baseball, you ask? I don't know either.	review
book	Manual_Hunting_Creeper.page.0	Hi, I'm Alex Grylls, Adventurer and experienced Hunter of the several Mobs you encounter in our World. In this Guide I will explain you easy Methods to hunt for wild Mobs in their natural Habitats.	review
book	Manual_Hunting_Creeper.page.1	Creepers¶===================¶Creepers are sneaky, suicidal, leafy sticks on 4 short Legs, which will blow up when they are close by. They drop Gunpowder and will not deal any damage aside from the explosion when you let them come close.	review
book	Manual_Hunting_Creeper.page.2	Creepers¶===================¶If a Creeper is struck by Lightning it will become supercharged and will explode with a much larger force. Creepers in general when shot by a Skeleton, will drop Music Discs, which are usable for the Jukebox.	review
book	Manual_Hunting_Creeper.page.3	Creepers¶===================¶In order to detonate, a Creeper needs to see the Player, due to this it is always recommended to take the high Ground as you can hide behind the Cliff you are standing on more easily.	review
book	Manual_Hunting_Creeper.page.4	Creepers¶===================¶Water is also a good place to melee a Creeper, as knockback will get it out of explosion Range, and even if it explodes it will not cause Damage to the ground, due to the Water absorbing the shock.	review
book	Manual_Hunting_Creeper.page.5	Creepers¶===================¶For Melee Combat in general it is adviced to have Weapons with a strong Knockback so you don't need to sprint to knock the Creeper out of the Detonation Zone. You can also just shoot an Arrow first and then melee.	review
book	Manual_Hunting_Creeper.page.6	Creepers¶===================¶The Implosion Enchantment does a great deal of Damage to Creepers. It can however only be gotten by enchanting Crowbars, or by using Tool Materials that have the Enchantment on them normally.	review
book	Manual_Hunting_Creeper.page.7	Creepers¶===================¶You can manually ignite Creepers with Flint and Steel or a Lighter, and Ammunition with the Fire Aspect Enchantment will ignite Creepers at a distance if Implosion is not also on the same Arrow or Bullet.	review
book	Manual_Hunting_Creeper.page.8	Creepers¶===================¶Last but not least, you can always just drop Water between you and the Creeper, it will slow it down considerably and if its about to explode anyways, then it won't damage the Terrain.	review
book	Manual_Hunting_End.page.0	Hi, I'm Alex Grylls, Adventurer and experienced Hunter of the several Mobs you encounter in our World. In this Guide I will explain you easy Methods to hunt for wild Mobs in their natural Habitats.	review
book	Manual_Hunting_End.page.1	Endermen¶===================¶Endermen, 3m tall, black, purple eyed Teleporters with a weakness for Water and Silver (Disjunction Enchant), that can take some Blocks away from the World.	review
book	Manual_Hunting_End.page.10	Endermen¶===================¶The Weakness Potion Effect is capable of preventing an Enderman from Teleporting, make use of that and splash them. (Note, that it is GregTech adding that Feature!)	review
book	Manual_Hunting_End.page.11	Ender Dragon¶===================¶The Ender Dragon is essentially the Queen of the Endermen. She flies around between Obsidian Pillars with Magical Ender Crystals, that will regenerate her Health. Her attack pattern is Kamikaze Melee.	review
book	Manual_Hunting_End.page.12	Ender Dragon¶===================¶She will obliterate every normal Block (except Endstone, Bedrock and Obsidian) when flying through it. She is immune to Knockback and Fire, and weak to the Disjunction Enchant found in Silver.	review
book	Manual_Hunting_End.page.13	Ender Dragon¶===================¶The first thing you have to do is making sure you don't get knocked into the Void. Building Walls will only help if you have Obsidian with you, since she can't break it, unlike everything else you can bring.	review
book	Manual_Hunting_End.page.14	Ender Dragon¶===================¶Once you are safe on the Main Island, you have to go and get rid of the Ender Crystals. They can easily be destroyed by Snowballs and Arrows. Do not melee those Crystals as they deal a huge explosion damage.	review
book	Manual_Hunting_End.page.15	Ender Dragon¶===================¶Due to the Kamikaze Ram Attack, the Ender Dragon can be fought in Melee aswell as with Bow and Arrow. Use Weapons with the Disjunction Enchant and get yourself some Strength Buff in order to deal more melee.	review
book	Manual_Hunting_End.page.16	Ender Dragon¶===================¶During the Fight it can happen that you stare at Endermen by accident, in order to prevent that you could either wear a Pumpkin as Hat and press F1, or just try to only look at a slight upwards angle.	review
book	Manual_Hunting_End.page.2	Endermen¶===================¶Under normal circumstances Endermen just mind their Business and don't care what you are doing, but they do not like getting stared at, to the point that they will attack you if you do so.	review
book	Manual_Hunting_End.page.3	Endermen¶===================¶If you still want to look at them without them attacking you, then wear a carved Pumpkin as Helmet. But you are hunting them, probably for the Pearls, so turn to the next Page.	review
book	Manual_Hunting_End.page.4	Endermen¶===================¶Since Endermen don't usually attack you, I presume you just want their Pearls, and for that an Enderman Trap is a good Idea.	review
book	Manual_Hunting_End.page.5	Endermen¶===================¶The simplest Method is just standing below a 2m tall ceiling, so they cannot get to you. And then stare at every Enderman around to let them rage at you and attack you.	review
book	Manual_Hunting_End.page.6	Endermen¶===================¶Another way would be the use of Water Buckets to shield yourself off. Also they can only teleport distances of at least 16m btw, no shorter teleports are possible for them.	review
book	Manual_Hunting_End.page.7	Endermen¶===================¶As you may know, normal Arrows are pretty much worthless against them, that is why you should use Arrows with Disjunction on it (Silver), in order to prevent them from teleporting.	review
book	Manual_Hunting_End.page.8	Endermen¶===================¶If you encounter an angry Enderman, then try to run into the closest Forest, the low Trees are perfect hiding Spots, and they cant teleport to you if they are too close to you already.	review
book	Manual_Hunting_End.page.9	Endermen¶===================¶Melee attacks only work out if you look at their feet while swinging, as they will teleport away when you stare at them, since staring at them would freeze them into place.	review
book	Manual_Hunting_Skeleton.page.0	Hi, I'm Alex Grylls, Adventurer and experienced Hunter of the several Mobs you encounter in our World. In this Guide I will explain you easy Methods to hunt for wild Mobs in their natural Habitats.	review
book	Manual_Hunting_Skeleton.page.1	Skeletons¶===================¶Skeletons, usually named after Fonts and armed with Bow and Arrows. They are good at aiming, some of them are even capable of picking up dropped Weapons and Armor.	review
book	Manual_Hunting_Skeleton.page.10	Skeletons¶===================¶But if both you and the Skeleton are in deep water then diving below the surface and attacking the Skeleton from below is the best advise I can give, as the Skeletons often miss at steep angles.	review
book	Manual_Hunting_Skeleton.page.11	Skeletons¶===================¶In some cases it is possible to just drop a Stone or a Wooden Sword for the Skeleton to pick up, they will drop their Bow in this case. However, this does not work on every Skeleton!	review
book	Manual_Hunting_Skeleton.page.12	Skeletons¶===================¶Skeletons are grouped amoung the Undead Mobs, meaning they can be damaged by Sunlight, since it sets them on Fire. The Smite Enchant will also help a lot.	review
book	Manual_Hunting_Skeleton.page.13	Skeletons¶===================¶Due to being undead, Healing Splash Potions deal damage to them, while poisoning ones heal them. Since Skeletons shoot Arrows, it is a good Idea to wear Armor with Projectile Protection on it.	review
book	Manual_Hunting_Skeleton.page.14	Skeletons¶===================¶It is always a good Idea to just make Skeletons attack each other or other Mobs in order to make the attacked Mob angry at them (instead of you), causing them to kill each other.	review
book	Manual_Hunting_Skeleton.page.15	Spider Jockeys¶===================¶Ever saw a Skeleton Ride a Spider? Yeah its a terrifying picture. The speed and mobility of a Spider and a 'Turret' on its back.	review
book	Manual_Hunting_Skeleton.page.16	Spider Jockeys¶===================¶To fight them you can use easy tricks, like making the Spider crawl up a wall into the Roof, crushing the Skeleton that rides it in the process.	review
book	Manual_Hunting_Skeleton.page.17	Spider Jockeys¶===================¶In general you can apply the Strategies for both the Skeletons and the Spiders, to this combo. It's always the best solution to just shoot them from far away though.	review
book	Manual_Hunting_Skeleton.page.18	Spider Jockeys¶===================¶If you have a Bow then go for the Skeleton first, if you have to Melee then go for the Spider. Alternatively you can wait for the Sun to burn the Skeleton before engaging.	review
book	Manual_Hunting_Skeleton.page.19	Wither Skeletons¶===================¶Wither Skeletons are just like normal Skeletons with a Stone Sword, that instead of Arrows will drop regular Coal. They also are 3 Blocks tall and can absorb your Health.	review
book	Manual_Hunting_Skeleton.page.2	Skeletons¶===================¶If they somehow kill Creepers, those Creepers will drop Music Discs. Killing a Skeleton on long Range will yield the Sniper Duel Achievement aswell.	review
book	Manual_Hunting_Skeleton.page.20	Wither Skeletons¶===================¶While Witherskeletons behave like any other humanoid Melee Mob, they are relatively fast and less stupid than Zombie Pigmen. If you want to know if you can handle one, practise on Zombie Pigmen first.	review
book	Manual_Hunting_Skeleton.page.21	Wither Skeletons¶===================¶Due to being about 3m tall, just like Endermen, you can essentially hide behind a 2m tall Roof and grind them into Ashes, uhh I mean Coal.	review
book	Manual_Hunting_Skeleton.page.22	Wither Skeletons¶===================¶In Melee Situations, walking backwards and swinging is the best way to fight them without getting yourself harmed, but watch out for Fire and Lava behind you.	review
book	Manual_Hunting_Skeleton.page.23	Wither Skeletons¶===================¶An Iron Golem is a good Idea to have with you, just take Iron Blocks and a Pumpkin with you. The Iron Golem will turn every hostile Mob in the area into scraps.	review
book	Manual_Hunting_Skeleton.page.24	Wither Skeletons¶===================¶Those black Skeletons spawn alongside regular Skeletons with Bow & Arrow inside a Nether Fortress, and they are the only really aggressive Mob there, aside from Blazes.	review
book	Manual_Hunting_Skeleton.page.25	Wither Skeletons¶===================¶If you end up fighting both a Wither Skeleton and a Blaze, the best is to hide outside the Range of the Blaze and trying to fight the Skeleton first, or to bring the Skeleton between the Blaze and yourself.	review
book	Manual_Hunting_Skeleton.page.26	Wither Skeletons¶===================¶Since most of the times you are in the Nether with these Mobs, placing a Nether Portal close by to lure Mobs inside it, by hiding behind it, might be a good Idea (if you don't plan to use that Portal later).	review
book	Manual_Hunting_Skeleton.page.27	Wither Skeletons¶===================¶The Heads, which are dropped by every 40th Wither Skeleton, can be used to summon the Wither, but the Wither is being talked about in another Book.	review
book	Manual_Hunting_Skeleton.page.3	Skeletons¶===================¶In order to not have a bad time with Skeletons, you need to either keep a Safe distance from them and shoot them from far away, or to quickly engage them with Melee Attacks, Speed is useful for this purpose.	review
book	Manual_Hunting_Skeleton.page.4	Skeletons¶===================¶When you charge at a Skeleton, strave slightly to the right or left in order to have less Arrows hit you, any way to instantly kill them with one blow, will greatly reduce the chance of more Arrows flying at you.	review
book	Manual_Hunting_Skeleton.page.5	Skeletons¶===================¶If you have a Sword then blocking with it will reduce the Damage of Arrows. This can easily be used even during Melee to not get that large amounts of Damage, even if you get hit.	review
book	Manual_Hunting_Skeleton.page.6	Skeletons¶===================¶Backing a Skeleton into a Corner, by pushing it or knocking it back for example, will result in the Arrow getting Stuck in the Wall in a glitchy fashion and therefore not flying at you or damaging you.	review
book	Manual_Hunting_Skeleton.page.7	Skeletons¶===================¶Walls of any kind are useful, but what really helps (if you are prepared) is Sugar Canes / Reeds as they can block their view on you, while letting you shoot through.	review
book	Manual_Hunting_Skeleton.page.8	Skeletons¶===================¶You can also use Saplings and (sadistically) Bonemeal to instantly create a small Forest as a Shield in the Grasslands.	review
book	Manual_Hunting_Skeleton.page.9	Skeletons¶===================¶Being in Water makes you an easy Target for the Skeleton, since you are slow and constantly get knocked back. But the Skeleton being in Water can be worse as it bounces up and down without losing accuracy!	review
book	Manual_Hunting_Spider.page.0	Hi, I'm Alex Grylls, Adventurer and experienced Hunter of the several Mobs you encounter in our World. In this Guide I will explain you easy Methods to hunt for wild Mobs in their natural Habitats.	review
book	Manual_Hunting_Spider.page.1	Spiders¶===================¶Spiders, octo-legged, climbing, pastry selling Arthropods, that can jump at you. Often accompanied by a random Potion Effect, which doesn't ever run out, making them invisible, resistant, regenerating or faster.	review
book	Manual_Hunting_Spider.page.10	Cave Spiders¶===================¶Cave Spiders are just 1m in diameter and they inject poison when they melee you. They normally only spawn inside Mineshafts, since there are Spawners for them over there.	review
book	Manual_Hunting_Spider.page.11	Cave Spiders¶===================¶The Spawners are surrounded by lots and lots of Webs, those webs will slow you down, so take your Sword or Silk Touch Shears and slice those Webs away, also useful if you need String.	review
book	Manual_Hunting_Spider.page.12	Cave Spiders¶===================¶Cave Spiders often get Stuck at the wooden Pillars or hide in the ceiling at those, so be careful where you walk as they will fall down at you very surprisingly despite making lots of noise.	review
book	Manual_Hunting_Spider.page.13	Cave Spiders¶===================¶Due to them being poisonous, Milk or any sort of Antidote Pill are useful Items to have on your Hotbar. Also hiding from them by closing off Paths is very needed sometimes.	review
book	Manual_Hunting_Spider.page.2	Spiders¶===================¶They are fast, usually faster than you unless you run. They can also climb to a certain extend, so Walls won't help much, however Spiders can easily get stuck on ceilings, where they could fall down on you!	review
book	Manual_Hunting_Spider.page.3	Spiders¶===================¶The normal way to beat them is already very effective, just melee or shoot them. They have less Health than other Mobs. The Bane of Arthropods Enchant is very effective on them.	review
book	Manual_Hunting_Spider.page.4	Spiders¶===================¶Spiders will jump/pounce at you when they are close, if you time it right then hitting them will knock them back farther than usual. Also always have the high Ground when fighting Spiders as otherwise they'll jump you.	review
book	Manual_Hunting_Spider.page.5	Spiders¶===================¶If you are in a Desert, then look out for some tsundere Plants called 'Cactus', plural being 'Cactii', Spiders apparently love climbing them, damaging themselves in the process.	review
book	Manual_Hunting_Spider.page.6	Spiders¶===================¶At daytime, Spiders are tired and usually not aggressive. If you attack them then and with critical hits, then they will die by the surprise and won't damage you.	review
book	Manual_Hunting_Spider.page.7	Spiders¶===================¶Running is the best thing to do when fighting Spiders, not running away, I mean running at them or keeping a safe distance during combat. Spiders are immune to Poison, so splashing them with it isn't effective at all.	review
book	Manual_Hunting_Spider.page.8	Spiders¶===================¶They get stuck at overhangs, meaning if you build a pillar with 4 overhang blocks (one at each side) Spiders won't get up and you can damage them from ontop of that pillar.	review
book	Manual_Hunting_Spider.page.9	Spiders¶===================¶due to being 2m in diameter, hiding in a 1m tight spot is a good idea when fighting regular Spiders. This doesn't work on the poinsonous Cave Spiders though.	review
book	Manual_Hunting_Witch.page.0	Hi, I'm Alex Grylls, Adventurer and experienced Hunter of the several Mobs you encounter in our World. In this Guide I will explain you easy Methods to hunt for wild Mobs in their natural Habitats.	review
book	Manual_Hunting_Witch.page.1	Witches¶===================¶Witches are uglier Villagers with Potion Skills. When damaged they will drink a Potion of Regeneration or Fire Resistance depending on the source of the Damage. They sometimes drop the **most recently used** Potion.	review
book	Manual_Hunting_Witch.page.2	Witches¶===================¶Their attacks are Splash Potions of Poison and Harming. Since they use Fire Resistance Potions 'BURN THE WITCH!!!' is not an attack option for you. Drowning doesn't work either, as they use Water Breathing Potions.	review
book	Manual_Hunting_Witch.page.3	Witches¶===================¶Bow and Arrow are ofcourse a good option, but if you have to melee then do it fast and run straight at the Witch to hit them. This will cause the Witch to try healing themself instead of attacking you.	review
book	Manual_Hunting_Witch.page.4	Witches¶===================¶A Bucket of Water can give you the needed distance from the Witch in order to attack them with ranged Weapons. But watch out, if you are too far away, the Witch may use Speed Potions to be able to catch up with you.	review
book	Manual_Hunting_Witch.page.5	Witches¶===================¶In swampy Areas there is the possibility to find Witch Huts, those Huts may be very small but only Witches can spawn in there, meaning a Mob Spawning Area built around it will only spawn Witches!	review
book	Manual_Hunting_Witch.page.6	Witches¶===================¶Witches drop Empty Bottles, Sticks, Redstone, Glowstone, Sugar, Spider Eyes, Gunpowder and Potions. This makes them a valuable Mob to farm and also a way to get Glowstone and Potions without the Nether.	review
book	Manual_Hunting_Zombie.page.0	Hi, I'm Alex Grylls, Adventurer and experienced Hunter of the several Mobs you encounter in our World. In this Guide I will explain you easy Methods to hunt for wild Mobs in their natural Habitats.	review
book	Manual_Hunting_Zombie.page.1	Zombies¶===================¶Zombies, the most common Mob in Minecraft. Zombies always attack with Melee Damage and they can wield Weapons and wear Armor.	review
book	Manual_Hunting_Zombie.page.10	Zombies¶===================¶As always, Bow and Arrows can help you killing Zombies, it is a good Idea to use golden Arrows or other Smite Arrows if possible. But usually there are too many of them to kill all.	review
book	Manual_Hunting_Zombie.page.11	Zombies¶===================¶Use Knockback on Zombies even if not needed, otherwise there might be too many Zombies grouping up at you if you are surrounded, so keep them at distance.	review
book	Manual_Hunting_Zombie.page.12	Zombies¶===================¶Keep Zombies in the Water, they are almost helpless there and can't shoot you like Skeletons would. They are swimming much slower than you do.	review
book	Manual_Hunting_Zombie.page.13	Zombies¶===================¶Iron Golems are made for killing Zombies, they might be a viable option for your purposes.	review
book	Manual_Hunting_Zombie.page.14	Zombies¶===================¶The official Mojang term for Zombies wearing golden Armor is 'Zom-Bling'.	review
book	Manual_Hunting_Zombie.page.15	Baby Zombies¶===================¶Annoying little Bastards would be a better Name for them, not only that they are immune to Sunlight, they are also very fast and hard to hit!	review
book	Manual_Hunting_Zombie.page.16	Baby Zombies¶===================¶If you didn't need the Anti Zombie Strategies before, then now you probably need to use them, since those little things can ruin your day.	review
book	Manual_Hunting_Zombie.page.17	Baby Zombies¶===================¶If you have the option, go for the Water, they aren't fast there. Other than that, mow your lawn and then aim low and hit them as fast as you can!	review
book	Manual_Hunting_Zombie.page.18	Chicken Jockeys¶===================¶Thought it couldn't get any worse? Chickens are faster than those Baby Zombies and now they actually ride the Chickens!	review
book	Manual_Hunting_Zombie.page.19	Chicken Jockeys¶===================¶Shoot the Chicken, yes get rid of it as fast as possible, you won't be able to Melee it as the Zombie is in the way, but you can try to shoot it!	review
book	Manual_Hunting_Zombie.page.2	Zombies¶===================¶Zombies are grouped amoung the Undead Mobs, meaning they can be damaged by Sunlight, since it sets them on Fire. However, this does not apply to Baby Zombies!	review
book	Manual_Hunting_Zombie.page.20	Chicken Jockeys¶===================¶Other than that? Run for your life and try to either find a pond of water or use a Water Bucket on them, maybe you get it to dismount by doing so!	review
book	Manual_Hunting_Zombie.page.21	Zombie Pigmen¶===================¶Zombie Pigmen, usually wielding a Golden Sword and dropping Gold Nuggets. The only pieceful Zombie, well peaceful until a Player harms it.	review
book	Manual_Hunting_Zombie.page.22	Zombie Pigmen¶===================¶If a Player does any damage to a Zombie Pigman, all the other Pegmen get angry and try to kill you, not only are they pretty fast, but they also do lots of Damage!	review
book	Manual_Hunting_Zombie.page.23	Zombie Pigmen¶===================¶Zombie Pigmen are immune to Fire and the Sun, if you happen to find one in the Overworld (Pig struck by Lightning, or fresh from a Portal) it is usually safe to kill.	review
book	Manual_Hunting_Zombie.page.24	Zombie Pigmen¶===================¶The easiest Solution is not to harm them, but it always can happen that you accidentially do harm to them, or you mine the Ores of that Nether Ores Mod.	review
book	Manual_Hunting_Zombie.page.25	Zombie Pigmen¶===================¶In that case, pillar up or dig yourself in, as fast as possible! You don't want to die instantly and drop all your Inventory into the Nether.	review
book	Manual_Hunting_Zombie.page.26	Zombie Pigmen¶===================¶Once you have done that, make yourself a comfortable spot to attack the Pigmen from a space where they cant attack you.	review
book	Manual_Hunting_Zombie.page.27	Zombie Pigmen¶===================¶Since most of the times you are in the Nether with these Mobs, placing a Nether Portal close by to lure Mobs inside it, by hiding behind it, might be a good Idea (if you don't plan to use that Portal later).	review
book	Manual_Hunting_Zombie.page.28	Zombie Pigmen¶===================¶As they are undead like normal Zombies aswell, Splash Potions of Regeneration and Healing can deal great damage to them, while leaving yourself unharmed.	review
book	Manual_Hunting_Zombie.page.29	Zombie Villagers¶===================¶They behave just like normal Zombies, even though they look much worse, the only difference is that you can cure them to get Villagers, what will be explained in the following Pages.	review
book	Manual_Hunting_Zombie.page.3	Zombies¶===================¶Due to being undead, Healing Splash Potions deal damage to them, while poisoning ones heal them. The Smite Enchant is a good way to cause a lot of damage on them.	review
book	Manual_Hunting_Zombie.page.30	Zombie Villagers¶===================¶First of all, you need a good place to actually cure that Zombie without other Zombies turning the Villager right back into the undead Green.	review
book	Manual_Hunting_Zombie.page.31	Zombie Villagers¶===================¶For that you need to know, that the Transformation back into a Villager for some reason goes by faster if you use vanilla Iron Bars for the Cage.	review
book	Manual_Hunting_Zombie.page.32	Zombie Villagers¶===================¶Once you got the Cage, there are multiple Options on the Item you use to cure the Villager Zombie. There are multiple options.	review
book	Manual_Hunting_Zombie.page.33	Zombie Villagers¶===================¶Splash Potions of Weakness + Golden Apples are one way. Holy Water or the rainbow colored Cure-All Pill are other alternatives. Get the Item of your choice and continue.	review
book	Manual_Hunting_Zombie.page.34	Zombie Villagers¶===================¶Now you need to somehow lure the Zombie Villager into your Cage. Don't worry, the Villager won't remember that you punched them while they were a Zombie.	review
book	Manual_Hunting_Zombie.page.35	Zombie Villagers¶===================¶A fishing Rod can also work wonders on moving the Zombie into the right directions. Punching them into a pit and closing it off, will work aswell.	review
book	Manual_Hunting_Zombie.page.36	Zombie Villagers¶===================¶If your Cage is outside (or improvised), then make sure the Sun won't burn the Villager before you can heal them. Add a Roof or something to your Cage, once you caught them.	review
book	Manual_Hunting_Zombie.page.37	Zombie Villagers¶===================¶So, now that you got the Villager into a Cage, you can heal them. Once you have done that, transport the Villager somewhere else, maybe with Rails and Minecarts.	review
book	Manual_Hunting_Zombie.page.4	Zombies¶===================¶Do not underestimate their Melee Damage and try to keep a safe distance while attacking them, make sure they dont hit you when you Melee them yourself.	review
book	Manual_Hunting_Zombie.page.5	Zombies¶===================¶While wearing a Helmet they are immune to the Sun, that is until the Helmet loses all of its durability and breaks as it gets damaged when worn by a Zombie in Sunlight.	review
book	Manual_Hunting_Zombie.page.6	Zombies¶===================¶Zombies are attracted by Villagers, you can use them to distract them. If you want them to murder that Village, that is.	review
book	Manual_Hunting_Zombie.page.7	Zombies¶===================¶They can detect you from very far distances and will therefore end up swarming you from all directions, if you are not careful.	review
book	Manual_Hunting_Zombie.page.8	Zombies¶===================¶Build yourself a small fortification if you are in the wild. Zombies luckily cannot break Blocks so they won't be able to attack you if you build it right.	review
book	Manual_Hunting_Zombie.page.9	Zombies¶===================¶Since Zombies normally group up on you due to coincedential pathfinding, it is well advised to just throw Splash Potions of Regeneration or Healing at them, since they are damaged by those.	review
book	Manual_Microwave.page.0	恭喜，你将一本空白的书放入微波炉中，这些文字就这样凭空出现了。	auto
book	Manual_Microwave.page.1	你刚刚获得了一个微波炉，可能在想'我为什么需要它？'。答案很简单，微波炉只需消耗128 EU就能以惊人的速度加热食物。即使是普通的电炉也无法如此快速和经济地完成烹饪！	auto
book	Manual_Microwave.page.2	这是最经济快捷的烹饪方式。因此，微波炉几乎可以在每个厨房中找到（详见 www.youwannabuyakitchen.ly）。	auto
book	Manual_Microwave.page.3	长时间暴露于微波下可能会导致癌症，但Steve能否能活到因此而死还是个问题。	auto
book	Manual_Microwave.page.4	不要放入任何金属物品。这可能导致爆炸。	auto
book	Manual_Microwave.page.5	不要用它来烘干动物。无论你放入什么动物，结果都只会是一根热狗。	auto
book	Manual_Microwave.page.6	不要放入易燃物体。微波炉会因此起火。	auto
book	Manual_Microwave.page.7	不要放入诸如鸡蛋之类的爆炸物。请一定遵守这一条。	auto
book	Manual_Portal_TF.page.0	This Books existence means that you found a GregTech 6 Dungeon with a Twilight Forest Portal inside of it, congratulations. If you don't know how to light the Portal to go on the Adventure, don't worry, in here are some instructions.	review
book	Manual_Portal_TF.page.1	Step 1: You see the 4x4 of Grass Blocks with 12 Flowers growing on it and a 2x2 Pool of Water in the middle? That is going to be the Twilight Forest Portal.	review
book	Manual_Portal_TF.page.10	In general all Loot Chests in Twilight Forest can be picked up wholesale as long as you have never opened them before. That way you can bring them home without cluttering your Inventory and then open them there safely.	review
book	Manual_Portal_TF.page.100	If you combine various Trophies you got on your Journey, you will receive the Orb of Annihilation. It will grant any Holder all Progression Achievements of Twilight Forest. Just make sure that when you use the thing that you are NOT in your Base.	review
book	Manual_Portal_TF.page.101	Placing a Snow Queen Trophy (or any of the earlier placeable Trophies) somewhere, will let anyone who rightclicks the Trophy receive all related Progression Achievements as if they collected it, so that they can enter the various Biomes.	review
book	Manual_Portal_TF.page.102	This should conclude all the Stuff about Twilight Forest that seems noteworthy, aswell as most of the changes I made to improve the gameplay and add variety.¶-------------------¶Have Fun! ^^	review
book	Manual_Portal_TF.page.11	If you find small ruined Buildings, it is well advised to break their wooden Floor and dig a three block deep hole to see if there is a hidden Chest in the Basement. It is a 50:50 chance for it to exist.	review
book	Manual_Portal_TF.page.12	Water Wells can be found all over the place, it is important to note that some Wells have a Chest hidden at their Bottom. Only the Wells that have a 1-by-1 of Water can randomly have such a Chest, the ones that are 2-by-2 will never have it.	review
book	Manual_Portal_TF.page.13	Hollow Trees can contain multiple Chests accompanied by Spider Spawners. The tiny Spiders and their noise make it easy to find, and even early Tools kill them in one hit. Bigger Hollow Trees tend to have more Chests in their Foliage.	review
book	Manual_Portal_TF.page.14	Hedge Mazes are the next logical Step to find some Loot. First look from above where all the Rooms are, then rush for each of them, axe all the Chests, and run. Most of the Mobs in there are not hard to beat.	review
book	Manual_Portal_TF.page.15	Ironwood is easy as you only need some Hematite/Magnetite, Gold, and some Liveroot you get from picking up Sticks. A Mortar, a Mixing Bowl, a Furnace and Stone Anvils with Stone Hammers are all you need to make basic Equipment of it.	review
book	Manual_Portal_TF.page.16	Hollow Hills are something you can try once you are all armored up, nab some Chests from one of those. Beware it is full of very deadly and explosive Mobs, so you need to be constantly on the run and hide behind the many Stalagmites.	review
book	Manual_Portal_TF.page.17	Steeleaf may have low durability, but it is one of the Materials you can easily get good Fortune and Looting Enchanted Tools and Arrows from, and has the Item-Auto-Collecting Ability for many GT Tools. But it will turn into regular Steel if melted.	review
book	Manual_Portal_TF.page.18	Naga Arena¶===================¶This is the first Boss you need to defeat. All you need is 8 solid Blocks, a Bow and a few Stacks of Arrows. Run into the Arena and let the Naga spawn, then immediately pillar up 8 Blocks and attack with the Bow.	review
book	Manual_Portal_TF.page.19	Naga Arena¶===================¶The Naga will almost definitely kill you in Melee Combat so using ranged Weapons is the best way. And those Pillars that are already in the Arena are a good hint that you should get up and out of Melee Range.	review
book	Manual_Portal_TF.page.2	Step 2: All you need to do to activate that Portal, is throwing a Diamond into that Water Pool, and you are ready to go. Yep, it is that simple. I did all the work for you and summoned the Blocks of the Portal in the right configuration.	review
book	Manual_Portal_TF.page.20	Naga Arena¶===================¶If against better judgement you wish to engage the Naga in Melee Combat, you better get well enchanted Armor. Also walk around the Naga Arena once to make sure all Chunks are generated and Worldgen Lag wont kill you.	review
book	Manual_Portal_TF.page.21	Naga Arena¶===================¶The Naga Trophy you get can be used to produce KU through a Magic Field Absorber. Naga Scales can be used to make Chestplates and Leggings, but are worthless otherwise. You are able to get into Lich Towers now.	review
book	Manual_Portal_TF.page.22	Lich Tower¶===================¶In order to enter this place you might need to kill a Naga first and touch its Trophy. The Lich Tower has one big Double Helix Central Staircase with Bridges inbetween that contain typical Dungeon Mob Spawners.	review
book	Manual_Portal_TF.page.23	Lich Tower¶===================¶Those Mob Spawners can be lit up by putting two Firefly Jars or similar Light Sources 1 horizontal Block away from them on opposite ends. These Spawners can create Zombies, Skeletons or various Spiders.	review
book	Manual_Portal_TF.page.24	Lich Tower¶===================¶There will not only be Spawner Mobs but also special Mobs that spawn normally. The special one in this case being a flying Tome, that drops Paper for each hit. Have fun punching it for maximized Paper drops.	review
book	Manual_Portal_TF.page.25	Lich Tower¶===================¶At the Ground Level of the Tower is four Side Buildings, which likely contain quite a bit of Loot Chests, you should try getting into each of those by breaking into the Walls from the Outside.	review
book	Manual_Portal_TF.page.26	Lich Tower¶===================¶The Lich is located at the top of the Staircase, and has FIVE Shields that need to be destroyed before taking Damage. To destroy a Shield you need reflect their Projectiles at them (nearly impossible in Multiplayer!).	review
book	Manual_Portal_TF.page.27	Lich Tower¶===================¶An alternative Method for destroying a Shield is hitting it with 1.5+ Hearts of any Armor penetrating Damage. For example Smite Bullets, Pickaxes, Falling Damage and Splash Potions of Healing (but NOT Regeneration!).	review
book	Manual_Portal_TF.page.28	Lich Tower¶===================¶Using things like Withering Damage to attack the Lich works only when all Shields are down. Damage Immunities include: Fire, Poison, Drowning, Harming Potions and anything else Undead are immune to.	review
book	Manual_Portal_TF.page.29	Lich Tower¶===================¶Zombies and Shadowclones of the Lich will be summoned occassionally to distract you from the real Target. Avoid hitting the Shadowclones, but do kill the Zombies as they will swarm you otherwise.	review
book	Manual_Portal_TF.page.3	Step 3: So, now that you have a Portal to the Twilight Forest, all you need to do is jump in. You don't even need Materials to prepare or anything.	review
book	Manual_Portal_TF.page.30	Lich Tower¶===================¶The Lich Trophy you get can be used to produce QU through a Magic Field Absorber. The Scepter will either allow you to drain Life or to summon helpful Zombies. They can be reloaded in the crafting Grid.	review
book	Manual_Portal_TF.page.31	Minoshroom Maze¶===================¶Each Fire Swamp is surrounded by four regular Swamps, which each contain a Maze full of Minotaurs, Slimes, annoying Insects, Loot and sometimes flooded with Swamp Water. Kill a Lich first before going here.	review
book	Manual_Portal_TF.page.32	Minoshroom Maze¶===================¶Minotaurs will charge at you very quickly and from any angle. To easily get rid of the. use a Weapon with the Werebane Enchantment, which works on them and weakens them drastically.	review
book	Manual_Portal_TF.page.33	Minoshroom Maze¶===================¶Maze Slimes behave like the normal ones and are just as vulnerable to the Dissolving Enchantment. If you have Thaumcraft, use the Fire Wand Focus for the tiny leftover Slimes, to save on your Weapons durability.	review
book	Manual_Portal_TF.page.34	Minoshroom Maze¶===================¶Around the Entrance are a lot of Vines, harvest them with a Knife and craft Ropes out of them, which you can then use to get down the Hole. Bring extra Rope for going from the Upper Level to the Basement Level!	review
book	Manual_Portal_TF.page.35	Minoshroom Maze¶===================¶Try to follow the universal Rules of Maze traversal, which you could train over at the Hedge Maze. Placing Torches always on the righthand side Walls helps you find the way back easily.	review
book	Manual_Portal_TF.page.36	Minoshroom Maze¶===================¶You may be able to find a Maze Map Focus in one of the Loot Chests. Use it to craft a Maze Map and rightclick it while you stand on the ground of the Basement Level. Dont waste it on the Upper Level!	review
book	Manual_Portal_TF.page.37	Minoshroom Maze¶===================¶The Maze Map works everywhere, even your Base should you choose so. You can also upgrade an empty Maze Map into an Ore Map and go mining with it. Though if you got Ore Magnets you wont really need that.	review
book	Manual_Portal_TF.page.38	Minoshroom Maze¶===================¶There is a few Rooms with Mob Spawners and Loot Chests inside the Pillars. Other Loot Chests can be found in Dead Ends, just beware that those are likely TNT trapped with more than one trigger!	review
book	Manual_Portal_TF.page.39	Minoshroom Maze¶===================¶The Room with the Minoshroom is at the Basement Level and blocked off by Fences. Just break a Fence out of the middle and shoot the Minoshroom with a Bow and a bunch of Arrows. Four Loot Chests await you inside.	review
book	Manual_Portal_TF.page.4	Once you are inside of the Twilight Forest you can gather up Materials from the ground as usual. A good recommendation would be to find a Firefly Forest and grab a bunch of the Firefly Jars there, because they are blocklike Torches.	review
book	Manual_Portal_TF.page.40	Minoshroom Maze¶===================¶Among the drops of the Minoshroom are Meef Stroganoff, a useless Food Item, and a +1 Diamond Axe that supposedly deals +3.5 Hearts of Extra Damage when you charge at Enemies (may be bugged, test it yourself).	review
book	Manual_Portal_TF.page.41	Minoshroom Vault¶===================¶There is a secret Vault full of high value Loot Chests hidden in the Maze. It occupies 3 by 3 grid spaces worth of Basement Level Maze with very thick Walls. With the Maze Map you can easily find it.	review
book	Manual_Portal_TF.page.42	Minoshroom Vault¶===================¶The Vault Room on the Basement Level is trapped, try digging at Floor Height and with an Autocollecting Pickaxe to avoid the Wooden Pressure Plates triggering the TNT next to the Chests.	review
book	Manual_Portal_TF.page.43	Hydra Cave¶===================¶Once you have killed the Minoshroom, you can go into the Fire Swamp in the center of the Swamplands to find the Hydra Cave, the home of the aforementioned Hydra. Though there is only Ores to be found there, no Loot.	review
book	Manual_Portal_TF.page.44	Hydra Cave¶===================¶Trying to attack the Hydra can be tricky, because if you are too far away from it, all ranged Damage you deal will be nullified, and when you are close enough it will spew explosives at you.	review
book	Manual_Portal_TF.page.45	Hydra Cave¶===================¶In order to deal damage to it, you need to hit the Heads while their Mouth happens to be open. It will always rotate towards you, so try to avoid having the Hydra kite you away, while all other Heads attack!	review
book	Manual_Portal_TF.page.46	Hydra Cave¶===================¶It has a high damage Bite Attack instant killing you if you dont wear Protection enchanted Armor, and a Fire Breathing Attack for which you should drink a Fire Resistance Potion ahead of time.	review
book	Manual_Portal_TF.page.47	Hydra Cave¶===================¶To engage in Melee, you should wear strong Armor with at least one high Level regular Protection Enchantment, drink a Fire Resistance Potion and a Regeneration Potion, and get a Sword or Axe with Sharpness.	review
book	Manual_Portal_TF.page.48	Hydra Cave¶===================¶The Hydra Trophy you get can be used to produce HU through a Magic Field Absorber. Its Blood can be used to imbue Steels including Steeleaf with a Fiery Aura, enabling Auto-Smelt on Tools and incinerating opponents!	review
book	Manual_Portal_TF.page.49	Knight Stronghold¶===================¶Time for the Dark Forest, there is four Knightly Strongholds in there. They are underground, but you need to find the Entrance in the Forest and put one of your Trophies onto its pedestal to open it up.	review
book	Manual_Portal_TF.page.5	The Obsidian Pillars you see spread all over the place have a Block of Lapis Lazuli at their Top, it is sometimes easier to get that then to go mining. These Pillars also have Ravens around them, if you need a Feather for a Magic Map Focus.	review
book	Manual_Portal_TF.page.50	Knight Stronghold¶===================¶You should bring Ropes to the Stronghold as not all Areas inside of it are connected with Stairs. You will also need something that can get rid of Obsidian easily as the Tomb is encased in it.	review
book	Manual_Portal_TF.page.51	Knight Stronghold¶===================¶The Mobs include: Helmet Crabs, Two Babies in a Trenchcoat wielding a Spear can be split in two by attacking from the back, The Sapper throwing TNT at you, And little Kids spinning Spikeballs around.	review
book	Manual_Portal_TF.page.52	Knight Stronghold¶===================¶Speaking of Spikeball, you can craft one of those too from a lot of Knightmetal Ingots. Later there is even an upgrade to it to 'annihilate' your Enemies and the Terrain even more!	review
book	Manual_Portal_TF.page.53	Knight Stronghold¶===================¶There is a few 3 by 3 structures made of Stone Brick Stair Blocks. Remove one of those Stairs to reveal a trapped Loot Chest hidden inside of it. They are often hidden behind actual Staircases too.	review
book	Manual_Portal_TF.page.54	Knight Stronghold¶===================¶Search the Stronghold until you find an Obsidian Wall visible behind some Iron Bars. Break through the Obsidian Wall into the Tomb behind it. The Phantoms will spawn once you enter.	review
book	Manual_Portal_TF.page.55	Knight Stronghold¶===================¶A lot of times the Tombs are completely disconnected from the Entrance too, because the whole Stronghold does not generate well. Just dig around a little to see if something is behind a Wall.	review
book	Manual_Portal_TF.page.56	Knight Stronghold¶===================¶The Phantoms will only track you down a limited distance and then go back to the Tomb, so you can bait them out and kill them one by one. They look more scary than they actually are.	review
book	Manual_Portal_TF.page.57	Knight Stronghold¶===================¶They throw a LOT of Weapons at you, but they only really distract from their melee attacks. Phantoms do NOT count as Undead for the sake of the Smite Enchantment and Splash Potions of Harming.	review
book	Manual_Portal_TF.page.58	Knight Stronghold¶===================¶Make sure to NOT place anything in the middle of the Tomb, such as Torches, because if the spot where the Loot Chest is supposed to be is blocked, it will not spawn!	review
book	Manual_Portal_TF.page.59	Knight Stronghold¶===================¶It is possible for there to be more than one Tomb, and every Tomb can be connected on four Sides, so breaking through the other Walls from the inside of the Tomb may unearth more of the Stronghold!	review
book	Manual_Portal_TF.page.6	Lakes are just boring Bodies of Water, not even Squids spawn inside of them, due to the Twilight Forest being of a too low Y Level to do so. I guess the Lake is a good place to go fishing or build some IC2 Water Power Generator.	review
book	Manual_Portal_TF.page.60	Knight Stronghold¶===================¶Killing the Phantoms will cause Mobs to no longer spawn inside the Stronghold, giving you an easier time to find more Tombs in there. However sometimes listening for hostile Mobs can point you places.	review
book	Manual_Portal_TF.page.61	Knight Stronghold¶===================¶Weapons and Armor of the Phantoms are not special or worthwhile, so dont bother. The Knightmetal Weapons supposedly deal +1 Heart of Extra Damage to the opponent (may be bugged, test it yourself).	review
book	Manual_Portal_TF.page.62	Dark Tower¶===================¶Found in the center of the Dark Forest, the Dark Tower is the most complex Dungeon of the Twilight Forest in this Minecraft Version. You better bring a few Enderpearls and Ropes with you, just in case.	review
book	Manual_Portal_TF.page.63	Dark Tower¶===================¶Getting to the Tower is honestly easiest if you just walk ontop of the Dark Forest itself, way less Bushes and Trees blocking your way. Not to mention you can easily see the Dark Tower from a distance.	review
book	Manual_Portal_TF.page.64	Dark Tower¶===================¶If you just wanna cheat and pillar up to the Roof of the Tower, beware of the big Rooftop Ghasts that will likely knock you off the Pillar and to your Death. So maybe you should try take the normal Entrance.	review
book	Manual_Portal_TF.page.65	Dark Tower¶===================¶To enter the Tower go to one of the Red marked Doors and rightclick it. These Doors are nice and you could harvest some of them for your Base if you would like. There is also crafting Recipes for them.	review
book	Manual_Portal_TF.page.66	Dark Tower¶===================¶Many of the Segments of this Tower have Anti-Builders in them, which prevent you from placing Blocks and will replace any broken Blocks. But they have a slight delay, enough to get into Fences for example.	review
book	Manual_Portal_TF.page.67	Dark Tower¶===================¶There is a lot of burning Holes in the Tower, for which you will have to place Blocks or Ropes, or throw Enderpearls to get past those. Destroying any Anti-Builders you find is highly recommended.	review
book	Manual_Portal_TF.page.68	Dark Tower¶===================¶Some Segments have Carminite Builders with Levers. Flip the Lever and look into the direction you want to go, and it will slowly place a Bridge of Blocks going there. You could harvest them for use with your Base.	review
book	Manual_Portal_TF.page.69	Dark Tower¶===================¶Blaze Spawners can be spawnblocked by just putting eight Firefly Jars on their exact Y-Level in a Ring one Block away from their Pillar. So two Blocks above ground, barely enough space to walk under the Jars.	review
book	Manual_Portal_TF.page.7	The Mushroom Fortress is currently not in use. No Loot or anything in there, not even Staircases or Ladders, you could make a Base inside of it though.	review
book	Manual_Portal_TF.page.70	Dark Tower¶===================¶Locked Doors are found between Major Tower Segments. In order to open them you need to find four Tower Keys and rightclick each Corner with one of them. Or just break the Doorframe or something if you wanna cheat.	review
book	Manual_Portal_TF.page.71	Dark Tower¶===================¶Tower Keys are found in the Knightmetal Chests of the smaller Side Towers. You can just harvest the whole Chest and the Key will drop out of it anyways, even if the Chest Loot has not been generated yet.	review
book	Manual_Portal_TF.page.72	Dark Tower¶===================¶Golem and Spider Spawners are often found inside the Side Towers. Trapdoor Setups and partially broken Redstone Contraptions can be found too, as well as many Wooden and Metal Loot Chests.	review
book	Manual_Portal_TF.page.73	Dark Tower¶===================¶Ghastlings can be found in various places around the Tower, usually they will not shoot you until you stare at them. Other than that they are basically Ghasts.	review
book	Manual_Portal_TF.page.74	Dark Tower¶===================¶Towerwood Borers infest the entire Towers Walls, their Borer Essence can be used in a few Crafting Recipes related to the Devices you can find around the Dark Tower.	review
book	Manual_Portal_TF.page.75	Dark Tower¶===================¶At the Top Segment of the Tower you will see Boxes with Pistons for pushing Redstone Blocks into them. When you push all four Redstone Blocks, the Box will turn into Gold and Diamonds ready for you to harvest.	review
book	Manual_Portal_TF.page.76	Dark Tower¶===================¶To fight the Ur-Ghast I recommend using a Stack of high quality Arrows and an Enchanted Bow. If you have access to the Implosion Enchantment by using things like Gem Arrows, it works great on any type of Ghasts.	review
book	Manual_Portal_TF.page.77	Dark Tower¶===================¶There is a 'special' other way to beat the Ur-Ghast using one of the four Ghost Busters References, whenever they have been charged enough by killing the small Ghasts around, and the Ur-Ghast is directly above it.	review
book	Manual_Portal_TF.page.78	Dark Tower¶===================¶The Ur-Ghast Trophy you get can be used to produce LU through a Magic Field Absorber. Make sure you got the Achievement for collecting the Trophy! The Fiery Tears can be used on Steels just like Fiery Blood.	review
book	Manual_Portal_TF.page.79	Yeti Cave¶===================¶Deep in the Wintery Forest you will find the Yeti Cave, complete with iced Floors and a herd of Yetis at each of the four Entrances. In the center the Alpha Yeti will wait for you to get close or attack him.	review
book	Manual_Portal_TF.page.8	The Questing Ram is an Animal you can find in the middle of a Biome full of Rainbow Trees. If you click it with one of each type of Wool it will reward you with the Crumble Horn, a somewhat useful Mining Tool, and some Blocks of Resources.	review
book	Manual_Portal_TF.page.80	Yeti Cave¶===================¶The Alpha Yeti himself is quite the Cry-Baby, you can kill him with a Flame Bow very easily, even when he is immune to Arrows, and whenever you hit him he will throw a tantrum and make Ice fall from the ceiling.	review
book	Manual_Portal_TF.page.81	Yeti Cave¶===================¶Should he grapple you like a Pinchbeetle, just hit him until he gives you up and lets you down, so you can run around and desert him.	review
book	Manual_Portal_TF.page.82	Yeti Cave¶===================¶The Yetis drop Fur which can be used for Armors, or you just take a Knife to the Crafting Grid and remove the Fur to make Leather out of it instead. The Ice Bombs can be fun to throw at unsuspecting Yetis too.	review
book	Manual_Portal_TF.page.83	Aurora Tower¶===================¶A Blue-Green Tower is located ontop of the Glacier. It is a straight forward Dungeon with a little bit of Parkour. Look at the ceiling of each Room for 'hidden' Chests.	review
book	Manual_Portal_TF.page.84	Aurora Tower¶===================¶Three kinds of Mobs spawn inside of it, frosty Armored Ghosts, 'Ice Blazes' which drop Blizz Rods, and corrupt 'Ice Blazes' which explode after you kill them changing the Terrain in a weird way.	review
book	Manual_Portal_TF.page.85	Aurora Tower¶===================¶While climbing the insides of the Tower you will eventually end up finding a Room with an Ice ceiling, where you have to break through the ceiling multiple times to get up to the Snow Queen.	review
book	Manual_Portal_TF.page.86	Aurora Tower¶===================¶On the topmost Ice Layer you will find the Snow Queen. She is floating ontop of a platform of Ice. Hitting that floating Platform will do no damage to her at all. You need to hit her from the top.	review
book	Manual_Portal_TF.page.87	Aurora Tower¶===================¶There will be one or two 'Ice Blazes' she summons every now and then. They do mostly melee damage. She will move up and down a lot in attempt to dodge attacks, and with the Ice Platform block attacks too.	review
book	Manual_Portal_TF.page.88	Aurora Tower¶===================¶She has a Frost Breath that deals only Damage without any Side Effects. While breathing at you, you can hit her to make her stop the attack, though it's not really all that easy to do before she stops on her own.	review
book	Manual_Portal_TF.page.89	Aurora Tower¶===================¶The Snow Queen Trophy you get can be used to produce CU through a Magic Field Absorber. She drops a Tri-Bow or a Seeker-Bow, both of which are fun Weapons. The Ender-Bow wont teleport you when using Looting Arrows.	review
book	Manual_Portal_TF.page.9	Druid Huts contain a Skeleton Druid Spawner, which is a renewable source of Torchberries, and a Netherrack Block that is lit on Fire. The Roof is made of Petrified Wood and therefore not flammable. There is no other Loot in there.	review
book	Manual_Portal_TF.page.90	Troll Caves¶===================¶Up in the Highlands are the Troll Caves, a place full of various vanilla Mobs and the namesake of the Caves, Trolls. The Walls are lined with 'Troll Steinn', an ugly Block that indicates presence or lack of Light.	review
book	Manual_Portal_TF.page.91	Troll Caves¶===================¶Many Plants unique to these Caves are located within, such as huge Mushglooms and Troll Berries, the latter of which will randomly ripen when in contact with Light, resulting in Torchberries and therefore more Light.	review
book	Manual_Portal_TF.page.92	Troll Caves¶===================¶The Trolls themselves hit like Golems, they also throw things at you. On death they cause Troll Berries to ripen, lighting up the Area. Also 2.5% to drop Magical Beans. They avoid Sunlight but are not hurt by it.	review
book	Manual_Portal_TF.page.93	Cloud Giants¶===================¶Far above the Highlands floats a Cloud. Use the Magical Beans from the Troll Caves on the Uberous Soil beneath that Cloud to spawn a huge Bean Stalk to get up there comfortably. Could also just pillar up though.	review
book	Manual_Portal_TF.page.94	Cloud Giants¶===================¶Up on the big walkable Cloud you will find a giant Oak Tree and a giant small Hut, where at least two Giants live, who will respawn in that Hut every once in a while. Ranged Weapons are advisable against them.	review
book	Manual_Portal_TF.page.95	Cloud Giants¶===================¶The entire Area may seem like everything is moving slower or laggier, but this is just an optical Illusion, everything still moves at normal speed. The Giants only seem slow because their movement didn't scale up.	review
book	Manual_Portal_TF.page.96	Cloud Giants¶===================¶You can get a Giant Sword or a Giant Pickaxe from defeating a Giant. The Pickaxe can be used to mine any of the giant Blocks, such as the giant Leaves, giant Logs, giant Obsidian and ofcourse giant Cobblestone.	review
book	Manual_Portal_TF.page.97	Cloud Giants¶===================¶It is also possible to use those giant Blocks to craft more Giant Pickaxes and Giant Swords. Also the Boxinator is capable of merging 64 Blocks into one of the giant Blocks using the Giant Pickaxe as free catalyst.	review
book	Manual_Portal_TF.page.98	Troll Vault¶===================¶The giant Cube of Obsidian contains the Lamp of Cinders and vanilla Endgame Loot such as Ancient Debris and Wither Skeleton Skulls. At this Version of Minecraft it's the final worthwhile Loot of Twilight Forest.	review
book	Manual_Portal_TF.page.99	Thorn Castle¶===================¶With the Lamp of Cinders you can either burn the Thorns or use it as an infinite Lighter. The Castle itself is unfinished, so there is not much to do there. There might be Ancient Debris below the Castle.	review
book	Manual_Printer.page.0	恭喜您获得了一台新的扫描仪和/或打印机。您在购买时收到的这本手册将非常有用。请记住，如果您丢失了它，可以让打印机为您创建一个新的。	auto
book	Manual_Printer.page.1	首先，您需要通过设备背面为扫描仪和打印机提供电力。只需将它们插入相应电压的插座即可。接下来，您需要一根USB线缆或一个USB闪存盘来连接它们。	auto
book	Manual_Printer.page.2	任何USB闪存盘都可以使用，因为图像和文本文件并不大，不超过USB 1.0的标准，尽管当然也可以使用更高版本的USB接口，得益于向下兼容性。	auto
book	Manual_Printer.page.3	现在，您需要根据所需执行的任务补充打印机的墨水储备。为此仅接受化学染料。黑色用于文本，CMYK用于图像，蓝色或白色用于蓝图。	auto
book	Manual_Printer.page.4	完成以上步骤后，是时候将需要扫描的物品放入扫描仪中进行扫描了。只需插入USB并放入您想要扫描的书籍、画布、蓝图等。如果插入方块，它也会扫描其表面。	auto
book	Manual_Printer.page.5	成功扫描后，它会弹出可能插入的USB闪存盘以及扫描的物品。现在您可以将数据和所需的纸张/画布类型放入打印机中，让它打印您的产品。	auto
book	Manual_Printer.page.6	打印机不仅可以打印画布和书籍，还可以执行更多类型的打印任务。NEI会帮助您了解所有可能的配方。	auto
book	Manual_Punch_Cards.page.0	本手册将解释打孔卡的功能，它们还没有完全实现。不，它们不会像现实生活中的打孔卡。这只是一个当前的想法集合。	auto
book	Manual_Punch_Cards.page.1	(i1&&i2)?o1=15:o1=0;=10	review
book	Manual_Punch_Cards.page.10	如何实现循环：每个循环只需要一张打孔卡。这些卡片可以在完成后重新开始，具体取决于您插入程序循环中的其他卡片数量，因为它们会按顺序处理。	auto
book	Manual_Punch_Cards.page.11	一个打孔卡处理器可以并行运行最多四个循环，每个循环长度为七张打孔卡。	auto
book	Manual_Punch_Cards.page.12	您可能会问，为什么打孔卡需要墨水来制作？因为空白卡片需要有一些线条，并且对于打孔后的卡片，它会在卡片上以“人类”可读的格式打印要执行的代码。	auto
book	Manual_Punch_Cards.page.2	忽略所有空白字符，使用 Long 类型保存数字。	auto
book	Manual_Punch_Cards.page.3	&& || ^^ & | ^ ! ++ -- + - % / // * ** << >> >>> < > <= >= == !=  ~ ( ) ?: , ; ;= ;=X; = i0 i1 i2 i3 i4 i5 o0 o1 o2 o3 o4 o5 v0 v1 v2 v3 v4 v5 v6 v7 v8 v9 m0 m1 m2 m3 m4 m5 m6 m7 m8 m9 A B C D E F	review
book	Manual_Punch_Cards.page.4	'0' 表示 false, '非0' 表示 true, '!' 将 '0' 转换为 '1' 并将其他所有值转换为 '0'	auto
book	Manual_Punch_Cards.page.5	',' 用于分隔一行中多个连续执行的代码。	auto
book	Manual_Punch_Cards.page.6	';' 表示程序在继续之前等待下一个刻。';=10' 和 ';=10;' 都表示它将等待10个刻而不是1个。而 ';=0' 或任何小于0的值默认为0。	auto
book	Manual_Punch_Cards.page.7	如果 '=' 操作符在括号内使用，则返回被赋值的变量值。	auto
book	Manual_Punch_Cards.page.8	程序在其NBT中保存当前任务的字符索引、10个变量（程序循环结束时重置为0）、10个成员变量以及剩余的等待时间。	auto
book	Manual_Punch_Cards.page.9	A = 10, B = 11, C = 12, D = 13, E = 14, F = 15，仅为节省十六进制空间，因为红石仅有4个位。	auto
book	Manual_Random.page.0	本书包含了一些可能在某些时候有用的信息。遇到问题时请阅读它，也许能找到解决方案。	auto
book	Manual_Random.page.1	第一个提示很明显：务必总是先阅读完工具提示！工具提示通常包含了你需要的信息，但很多人懒得读完它们。它们通常包含了机器的所有数据。	auto
book	Manual_Random.page.10	如果你需要打印机的手册，只需将化学黑色染料和一本空的原版书放入其中并提供能量。它会立即打印出该手册。	auto
book	Manual_Random.page.11	浸洗盆和浸洗器可以使用液态染料给皮革盔甲和GT6方块上色。¶你可以在早期通过将矿石扔进装满水的炼药锅里来清洗矿石。另外，容量为334L及以上的GT管道可以给锅加水。	auto
book	Manual_Random.page.12	为了能够在后期自动化机器而不造成混乱，请将机器稍微分散开来。每台机器之间至少留出两个方块的空间，最好是三个！忽略可能的电力损失，这是值得的。	auto
book	Manual_Random.page.2	如果一台机器无法处理某个配方（但能处理其他配方），那么你提供的电力不足。这总是问题所在。机器的级别决定了它比正常配方多消耗多少能量。	auto
book	Manual_Random.page.3	机器的级别如下：每刻消耗16-64GU为一级¶二级：65-256¶三级：257-1024¶四级：1025-4096¶五级：4097-16192	auto
book	Manual_Random.page.4	如果你使用的机器级别高于配方的级别（参见其GU/t），它会将所需的输入GU/t乘以4并将处理时间除以2，使配方总耗能加倍。	auto
book	Manual_Random.page.5	是的，64 GU/t 仍然是第一级，你确实需要向一级机器中输入这么多！通常可以使用更高级别的电机/加热器等，在最低功率输入下获得GU/t。	auto
book	Manual_Random.page.6	GT6电力与所有使用IC² API的模组广泛兼容，如：¶IC², IC²-Classic, IC²-Addons, Railcraft, Forestry 等！	auto
book	Manual_Random.page.7	输出电压小于1024 EU/t的设备甚至可以为以下模组的非IC²机器供电：¶Galacticraft及其附加包, Applied Energistics, Immersive Engineering, OpenModularTurrets, TechGuns 甚至 GT5U！	auto
book	Manual_Random.page.8	任何类型的燃烧室都存在火灾隐患，确保周围只有防火材料！关闭这些燃烧室的唯一方法是在前面放置一个实心方块或使用灭火器。	auto
book	Manual_Random.page.9	你想搬运水或获取牛奶，但没有铁桶？尝试制作一个木桶来完成这个任务，虽然它只适用于少量种类的液体，但更便宜。	auto
book	Manual_Reactors.page.0	¶¶===================¶前言¶===================¶	auto
book	Manual_Reactors.page.1	[Transcript]¶恭喜 [输入员工的名字] 成功从核科学专业毕业!¶你已被录取到 Apature Atomics, 操作核心反应堆.	auto
book	Manual_Reactors.page.10	安全重于一切, 我需要首先向你介绍最重要的部分: 始终穿戴好防辐射服. 不要引爆核反应堆. 不要引爆核反应堆. 不要引爆核反应堆. 不要让堆芯熔毁.	auto
book	Manual_Reactors.page.100	当从另一个相邻的燃料棒再次向同一根增殖棒发射300个中子时，实际上相当于两次各发射300个中子到增殖棒上，仍然不会有中子留在增殖棒上，因为损失会应用于每次发射的中子数。	auto
book	Manual_Reactors.page.101	这意味着单个燃料棒需要有较高的中子输出，使得作为增殖反应堆运行的次临界反应堆设计变得不可行。	auto
book	Manual_Reactors.page.102	向具有500损失的增殖棒发射900个中子意味着400个中子最终会留在增殖棒上，这些中子会在每一次更新被用于转化成富集棒。	auto
book	Manual_Reactors.page.103	另一根燃料棒也向同一根增殖棒发射900个中子，即实际上两次各发射900个中子，会有800个中子在增殖棒上。	auto
book	Manual_Reactors.page.104	由于增殖棒需要紧邻一根临界的燃料棒，燃料棒便只有三个面可以放置反射棒，这意味着只有因子为1/3或更大的燃料棒才能达到超临界状态。	auto
book	Manual_Reactors.page.105	显然不能使用慢化棒，因为增殖棒不能接受来自慢化燃料棒的中子。这意味着要么需要像钚这样的高因子燃料，要么需要使用能提高因子的冷却液。	auto
book	Manual_Reactors.page.106	因此熔融金属冷却液，如熔融锡或熔融钠，最适合用于增殖反应堆，因为它们提高了内部燃料棒的因子，	auto
book	Manual_Reactors.page.107	使增殖成为可能，即使使用更常见的燃料材料如铀235，或者使更好的燃料材料同时增殖更多的增殖棒。	auto
book	Manual_Reactors.page.108	它们还有降低中子HU输出的优势，这意味着可以用较少的冷却实现更高的中子数。	auto
book	Manual_Reactors.page.109	向增殖棒发射更高的中子计数意味着更快且更高效的增殖过程，因为计算中子损失的次数更少，使得总的中子损失减少。	auto
book	Manual_Reactors.page.11	在发生堆芯熔毁的情况下，不要否认是你造成的。不要触摸运行中的反应堆。不要破坏运行中的反应堆。不要舔舐运行中的反应堆。不要让野生动物靠近反应堆。	auto
book	Manual_Reactors.page.110	¶¶===================¶钍盐反应堆设计指南¶===================¶	auto
book	Manual_Reactors.page.111	钍盐是一种非常特殊的冷却剂。事实上，它甚至不能被认为是冷却剂，因为它不会转化为携带能量的液体。	auto
book	Manual_Reactors.page.112	相反，它可以更多地被视为一种燃料本身，因为它会变成熔融氯化锂，意味着钍盐中的钍实际上作为燃料被消耗掉。	auto
book	Manual_Reactors.page.113	钍盐缓慢地耗尽为熔融氯化锂，每2,560,000个中子才会有一升钍盐转化为熔融氯化锂。	auto
book	Manual_Reactors.page.114	使用钍盐的主要优势在于它对任何内部燃料棒数值的巨大提升。	auto
book	Manual_Reactors.page.115	然而，由于无法从钍盐中提取电力（因为它不转化为携带能量的液体），你不能单独使用钍盐进行任何反应堆设计。	auto
book	Manual_Reactors.page.116	利用钍盐的反应堆设计至少需要另外一种额外的冷却剂。	auto
book	Manual_Reactors.page.117	装满钍盐的反应堆核心将容纳燃料棒，而相邻装有其他冷却剂的反应堆核心则通过中子吸收棒捕捉该反应堆发出的中子。	auto
book	Manual_Reactors.page.118	由于钍盐的主要优势在于大幅提高内部燃料棒的各种数值，它通常只在临界反应堆设计中有意义。	auto
book	Manual_Reactors.page.119	临界的钍盐反应堆是最高效的发电反应堆，但也是最难建造的之一。	auto
book	Manual_Reactors.page.12	不要吃核燃料。不要用核反应堆做饭。在出现肿瘤的情况下，也不要吃核燃料。（这是个玩笑，请勿模仿）这些应该是你需要知道的一切，现在去做实验吧，创造一些爆炸性的科学发现!	auto
book	Manual_Reactors.page.120	¶¶===================¶高级裂变反应堆¶===================¶	auto
book	Manual_Reactors.page.121	本章将为您提供一些提示和数学公式，以帮助您构建最先进和高效的反应堆。	auto
book	Manual_Reactors.page.122	计算中子发射¶===================¶当燃料棒上的中子数量较高时，它会向相邻棒发射更多的中子。	auto
book	Manual_Reactors.page.123	任何燃料棒向一个相邻棒发射的中子数量e_n可以通过以下方式计算：¶e_n = e + ((n – s) * f)	auto
book	Manual_Reactors.page.124	e_n: 发射的中子数¶e: 燃料棒的Emission值¶n: 燃料棒上的中子数¶s: 燃料棒的self值¶f: 燃料棒的因子	auto
book	Manual_Reactors.page.125	计算燃料棒的消耗速率¶===================¶燃料棒通常的消耗速率为1，因此将持续时间如工具提示所建议的那样长。	auto
book	Manual_Reactors.page.126	然而，当燃料棒上的中子数量超过中子最大值时，消耗速率会乘以这个数：¶f = 4 * n / m	auto
book	Manual_Reactors.page.127	f: 消耗速率乘数¶n: 燃料棒上的中子数¶m: 燃料棒的最大中子值	auto
book	Manual_Reactors.page.128	此外，如果燃料棒被慢化，其消耗速率还会额外乘以4。将燃料棒的剩余时间统计值除以计算出的消耗速率，即可得到实际的耗尽时间。	auto
book	Manual_Reactors.page.129	小贴士和技巧¶===================¶您可以构建使用多种冷却剂的反应堆设计。对于使用慢化棒的临界反应堆来说，控制相邻的燃料棒而非慢化棒本身来控制中子数量更为明智。机械臂允许对反应堆核心进行精确自动化。¶过滤器可用于更容易地自动化燃烧和增殖反应堆。	auto
book	Manual_Reactors.page.13	¶¶===================¶反应堆基本操作指南¶===================¶	auto
book	Manual_Reactors.page.130	在临界反应堆设计中，较高的Self值是不利的，因为它占用了最大中子数而不影响中子发射。¶在临界反应堆设计中，Emission值对效率的影响较小。	auto
book	Manual_Reactors.page.131	当试图控制大于9,999的中子数量时，将盖革计数器传感器设置为十六进制模式是有用的。在十六进制模式下，您可以比较最多65,535个中子。使用oc可以控制高达21亿的中子数。	auto
book	Manual_Reactors.page.132	Setting the geiger counter sensor to hexadecimal mode is useful when trying to control neutron counts greater than 9_999. In hexadecimal mode you can compare up to 65_535 neutrons.	review
book	Manual_Reactors.page.14	核反应堆核心（2x2）有四个反应堆棒的插槽。插入反应堆的棒只会直接与直接相邻的4个反应堆棒互动，包括在其他反应堆核心块上的相邻棒。	auto
book	Manual_Reactors.page.15	使用棒右键点击插槽可以手动将棒插入插槽。用钳子右键点击插槽会拔出插槽内的反应堆棒。	auto
book	Manual_Reactors.page.16	当反应堆块关闭时，反应堆棒可以自动插入顶部。同样，当块关闭时，可以从底部自动提取它们。	auto
book	Manual_Reactors.page.17	可以用软锤手动切换反应堆的开启或关闭。也可以用红石机器开关配合红石自动开关。当反应堆关闭时，反应堆的行为与它不包含任何棒相同。	auto
book	Manual_Reactors.page.18	各个棒也可以被切换为开启或关闭状态，以表现得如同插槽为空。这可以通过红石或手动选择器完成。	auto
book	Manual_Reactors.page.19	反应堆核心有两个内部储罐，分别可以储存64,000升冷/热冷却液。不同的冷却液对插入的反应堆棒有不同的效果。冷冷却液可以从任意一侧输入。	auto
book	Manual_Reactors.page.2	我会教你如何在尽量避免爆炸的情况下操作:¶大部分反应堆的心脏----反应堆核心.	auto
book	Manual_Reactors.page.20	热冷却液将向红色面自动输出。如果冷冷却液储罐超过半满，冷冷却液将向蓝色面自动输出。红色面可以用扳手更改，蓝色面向可以用活动扳手更改。	auto
book	Manual_Reactors.page.21	当反应堆运行时，中子会在反应堆棒上进行多种工作。	auto
book	Manual_Reactors.page.22	通常，每个中子都会直接以HU的形式输出到反应堆。中子仅持续一秒，因此每秒才会更新一次。	auto
book	Manual_Reactors.page.23	中子数可以用盖革计数器右键点击反应堆核心来手动测量。盖革计数器传感器也可以连接到反应堆核心，以测量4个反应堆棒上的中子总和。	auto
book	Manual_Reactors.page.24	传感器百分比模式的100%指的是反应堆核心内所有燃料棒的最大中子值之和。反应堆还会根据所有反应堆棒上当前中子数的最高者发出辐射。	auto
book	Manual_Reactors.page.25	强烈建议在远离任何定居点的地方建造反应堆，并穿戴辐射防护服。任何反应堆核心在没有冷却液的情况下加热都会爆炸。	auto
book	Manual_Reactors.page.26	如果在反应堆冷却液用尽后再次吸收中子热能，反应堆将会爆炸。	auto
book	Manual_Reactors.page.27	如果反应堆内没有空间容纳产生的热冷却液，反应堆将会爆炸。	auto
book	Manual_Reactors.page.28	¶¶===================¶反应堆棒指南¶===================¶	auto
book	Manual_Reactors.page.29	空反应堆棒¶===================¶什么都不会发生，也不接受中子。	auto
book	Manual_Reactors.page.3	我们的一些工程师会说所谓的核心只是一个带有四个活塞的金属盒子, 公司为它提供的算力太多了, 四根线就能控制一切.	auto
book	Manual_Reactors.page.30	燃料棒¶===================¶燃料棒向自身和相邻的反应堆棒发射中子。它们有几个基本属性，会根据棒的材料和反应堆中使用的冷却液而变化。	auto
book	Manual_Reactors.page.31	Self: 表示了棒向其自身插槽输出多少中子。¶Emission: 表示它会向每个相邻反应堆棒输出多少中子。	auto
book	Manual_Reactors.page.32	factor: 因子，表示它会向相邻反应堆棒输出多少额外的中子，输出数=因子*棒目前有的中子数。	auto
book	Manual_Reactors.page.33	更大的因子意味着每当中子棒自身中子数提高时, 额外中子输出的更多。¶Maximum: 最大中子值，表示在这个燃料棒上可以有多少中子，大于此值时它的持续时间将会更快地降低。	auto
book	Manual_Reactors.page.34	超过最大中子值时，燃料棒的持续时间以四倍以上的速度降低，降低速度随着超过最大中子值的中子数量线性增加。	auto
book	Manual_Reactors.page.35	慢化燃料棒会使相邻的活动燃料棒也变为慢化。慢化燃料棒消耗速度会快四倍，并且增殖棒不会吸收慢中子。	auto
book	Manual_Reactors.page.36	当燃料棒的剩余持续时间耗尽时，它将转换为耗尽的燃料棒。	auto
book	Manual_Reactors.page.37	耗尽的燃料棒¶===================¶在反应堆内时什么都不做。不接受中子。可以通过离心获得一些燃料和一些更高级别的裂变燃料。	auto
book	Manual_Reactors.page.38	吸收棒¶===================¶吸收棒从相邻的燃料棒接受中子。每个吸收棒上的中子会被转化为2HU而非1HU。	auto
book	Manual_Reactors.page.39	反射棒¶===================¶直接将任何放置在其上的中子返回给来源。因此它们上面永远不会2HU而非1HU	auto
book	Manual_Reactors.page.4	真有人会觉得四根破电线就能避免核毁灭? 我想他们也不希望看到满世界的核尘埃吧。因此我们的反应堆核心中，每个控制棒控制器都是有意识的。	auto
book	Manual_Reactors.page.40	慢化棒¶===================¶像反射棒一样，它们将中子直接返回给来源，但是它们返回的中子数量会乘以向它们发射中子的燃料棒的数量。	auto
book	Manual_Reactors.page.41	它们最多可以反射回四倍数量的中子。它们上面也不会有任何中子。但它同时也会慢化相邻的燃料棒，	auto
book	Manual_Reactors.page.42	使它们变为慢化状态, 即消耗速度快四倍，增殖棒不吸收慢中子。慢化燃料棒同时也会使相邻的激活燃料棒变为慢化。	auto
book	Manual_Reactors.page.43	增殖棒¶===================¶每次更新，这个棒的中子所需数量会减去棒上的中子数。如果所需中子数达到零，棒将变成富集棒。	auto
book	Manual_Reactors.page.44	增殖棒不会接受来自慢化燃料棒的中子。每次发射到此棒上的中子数会先扣除loss值，	auto
book	Manual_Reactors.page.45	即任何一个面发射到增殖棒上的中子都会损失一次loss值，而不仅仅是针对增殖棒整体的一次损失。	auto
book	Manual_Reactors.page.46	¶¶===================¶冷却剂指南¶===================¶	auto
book	Manual_Reactors.page.47	蒸馏水¶===================¶直接转化为蒸汽，不需要热交换器。消耗80 HU将1升蒸馏水转换成160升蒸汽。慢化内部的所有燃料棒。不会改变燃料棒的属性。	auto
book	Manual_Reactors.page.48	半重水¶===================¶消耗40 HU将1升半重水转换成1升热半重水。慢化任何内部的燃料棒。不会改变燃料棒的属性。	auto
book	Manual_Reactors.page.49	重水¶===================¶消耗50 HU将1升重水转换成1升热重水。慢化任何内部的燃料棒。将燃料棒的最大中子值除以8。	auto
book	Manual_Reactors.page.5	它们最好是不要爆炸，因为如果那样的话我会非常生气，并将它们流放到“反应堆棒控制器”的地狱！	auto
book	Manual_Reactors.page.50	氚化水¶===================¶消耗60 HU将1升氚化水转换成1升热氚化水。慢化任何内部的燃料棒。将燃料棒的最大中子值除以16。	auto
book	Manual_Reactors.page.51	工业冷却液¶===================¶消耗20 HU将1升工业冷却液转换成1升热工业冷却液。将燃料棒的Self值乘以4。	auto
book	Manual_Reactors.page.52	将燃料棒的Emit值乘以4，Factor统计值乘以2。将燃料棒因子的分母减1。	auto
book	Manual_Reactors.page.53	二氧化碳¶===================¶消耗20 HU将1升二氧化碳转换成1升热二氧化碳。将燃料棒的Self值乘以3。	auto
book	Manual_Reactors.page.54	氦气¶===================¶消耗30 HU将1升氦气转换成1升热氦气。将燃料棒的发射统计值除以2。	auto
book	Manual_Reactors.page.55	熔融氯化锂¶===================¶消耗15 HU将1升熔融氯化锂转换成1升热熔融氯化锂。将燃料棒的Self值乘以5，发射统计值除以2。增加25%的燃料棒最大中子值。	auto
book	Manual_Reactors.page.56	熔融锡¶===================¶消耗40 HU将1升熔融锡转换成1升热熔融锡。中子只转换为三分之一的HU。将燃料棒因子的分母减1。	auto
book	Manual_Reactors.page.57	熔融钠¶===================¶消耗30 HU将1升熔融钠转换成1升热熔融钠。中子只转换为六分之一的HU。将燃料棒因子的分母减1。	auto
book	Manual_Reactors.page.58	熔融钍盐¶===================¶消耗2,560,000 HU将1升熔融钍盐转换成1升熔融氯化锂。将燃料棒的Self值设为0，Emit值除以2。将燃料棒的最大中子值除以4。	auto
book	Manual_Reactors.page.59	¶¶===================¶稳定反应堆设计指南¶===================¶	auto
book	Manual_Reactors.page.6	我们是这样告诉它们的，但显然这样的地方并不存在，我们没有钱去资助每一个愚蠢的控制器。相反，它们会被送到机器人地狱，在那里被永恒地焚烧和重建，而我们可以收集有用的数据。	auto
book	Manual_Reactors.page.60	稳定的核裂变反应堆，通常也被称为次临界反应堆，是一种没有临界燃料棒的裂变反应堆设计。这意味着在反应堆运行时，中子数量以及因此产生的热量输出不会持续增加。	auto
book	Manual_Reactors.page.61	稳定反应堆的优点是：¶- 不需要外部控制¶- 稳定的中子/HU输出¶- 提高安全性¶- 设计简单¶- 可使用任何核燃料	auto
book	Manual_Reactors.page.62	稳定反应堆的缺点是：¶- 燃料效率不高¶- 仅适用于发电反应堆¶- 通常比类似的临界反应堆更大	auto
book	Manual_Reactors.page.63	当反射回燃料棒的中子数量乘以棒的因子大于或等于燃料棒的发射量时，可以认为一根反应堆棒处于超临界状态。	auto
book	Manual_Reactors.page.64	这意味着如果周围的反射棒数量乘以因子大于或等于1，则该棒是超临界的。所以一个因子为1/3的燃料棒需要至少3个相邻的反射棒才能达到临界。	auto
book	Manual_Reactors.page.65	因此建议在稳定反应堆中使用工业冷却液作为冷却剂。工业冷却液减少了燃料棒的因子，使得没有任何燃料棒可以在没有慢化棒的情况下达到临界。	auto
book	Manual_Reactors.page.66	它还增加了Self值和Emit值，在稳定反应堆中这是非常有利的，因为它中子更多，从而提高效率。	auto
book	Manual_Reactors.page.67	通常遵循以下四个规则可以使您的稳定反应堆达到最佳效率：¶如果使用的燃料因子小于1/8，用吸收棒包围燃料棒可以获得最大的HU输出。	auto
book	Manual_Reactors.page.68	如果使用的燃料因子为1/8，用吸收棒、反射棒或其他燃料棒包围燃料棒都会产生相同的HU输出。	auto
book	Manual_Reactors.page.69	如果使用的燃料因子大于1/8，用反射棒或其他燃料棒包围燃料棒可以获得最大的HU输出。	auto
book	Manual_Reactors.page.7	但是它们根本不会自动插入拔出反应堆控制棒，使得反应堆绝对安全，但也相当无用，所以我们覆盖了它们对控制棒的控制权，改为由四根电线控制。	auto
book	Manual_Reactors.page.70	不要在稳定反应堆中使用基于水的冷却液或慢化棒，因为它们会大大减少燃料棒的持续时间，因此降低效率，而在稳定反应堆设计中并无实际益处。	auto
book	Manual_Reactors.page.71	¶¶===================¶超临界反应堆设计指南¶===================¶	auto
book	Manual_Reactors.page.72	临界核裂变反应堆，通常也被称为超临界反应堆，是一种拥有临界燃料棒的裂变反应堆设计。这意味着在反应堆运行时，中子数量以及因此产生的热量输出会持续增加。	auto
book	Manual_Reactors.page.73	超临界反应堆的优点是：¶- 更高的效率¶- 完全可配置的中子输出¶- 通常比类似的稳定反应堆更小¶- 可以作为燃烧或增殖反应堆工作	auto
book	Manual_Reactors.page.74	超临界反应堆的缺点是：¶- 需要外部控制¶- HU输出不断波动¶- 设计难度更大¶- 安全性降低¶- 需要更高因子的燃料	auto
book	Manual_Reactors.page.75	当反射回燃料棒的中子数量乘以棒的因子大于或等于燃料棒的发射量时，可以认为一根反应堆棒处于超临界状态。	auto
book	Manual_Reactors.page.76	这意味着如果周围的反射棒数量乘以因子大于或等于1，则该棒是超临界的。所以一个因子为1/3的燃料棒需要至少3个相邻的反射棒才能达到临界。	auto
book	Manual_Reactors.page.77	由于燃料棒上的中子数量将无限期地增加，您需要控制反应，以确保不会输出超过处理能力的功率。	auto
book	Manual_Reactors.page.78	盖革计数器传感器允许在与红石机器开关或选择器结合使用时自动实现这种控制。	auto
book	Manual_Reactors.page.79	当中子数量过高时，您需要关闭一根反应堆棒，使燃料棒再次变为次临界，从而使中子数量减少。	auto
book	Manual_Reactors.page.8	任何你可能听说过的1x1反应堆核心都只是传闻，我们当然永远不会建造这样的东西，因为很明显，如果没有其他三个来陪伴它，控制棒控制器会发疯。	auto
book	Manual_Reactors.page.80	为了获得最大的效率，您需要使燃料棒上的中子数量始终低于该燃料棒的最大中子值，同时尽可能接近它。	auto
book	Manual_Reactors.page.81	您还需要在关闭反应堆时中子数量尽可能少地减少，以保持HU输出相对平稳。	auto
book	Manual_Reactors.page.82	因此，您需要一种因子至少为1/4的燃料，以便能够在不使用慢化棒的情况下建造临界反应堆。	auto
book	Manual_Reactors.page.83	最容易获取的满足这一条件的燃料是铀235。您可以通过加工铀矿石来获得它。当使用慢化棒时，燃料的因子可以低至1/16，因此使用铀238也成为可能。	auto
book	Manual_Reactors.page.84	¶¶===================¶燃烧反应堆设计指南¶===================¶	auto
book	Manual_Reactors.page.85	燃烧反应堆是一种核裂变设计类型，目的是尽可能快地消耗燃料棒，从而允许对耗尽的燃料棒进行处理，以获得更好的核燃料材料。	auto
book	Manual_Reactors.page.86	有两种显著加快燃料棒消耗的方法：¶- 慢化燃料棒¶- 在最大中子值之上运行	auto
book	Manual_Reactors.page.87	燃料棒可以通过将其放置在用蒸馏水、半重水、重水或氚化水冷却的反应堆中，或者放在慢化棒或已经慢化的燃料棒旁边来慢化。当被慢化时，燃料棒的消耗速度会快四倍。	auto
book	Manual_Reactors.page.88	当燃料棒上的中子数量大于燃料棒的最大中子值时，它也会快四倍的速度消耗，与慢化效果叠加后可达16倍速。	auto
book	Manual_Reactors.page.89	超出最大中子值越多，燃料棒消耗得越快；当中子数量是最大中子值的两倍时，消耗速度将再次翻倍，与慢化效果叠加后可达32倍速。	auto
book	Manual_Reactors.page.9	在你不太可能遇到这样一个核心的情况下，这不会发生，如果它们存在的话，我们已经把它们送到了机器人地狱，在那里它们会处于不断的痛苦之中，但这不会发生，因为它们并不存在。	auto
book	Manual_Reactors.page.90	因此，当中子数量是最大中子值的17倍时，燃料棒的消耗速度将是17倍再乘以4（因为超过了最大中子值），即68倍速；如果棒被慢化，则是272倍速，相比未慢化且中子数量低于最大中子值的情况。	auto
book	Manual_Reactors.page.91	so 68 times faster, times 4 if the rod is moderated, so 272 times faster than an unmoderated rod with neutron counts below the neutron maximum.	review
book	Manual_Reactors.page.92	除了大幅增加燃料棒上的中子数量外，还可以通过降低最大中子值来利用这一效应。	auto
book	Manual_Reactors.page.93	这可以通过使用重水或氚化水轻松完成，它们分别将最大中子值降低8倍和16倍，并且因为它们是水基的，所以也能慢化所有燃料棒。	auto
book	Manual_Reactors.page.94	为了实现极高的中子数量，建议采用超临界反应堆设计，尽管也可以将燃烧反应堆作为稳定设计来运行。	auto
book	Manual_Reactors.page.95	钴60虽然作为反应堆燃料本身几乎无用，但很容易燃烧成钍，后者更为有用。	auto
book	Manual_Reactors.page.96	¶¶===================¶增殖反应堆设计指南¶===================¶	auto
book	Manual_Reactors.page.97	增殖反应堆的目标是将增殖棒转化为富集棒。它们允许从较为丰富但质量较低的燃料，如钍和铀238，中获得更优质的核燃料。	auto
book	Manual_Reactors.page.98	然而，尽管与燃烧反应堆类似，它们构建起来要困难得多，需要非慢化的临界反应堆设计。增殖棒有一个损失值，表示从吸收的中子中减去多少。	auto
book	Manual_Reactors.page.99	所以当您有一个损失为500的增殖棒，并尝试从一个相邻的燃料棒向其发射300个中子时，增殖棒不会接收到任何中子，这意味着增殖过程不会进行。	auto
book	Manual_Smeltery.page.0	This is the Manual of the Smelting Crucible and related Objects. It will explain how to use the Smelting Crucible and the Molds properly, so that you can start smelting things which cannot me molten inside a regular Furnace.	review
book	Manual_Smeltery.page.1	If you need to know how heavy an Object is or what Materials it consists out of, just use the good old vanilla F3+H Method to enable advanced Tooltips, so you can see the most relevant Data about the Object.	review
book	Manual_Smeltery.page.10	Step 4: Smelting¶===================¶Unless your Heat Source has some kind of Temperature regulation, you may need to shut it off once the Temperature reaches the Melting Point or else you will vaporate the Metals or worse.	review
book	Manual_Smeltery.page.11	Step 5: Shaping¶===================¶Now just click the Side of the top of the Mold where the Crucible is next to, in order to fill it with its Metals. Warning: The Mold itself can melt too if it is made of the wrong Material.	review
book	Manual_Smeltery.page.12	Step 5: Shaping¶===================¶Wait for the Metal to cool down, but note that you should not touch or take out the Metal while it is hot or else you will burn yourself unless you wear a Hazmat Suit or something.	review
book	Manual_Smeltery.page.13	Mold Shapes¶===================¶The following is a List of Shapes you can chisel the Mold into. The position of the Shape on the Mold is NOT important, you can rotate and mirror it too¶X = Chiseled¶O = Not Chiseled	review
book	Manual_Smeltery.page.14	Ingot¶===================¶XXXOO¶XXXOO¶XXXOO¶XXXOO¶XXXOO¶===================¶1.000 Units required	review
book	Manual_Smeltery.page.15	Chunk¶===================¶XXOOO¶XXOOO¶OOOOO¶OOOOO¶OOOOO¶===================¶0.250 Units required	review
book	Manual_Smeltery.page.16	Plate¶===================¶XXXXX¶XXXXX¶XXXXX¶XXXXX¶XXXXX¶===================¶1.000 Units required	review
book	Manual_Smeltery.page.17	Tiny Plate¶===================¶OOOOO¶OXXXO¶OXXXO¶OXXXO¶OOOOO¶===================¶0.111 Units required	review
book	Manual_Smeltery.page.18	Bolt¶===================¶XXOOO¶OOOOO¶OOOOO¶OOOOO¶OOOOO¶===================¶0.125 Units required	review
book	Manual_Smeltery.page.19	Rod¶===================¶OOOOO¶OOOOO¶XXXXX¶OOOOO¶OOOOO¶===================¶0.500 Units required	review
book	Manual_Smeltery.page.2	Step 1: Heat Source¶===================¶You need a Heat Source in order to heat up your Crucible to the desired Temperature. Possible Heat Sources may include Burning Boxes, Electric Heaters, Laser Heaters and Arc Heaters.	review
book	Manual_Smeltery.page.20	Long Rod¶===================¶XOOOO¶OXOOO¶OOXOO¶OOOXO¶OOOOX¶===================¶1.000 Units required	review
book	Manual_Smeltery.page.21	Item Casing¶===================¶XXXOX¶XXXOX¶XXXOX¶OOOOX¶XXXOO¶===================¶0.500 Units required	review
book	Manual_Smeltery.page.22	Ring¶===================¶OOOOO¶OXXXO¶OXOXO¶OXXXO¶OOOOO¶===================¶0.250 Units required	review
book	Manual_Smeltery.page.23	Gear¶===================¶XOXOX¶OXXXO¶XXOXX¶OXXXO¶XOXOX¶===================¶4.000 Units required	review
book	Manual_Smeltery.page.24	Small Gear¶===================¶OXOXO¶XXXXX¶OXOXO¶XXXXX¶OXOXO¶===================¶1.000 Units required	review
book	Manual_Smeltery.page.25	Sword¶===================¶OOXOO¶OXXXO¶OXXXO¶OXXXO¶OXXXO¶===================¶2.000 Units required	review
book	Manual_Smeltery.page.26	Pickaxe¶===================¶OOOOO¶OXXXO¶XOOOX¶OOOOO¶OOOOO¶===================¶3.000 Units required	review
book	Manual_Smeltery.page.27	Spade¶===================¶OXXXO¶OXXXO¶OXXXO¶OXOXO¶OOOOO¶===================¶1.000 Units required	review
book	Manual_Smeltery.page.28	Shovel¶===================¶OOXOO¶OXXXO¶OXXXO¶OXXXO¶OOOOO¶===================¶1.000 Units required	review
book	Manual_Smeltery.page.29	Universal Spade¶===================¶OOXOO¶OXXXO¶OXXOO¶OXXXO¶OOOOO¶===================¶1.000 Units required	review
book	Manual_Smeltery.page.3	Optional: Air Source¶===================¶In case you have to supply Air for the Crucible (for Steel), you need to point an Engine into it, which will act as a Fan. For Multiblock Crucibles the Engine has to be at the Bottom Row.	review
book	Manual_Smeltery.page.30	Axe¶===================¶OOOOO¶OXXXO¶OXXXO¶OXOOO¶OOOOO¶===================¶3.000 Units required	review
book	Manual_Smeltery.page.31	Double Axe¶===================¶OOOOO¶XXXXX¶XXXXX¶XOOOX¶OOOOO¶===================¶5.000 Units required	review
book	Manual_Smeltery.page.32	Saw¶===================¶OOOOO¶XXXXX¶XXXXX¶OOOOO¶OOOOO¶===================¶2.000 Units required	review
book	Manual_Smeltery.page.33	Hammer¶===================¶XXXOO¶XXXOO¶XOXOO¶XXXOO¶XXXOO¶===================¶6.000 Units required	review
book	Manual_Smeltery.page.34	File¶===================¶OXXXO¶OXXXO¶OXXXO¶OOXOO¶OOXOO¶===================¶1.500 Units required	review
book	Manual_Smeltery.page.35	Screwdriver¶===================¶OOOOO¶OOXOO¶OOXOO¶OOXOO¶OOXOO¶===================¶1.000 Units required	review
book	Manual_Smeltery.page.36	Chisel¶===================¶OXXXO¶OOXOO¶OOXOO¶OOXOO¶OOXOO¶===================¶1.500 Units required	review
book	Manual_Smeltery.page.37	Arrow¶===================¶OOOOO¶OOXOO¶OOXOO¶OXXXO¶OOOOO¶===================¶0.125 Units required	review
book	Manual_Smeltery.page.38	Hoe¶===================¶OOOOO¶OOXXO¶OXXXO¶OOOOO¶OOOOO¶===================¶2.000 Units required	review
book	Manual_Smeltery.page.39	Sense/Scythe¶===================¶OOOOO¶OXXXX¶XXXXX¶OOOOO¶OOOOO¶===================¶3.000 Units required	review
book	Manual_Smeltery.page.4	Step 2: Crucible¶===================¶The choice of Crucible Material is very important. The Crucible can melt too at a certain Temperature, which is usually higher than the actual Melting Point of the Crucible itself.	review
book	Manual_Smeltery.page.40	Plow¶===================¶XXXXX¶XXXXX¶XXXXX¶XXXXX¶OOXOO¶===================¶4.000 Units required	review
book	Manual_Smeltery.page.41	Builder's Wand¶===================¶OOXOO¶XXXXX¶OXXXO¶OXOXO¶OOOOO¶===================¶1.000 Units required	review
book	Manual_Smeltery.page.5	Step 2: Crucible¶===================¶Now place the Crucible of your choice at the Output Facing of the Heat Source. The Burning Box for example only emits to its Top Side, so you need to place the Crucible above it.	review
book	Manual_Smeltery.page.6	Step 3: The Molds¶===================¶You probably want to cast the molten Metal into a Shape, so you need to place a Mold horizontally adjacent to the Crucible. As you may have noticed the Mold itself doesn't have a Shape.	review
book	Manual_Smeltery.page.7	Step 3: The Molds¶===================¶This is why you need a Chisel in order to chisel the proper Shape into the Mold by using it in World. The most important Shapes are Listed in the last Pages of this Book.	review
book	Manual_Smeltery.page.8	Step 3: The Molds¶===================¶If you somehow fail to put a correct Shape into the Mold, the End Result will be as many Nuggets as you have chiseled out places.	review
book	Manual_Smeltery.page.9	Step 4: Smelting¶===================¶Now we get to smelting. Just throw the things you want to smelt into the Crucible, or use a Hopper above the Crucible to fill it. And turn up the Heat until you reach the melting Point.	review
book	Manual_Steam.page.0	This Manual is about the proper operation of a Boiler, in order to not blow yourself up. And yes there are many people who get blown up by improper operation of a Boiler.	review
book	Manual_Steam.page.1	First of all you need to make sure that the Boiler you use fits the Burning Box you place below. The Tooltips will hint you the proper values you can use. The Boiler itself does accept heat from all directions, not just the Bottom.	review
book	Manual_Steam.page.2	Then you need to fill the Boiler with Water on the Sides, so that you can generate Steam with it. Placing a Funnel on it and rightclicking that Funnel with a Water Bucket works for filling aswell.	review
book	Manual_Steam.page.3	But if you use regular Water instead of distilled Water, then you will end up with calcification and a constant decrease of Steam-Creation-Efficiency. No risk of explosion due to that though, since it just makes less Steam per Water.	review
book	Manual_Steam.page.4	Inserting Water into an empty hot Boiler, it will rapidly increase the Pressure maybe causing it to explode, depending on how much heat and water you insert at once.	review
book	Manual_Steam.page.5	If a Boiler stores too much Heat without being able to convert Water into Steam, then it will simply melt and break, leaving you with a giant mess.	review
book	Manual_Steam.page.6	Steam Turbines and Engines emit distilled Water to their Sides, which makes it possible to simply cycle the distilled Water back into the Boiler for having less calcification going on.	review
book	Manual_Steam.page.7	The Boilers have a Barometer on their Front, their ideal State is if the Line is inside the dark green Area, so in the middle of the Barometer itself. The closer it is to the red Area, the closer it is to exploding.	review
book	Manual_Steam.page.8	Steam Engines work best if they are in green Mode, if they are too blue then they have not enough Steam (look for Boiler Calcification if it happens after a while of running normally).	review
book	Manual_Steam.page.9	If the Engines are too Red then they will release the Steam and stop running (no Explosions, just a waste of Steam and a fizzing noise).	review
book	Manual_Tools.page.0	This Manual is about common and uncommon Tools and how to use them. It contains a List of every normal Tool that you might not know the true purpose of.	review
book	Manual_Tools.page.1	Swords¶===================¶It's a Sword, it deals Damage and cuts things. It can harvest Leaves, Webs and Wool Blocks.	review
book	Manual_Tools.page.10	Pickaxes¶===================¶Mines Blocks like a normal Pickaxe usually does.	review
book	Manual_Tools.page.11	Construction Picks¶===================¶It mines man-made Blocks much faster, but is slow on Natural Rocks.	review
book	Manual_Tools.page.12	Gem tipped Pickaxes¶===================¶In an exchange for a lot of Durability, you can put flawed Gems onto your Raw Steel Pickaxe Head, to give it the Quality of a Gem Tool. Amber, Sapphires and Diamonds are best for this.	review
book	Manual_Tools.page.13	JackHammers¶===================¶This thing mines Blocks and crushes them like a Hammer at an insane Speed. Not much to say about it.	review
book	Manual_Tools.page.14	Mining Drills¶===================¶It can mine and shovel things at once and is the perfect universal mining Tool.	review
book	Manual_Tools.page.15	Shovels¶===================¶Mines Blocks like a normal Shovel usually does.	review
book	Manual_Tools.page.16	Spades¶===================¶A Spade has conditional Silk-Touch for certain Blocks, such as Dirt, Grass, Mycelium, Clay, Mud, Snow and Podzol, but it is slower than a normal Shovel and doesn't work on Sand.	review
book	Manual_Tools.page.17	Plows¶===================¶The Plow harvests a 3x3x3 Area of Snow Layers and similar Blocks at once.	review
book	Manual_Tools.page.18	Universal Spades¶===================¶Shovel, Saw, Sword and Crowbar at once. Very versatile, but that goes at the cost of Durability and Speed.	review
book	Manual_Tools.page.19	Hammers¶===================¶Crushing Blocks and Smithery are the most common usages of this Tool. It doesn't do much else, but it can be used in Combat.	review
book	Manual_Tools.page.2	Knifes¶===================¶They cut Food, Sticks, Rubber, Saplings into Sticks, Bark of a Tree, and similar things and are a somewhat usable early weapon. It can harvest all the things a Sword can harvest too.	review
book	Manual_Tools.page.20	Soft Hammers¶===================¶These Hammers are mainly used to turn Machines ON and OFF. They can even turn Redstone Lamps and certain Rails ON without having to have a Redstone Signal close to them.	review
book	Manual_Tools.page.21	Wrenches¶===================¶Adjusts the primary Facing of most Machines, sometimes it can be used to toggle Modes aswell.	review
book	Manual_Tools.page.22	Monkey Wrenches¶===================¶Adjusts the secondary Facing of most Machines, often it can be used to toggle Modes aswell.	review
book	Manual_Tools.page.23	Electric Wrenches¶===================¶They are a combination of the normal Wrench and the Monkey Wrench and can easily switch between them via Modes. Sneak Rightclick on a non-wrenchable Block to switch.	review
book	Manual_Tools.page.24	Files¶===================¶Sharpens things and can comically harvest Iron Bars way faster than anything else.	review
book	Manual_Tools.page.25	Chisels¶===================¶Can put Molds into Shape and change the looks of some Stones.	review
book	Manual_Tools.page.26	Bending Cylinders¶===================¶Turns Plates into Curved Plates and is used for similar Metal Working procedures	review
book	Manual_Tools.page.27	Crowbars¶===================¶Opens Crates and can be used on Rails and Minecarts	review
book	Manual_Tools.page.28	Pincers¶===================¶Used to pick up hot things from Molds and Basins, so you don't have to wait for them to cool down before picking them up.	review
book	Manual_Tools.page.29	Plungers¶===================¶Empties Pipes and Fluid Tanks by either voiding the Fluid or dropping the ItemStack that is stuck in them. Works on Thaumic Conduits aswell.	review
book	Manual_Tools.page.3	Butchery Knifes¶===================¶Has a Looting Modifier on it per Default, but has a slow swing and low Damage.	review
book	Manual_Tools.page.30	Scoops¶===================¶Catches Butterflies, Bees and Bumblebees, also needed to harvest Bumble Hives and Bee Hives.	review
book	Manual_Tools.page.31	Hoes¶===================¶They till the ground, what do you expect? I'm not gonna explain vanilla Tools in great detail.	review
book	Manual_Tools.page.32	Branch Cutters¶Trimmers¶===================¶Cuts Saplings out of Leaves with high precision, like a Grafter.	review
book	Manual_Tools.page.33	Senses¶===================¶Harvests a 3x3x3 Area of Crops, Flowers and Tall Grass.	review
book	Manual_Tools.page.34	Rolling Pins¶===================¶Flattens Dough and Clay for cooking and crafting purposes.	review
book	Manual_Tools.page.35	Scissors¶===================¶Can cut Tripwires on Rightclick, shear Sheep and harvest Wool-ish/Cloth-ish Blocks.	review
book	Manual_Tools.page.36	Screwdrivers¶===================¶Drives Screws and such. The most common usage is adjusting Modes on Blocks and Covers. They can rotate Comparators and Repeaters.	review
book	Manual_Tools.page.37	Wire Cutters¶===================¶They harvest Wires. Another usage is to adjust Wires and in some cases Covers aswell.	review
book	Manual_Tools.page.38	Hand Mixers¶===================¶These are just so you don't consume your Hunger Bar when operating the Mixing Bowl.	review
book	Manual_Tools.page.39	Hand Drills¶===================¶Those Drill Holes in Surfaces. If you have Dynamite Sticks or Iron/Steel Rods with you, you can stick the Dynamite into Walls or reinforce Bricks and Concrete.	review
book	Manual_Tools.page.4	Clubs¶===================¶Sometimes kindof expensive, but it works like a Hammer and deals lots of Damage, while having a larger cooldown time after a hit. It can break Rocky Blocks, but it will crush them.	review
book	Manual_Tools.page.40	Flint and Tinder¶===================¶Sets things on Fire and can light anything that requires ignition. But it might take a few tries to do so.	review
book	Manual_Tools.page.41	Magnifying Glasses¶===================¶With this you can look at the Details of a LOT of things in GregTech, just put a Lens of any kind on a Stick and you are good to go for a long time.	review
book	Manual_Tools.page.42	Pocket Multitool¶===================¶A Multi-Tool that can be switched to the most common purposes. See it as a Swiss Army Knife.	review
book	Manual_Tools.page.5	Axes¶===================¶Good in chopping down Trees, bad in chopping down Planks or other wooden things.	review
book	Manual_Tools.page.6	Double Axes¶===================¶Still good for chopping on Trees, but also very effective as a Weapon and has 50% more Durability than the normal Axe, while requiring 66.666% more Material to create.	review
book	Manual_Tools.page.7	Saws¶===================¶Bad for chopping Trees, but can easily cut wooden things like Planks.	review
book	Manual_Tools.page.8	Chainsaws¶===================¶Good for pretty much all purposes, can chop Trees, saw Planks and is a very nice Weapon. It can specifically be used to spam click Creepers to death easily.	review
book	Manual_Tools.page.9	Buzzsaws¶===================¶This Type of Saw is dedicated to Hand Crafting and cannot harvest any Blocks. It is cheaper to use this than a Chainsaw for crafting purposes.	review
